X,ScientificName,latitude,longitude,GRA,MAC,MCC,RMM,SAG,SCR
9776,LAK,-44.64841042,169.880918,0,0,0,0,0,0
9777,LAK,-44.86101704,169.1993775,0,0,0,0,0,0
9778,LAK,-45.44516625,168.3123033,0,0,0,0,0,0
9779,LAK,-45.34120389,168.1748725,0,0,0,0,0,0
9780,LAK,-44.32823312,169.5947587,0,0,0,0,0,0
9781,LAK,-44.16988124,169.9068651,0,0,0,0,0,0
9782,LAK,-44.44230857,169.6254006,0,0,0,0,0,0
9783,LAK,-44.48313687,170.1265496,0,0,0,0,0,0
9784,LAK,-44.3092331,170.2434975,0,0,0,0,0,0
9785,LAK,-44.16896703,170.1234112,0,0,0,0,0,0
9786,LAK,-44.18395554,170.2268477,0,0,0,0,0,0
9787,LAK,-44.30747331,170.2684065,0,0,0,0,0,0
9788,LAK,-44.31396254,170.211096,0,0,0,0,0,0
9789,LAK,-44.18756236,170.0729657,0,0,0,0,0,0
9790,LAK,-44.58777178,169.0004566,0,0,0,0,0,0
9791,LAK,-44.38335802,170.0550793,0,0,0,0,0,0
9792,LAK,-44.37152066,170.1038362,0,0,0,0,0,0
9793,LAK,-45.02685098,168.9439817,0,0,0,0,0,0
9794,LAK,-44.90779129,168.979688,0,0,0,0,0,0
12311,Oligosoma maccanni,-44.58290915,169.6678013,0,0,1,0,0,0
12312,Oligosoma maccanni,-45.13643856,169.2623289,0,0,1,0,0,0
12313,Oligosoma maccanni,-43.72424401,172.6281601,0,0,1,0,0,0
12314,Oligosoma maccanni,-45.75043413,170.0765078,0,0,1,0,0,0
12315,Oligosoma maccanni,-46.31582567,169.3822225,0,0,1,0,0,0
12316,Oligosoma maccanni,-44.68366532,169.2437026,0,0,1,0,0,0
12317,Oligosoma maccanni,-45.53892501,167.7308819,0,0,1,0,0,0
12318,Oligosoma maccanni,-45.15558813,169.3358889,0,0,1,0,0,0
12319,Oligosoma maccanni,-45.32387175,169.502289,0,0,1,0,0,0
12320,Oligosoma maccanni,-45.25957594,169.7492636,0,0,1,0,0,0
12321,Oligosoma maccanni,-45.13964123,168.2920866,0,0,1,0,0,0
12322,Oligosoma maccanni,-45.10873293,168.9324966,0,0,1,0,0,0
12323,Oligosoma maccanni,-45.6326478,170.1147469,0,0,1,0,0,0
12324,Oligosoma maccanni,-45.09810054,169.6002258,0,0,1,0,0,0
12325,Oligosoma maccanni,-45.33679314,170.2107194,0,0,1,0,0,0
12326,Oligosoma maccanni,-44.69575935,169.2896396,0,0,1,0,0,0
12327,Oligosoma maccanni,-45.54929187,169.8668275,0,0,1,0,0,0
12328,Oligosoma maccanni,-45.62874962,169.9988002,0,0,1,0,0,0
12329,Oligosoma maccanni,-45.30169751,170.6166579,0,0,1,0,0,0
12330,Oligosoma maccanni,-45.53845947,170.6120862,0,0,1,0,0,0
12331,Oligosoma maccanni,-45.35007747,170.2088488,0,0,1,0,0,0
12332,Oligosoma maccanni,-45.05625063,170.2486542,0,0,1,0,0,0
12333,Oligosoma maccanni,-45.40654458,170.2218618,0,0,1,0,0,0
12334,Oligosoma maccanni,-44.57228779,170.0514252,0,0,1,0,0,0
12335,Oligosoma maccanni,-45.60330096,170.6200292,0,0,1,0,0,0
12336,Oligosoma maccanni,-45.04556832,170.0702854,0,0,1,0,0,0
12337,Oligosoma maccanni,-44.96014385,171.122588,0,0,1,0,0,0
12338,Oligosoma maccanni,-45.26039069,169.6412403,0,0,1,0,0,0
12339,Oligosoma maccanni,-44.06927724,170.4954831,0,0,1,0,0,0
12340,Oligosoma maccanni,-43.65514388,172.690445,0,0,1,0,0,0
12341,Oligosoma maccanni,-45.33081786,169.2670443,0,0,1,0,0,0
12342,Oligosoma maccanni,-45.40193595,170.1801836,0,0,1,0,0,0
12343,Oligosoma maccanni,-44.9909941,169.2140571,0,0,1,0,0,0
12344,Oligosoma maccanni,-45.00941258,169.1272571,0,0,1,0,0,0
12345,Oligosoma maccanni,-44.95135438,169.1101863,0,0,1,0,0,0
12346,Oligosoma maccanni,-44.64832432,169.3157497,0,0,1,0,0,0
12347,Oligosoma maccanni,-45.84535451,168.4530382,0,0,1,0,0,0
12348,Oligosoma maccanni,-45.65125377,170.0833654,0,0,1,0,0,0
12349,Oligosoma maccanni,-45.43344849,170.0675427,0,0,1,0,0,0
12350,Oligosoma maccanni,-43.92066929,172.7725799,0,0,1,0,0,0
12351,Oligosoma maccanni,-45.4634717,169.9774268,0,0,1,0,0,0
12352,Oligosoma maccanni,-43.89240667,170.4824934,0,0,1,0,0,0
12353,Oligosoma maccanni,-45.0484627,168.6815106,0,0,1,0,0,0
12354,Oligosoma maccanni,-45.72328929,170.5704719,0,0,1,0,0,0
12355,Oligosoma maccanni,-45.47284824,169.622825,0,0,1,0,0,0
12356,Oligosoma maccanni,-45.17277536,168.6845398,0,0,1,0,0,0
12357,Oligosoma maccanni,-45.43733488,170.4391292,0,0,1,0,0,0
12358,Oligosoma maccanni,-45.07920564,168.6917296,0,0,1,0,0,0
12359,Oligosoma maccanni,-45.08675109,168.7996986,0,0,1,0,0,0
12360,Oligosoma maccanni,-44.53977147,169.913695,0,0,1,0,0,0
12361,Oligosoma maccanni,-44.49085264,169.9457731,0,0,1,0,0,0
12362,Oligosoma maccanni,-45.63038873,169.9160326,0,0,1,0,0,0
12363,Oligosoma maccanni,-45.60578353,170.3705243,0,0,1,0,0,0
12364,Oligosoma maccanni,-44.19700028,169.9231244,0,0,1,0,0,0
12365,Oligosoma maccanni,-43.99576416,170.1107351,0,0,1,0,0,0
12366,Oligosoma maccanni,-44.02050283,170.5669089,0,0,1,0,0,0
12367,Oligosoma maccanni,-45.62982774,170.3684685,0,0,1,0,0,0
12368,Oligosoma maccanni,-45.68238838,170.3287497,0,0,1,0,0,0
12369,Oligosoma maccanni,-45.66365687,170.3577779,0,0,1,0,0,0
12370,Oligosoma maccanni,-45.59458149,170.3909279,0,0,1,0,0,0
12371,Oligosoma maccanni,-45.34069049,168.5342105,0,0,1,0,0,0
12372,Oligosoma maccanni,-45.03781592,170.2200033,0,0,1,0,0,0
12373,Oligosoma maccanni,-44.96418221,170.0713083,0,0,1,0,0,0
12374,Oligosoma maccanni,-44.96323354,170.1510355,0,0,1,0,0,0
12375,Oligosoma maccanni,-44.95822708,170.2865312,0,0,1,0,0,0
12376,Oligosoma maccanni,-45.01931447,169.9973084,0,0,1,0,0,0
12377,Oligosoma maccanni,-45.53404801,169.3413823,0,0,1,0,0,0
12378,Oligosoma maccanni,-45.36383993,169.3745747,0,0,1,0,0,0
12379,Oligosoma maccanni,-45.19158314,169.3343022,0,0,1,0,0,0
12380,Oligosoma maccanni,-45.23271672,169.3852698,0,0,1,0,0,0
12381,Oligosoma maccanni,-45.22989446,169.3593354,0,0,1,0,0,0
12382,Oligosoma maccanni,-45.31786806,169.5238159,0,0,1,0,0,0
12383,Oligosoma maccanni,-45.30833056,169.4435942,0,0,1,0,0,0
12384,Oligosoma maccanni,-45.00399174,169.7869291,0,0,1,0,0,0
12385,Oligosoma maccanni,-45.01286609,169.9252482,0,0,1,0,0,0
12386,Oligosoma maccanni,-45.01810709,169.5194872,0,0,1,0,0,0
12387,Oligosoma maccanni,-44.93042838,169.7805598,0,0,1,0,0,0
12388,Oligosoma maccanni,-45.14911765,169.6723942,0,0,1,0,0,0
12389,Oligosoma maccanni,-44.9529587,169.9790702,0,0,1,0,0,0
12390,Oligosoma maccanni,-45.08065583,169.9353435,0,0,1,0,0,0
12391,Oligosoma maccanni,-45.05603552,168.7392491,0,0,1,0,0,0
12392,Oligosoma maccanni,-44.91736524,169.8456599,0,0,1,0,0,0
12393,Oligosoma maccanni,-45.09137958,169.9115558,0,0,1,0,0,0
12394,Oligosoma maccanni,-45.22145885,169.5477187,0,0,1,0,0,0
12395,Oligosoma maccanni,-44.90950017,169.8661832,0,0,1,0,0,0
12396,Oligosoma maccanni,-45.17312053,169.8199005,0,0,1,0,0,0
12397,Oligosoma maccanni,-45.16505323,169.6084159,0,0,1,0,0,0
12398,Oligosoma maccanni,-45.19476291,169.8093763,0,0,1,0,0,0
12399,Oligosoma maccanni,-45.25882768,169.6682579,0,0,1,0,0,0
12400,Oligosoma maccanni,-45.33621395,169.8435515,0,0,1,0,0,0
12401,Oligosoma maccanni,-45.18093276,169.5026749,0,0,1,0,0,0
12402,Oligosoma maccanni,-45.15280619,169.3805758,0,0,1,0,0,0
12403,Oligosoma maccanni,-45.2466812,169.3902746,0,0,1,0,0,0
12404,Oligosoma maccanni,-45.32147844,169.3618881,0,0,1,0,0,0
12405,Oligosoma maccanni,-45.27593227,169.3957308,0,0,1,0,0,0
12406,Oligosoma maccanni,-45.25317187,169.4773337,0,0,1,0,0,0
12407,Oligosoma maccanni,-45.27458589,169.2370446,0,0,1,0,0,0
12408,Oligosoma maccanni,-45.15274385,169.2011087,0,0,1,0,0,0
12409,Oligosoma maccanni,-45.29491138,169.3310979,0,0,1,0,0,0
12410,Oligosoma maccanni,-45.41257068,169.3689725,0,0,1,0,0,0
12411,Oligosoma maccanni,-45.37389599,169.3045096,0,0,1,0,0,0
12412,Oligosoma maccanni,-45.4445027,170.0560807,0,0,1,0,0,0
12413,Oligosoma maccanni,-45.45331864,169.9452158,0,0,1,0,0,0
12414,Oligosoma maccanni,-45.39088059,169.9182156,0,0,1,0,0,0
12415,Oligosoma maccanni,-45.27900423,169.6585607,0,0,1,0,0,0
12416,Oligosoma maccanni,-45.31665692,169.7777169,0,0,1,0,0,0
12417,Oligosoma maccanni,-45.51882943,169.6014217,0,0,1,0,0,0
12418,Oligosoma maccanni,-45.47244986,169.6680549,0,0,1,0,0,0
12419,Oligosoma maccanni,-45.20107196,169.8026836,0,0,1,0,0,0
12420,Oligosoma maccanni,-45.21538482,169.3352488,0,0,1,0,0,0
12421,Oligosoma maccanni,-45.28735645,169.8958355,0,0,1,0,0,0
12422,Oligosoma maccanni,-45.3039601,169.3655064,0,0,1,0,0,0
12423,Oligosoma maccanni,-45.23648213,169.7820707,0,0,1,0,0,0
12424,Oligosoma maccanni,-45.31843072,169.4173305,0,0,1,0,0,0
12425,Oligosoma maccanni,-45.29662255,169.821671,0,0,1,0,0,0
12426,Oligosoma maccanni,-45.49254079,169.3802618,0,0,1,0,0,0
12427,Oligosoma maccanni,-45.17875615,169.6185056,0,0,1,0,0,0
12428,Oligosoma maccanni,-45.09001586,169.5033281,0,0,1,0,0,0
12429,Oligosoma maccanni,-45.1260294,169.1326892,0,0,1,0,0,0
12430,Oligosoma maccanni,-45.3210361,169.7380057,0,0,1,0,0,0
12431,Oligosoma maccanni,-45.2441503,169.7365322,0,0,1,0,0,0
12432,Oligosoma maccanni,-45.44911779,169.715958,0,0,1,0,0,0
12433,Oligosoma maccanni,-45.21389398,169.6461537,0,0,1,0,0,0
12434,Oligosoma maccanni,-45.30249967,169.7641793,0,0,1,0,0,0
12435,Oligosoma maccanni,-45.21079011,169.6862717,0,0,1,0,0,0
12436,Oligosoma maccanni,-45.19872166,169.6486761,0,0,1,0,0,0
12437,Oligosoma maccanni,-45.17122002,169.5796112,0,0,1,0,0,0
12438,Oligosoma maccanni,-45.20308589,169.5892435,0,0,1,0,0,0
12439,Oligosoma maccanni,-45.18498354,169.6511658,0,0,1,0,0,0
12440,Oligosoma maccanni,-45.22113596,169.7568864,0,0,1,0,0,0
12441,Oligosoma maccanni,-45.48860305,169.6068916,0,0,1,0,0,0
12442,Oligosoma maccanni,-45.22128803,169.812088,0,0,1,0,0,0
12443,Oligosoma maccanni,-45.44179893,170.4079237,0,0,1,0,0,0
12444,Oligosoma maccanni,-45.3515224,170.3253374,0,0,1,0,0,0
12445,Oligosoma maccanni,-45.25169655,170.2967714,0,0,1,0,0,0
12446,Oligosoma maccanni,-45.50522076,170.4083715,0,0,1,0,0,0
12447,Oligosoma maccanni,-45.3047811,170.3491749,0,0,1,0,0,0
12448,Oligosoma maccanni,-45.07377529,168.9818866,0,0,1,0,0,0
12449,Oligosoma maccanni,-44.18868245,170.0398448,0,0,1,0,0,0
12450,Oligosoma maccanni,-44.246714,169.9162937,0,0,1,0,0,0
12451,Oligosoma maccanni,-44.25951468,170.5150122,0,0,1,0,0,0
12452,Oligosoma maccanni,-45.46658028,170.2990856,0,0,1,0,0,0
12453,Oligosoma maccanni,-45.19206073,168.7931589,0,0,1,0,0,0
12454,Oligosoma maccanni,-45.01890427,168.6901897,0,0,1,0,0,0
12455,Oligosoma maccanni,-45.2144289,168.8599988,0,0,1,0,0,0
12456,Oligosoma maccanni,-45.07222961,168.6969655,0,0,1,0,0,0
12457,Oligosoma maccanni,-45.1214059,168.807872,0,0,1,0,0,0
12458,Oligosoma maccanni,-44.96416563,168.8385226,0,0,1,0,0,0
12459,Oligosoma maccanni,-44.93617396,168.7561393,0,0,1,0,0,0
12460,Oligosoma maccanni,-44.97787299,168.7175627,0,0,1,0,0,0
12461,Oligosoma maccanni,-45.06434864,168.7871216,0,0,1,0,0,0
12462,Oligosoma maccanni,-45.12486905,168.7661188,0,0,1,0,0,0
12463,Oligosoma maccanni,-45.08170581,168.7737645,0,0,1,0,0,0
12464,Oligosoma maccanni,-44.99878061,168.7987317,0,0,1,0,0,0
12465,Oligosoma maccanni,-44.95805116,168.8578358,0,0,1,0,0,0
12466,Oligosoma maccanni,-44.92906795,168.8416985,0,0,1,0,0,0
12467,Oligosoma maccanni,-45.15863521,168.7317565,0,0,1,0,0,0
12468,Oligosoma maccanni,-45.07505712,168.7688441,0,0,1,0,0,0
12469,Oligosoma maccanni,-45.12903144,168.6909861,0,0,1,0,0,0
12470,Oligosoma maccanni,-45.01981063,168.8166075,0,0,1,0,0,0
12471,Oligosoma maccanni,-44.9048447,168.7530773,0,0,1,0,0,0
12472,Oligosoma maccanni,-45.02448695,168.7664605,0,0,1,0,0,0
12473,Oligosoma maccanni,-45.13408414,168.6950828,0,0,1,0,0,0
12474,Oligosoma maccanni,-45.26065682,168.7413401,0,0,1,0,0,0
12475,Oligosoma maccanni,-45.08903292,168.7312457,0,0,1,0,0,0
12476,Oligosoma maccanni,-45.55742311,168.6499432,0,0,1,0,0,0
12477,Oligosoma maccanni,-45.68347716,168.5838121,0,0,1,0,0,0
12478,Oligosoma maccanni,-45.55378416,168.6553087,0,0,1,0,0,0
12479,Oligosoma maccanni,-45.71889273,168.5896777,0,0,1,0,0,0
12480,Oligosoma maccanni,-45.70374604,168.5903093,0,0,1,0,0,0
12481,Oligosoma maccanni,-45.08708427,168.8843959,0,0,1,0,0,0
12482,Oligosoma maccanni,-45.10758249,169.0237566,0,0,1,0,0,0
12483,Oligosoma maccanni,-45.07149106,168.9495391,0,0,1,0,0,0
12484,Oligosoma maccanni,-45.0970319,169.0349895,0,0,1,0,0,0
12485,Oligosoma maccanni,-45.05846443,168.9014355,0,0,1,0,0,0
12486,Oligosoma maccanni,-45.16040809,169.0502927,0,0,1,0,0,0
12487,Oligosoma maccanni,-45.04729786,169.0344674,0,0,1,0,0,0
12488,Oligosoma maccanni,-45.09647638,169.0359612,0,0,1,0,0,0
12489,Oligosoma maccanni,-45.08141921,168.9903236,0,0,1,0,0,0
12490,Oligosoma maccanni,-45.12428546,168.9298027,0,0,1,0,0,0
12491,Oligosoma maccanni,-44.96740508,168.9534993,0,0,1,0,0,0
12492,Oligosoma maccanni,-45.15150933,169.0372098,0,0,1,0,0,0
12493,Oligosoma maccanni,-45.02437878,168.962045,0,0,1,0,0,0
12494,Oligosoma maccanni,-45.14008098,169.0854282,0,0,1,0,0,0
12495,Oligosoma maccanni,-45.10475578,168.9200171,0,0,1,0,0,0
12496,Oligosoma maccanni,-45.33942857,168.8573184,0,0,1,0,0,0
12497,Oligosoma maccanni,-45.09009799,168.9304231,0,0,1,0,0,0
12498,Oligosoma maccanni,-45.10623275,168.9450588,0,0,1,0,0,0
12499,Oligosoma maccanni,-45.07820127,168.9238511,0,0,1,0,0,0
12500,Oligosoma maccanni,-45.15193531,168.9747016,0,0,1,0,0,0
12501,Oligosoma maccanni,-45.06637729,169.0188727,0,0,1,0,0,0
12502,Oligosoma maccanni,-45.16020549,169.0109731,0,0,1,0,0,0
12503,Oligosoma maccanni,-45.16798871,168.9447095,0,0,1,0,0,0
12504,Oligosoma maccanni,-45.21914261,169.1029488,0,0,1,0,0,0
12505,Oligosoma maccanni,-45.27786881,169.0197498,0,0,1,0,0,0
12506,Oligosoma maccanni,-45.16873727,169.0900373,0,0,1,0,0,0
12507,Oligosoma maccanni,-45.0945047,169.0819185,0,0,1,0,0,0
12508,Oligosoma maccanni,-45.19044422,168.973305,0,0,1,0,0,0
12509,Oligosoma maccanni,-45.13361672,168.9303169,0,0,1,0,0,0
12510,Oligosoma maccanni,-45.18377904,168.9697611,0,0,1,0,0,0
12511,Oligosoma maccanni,-45.26216634,169.0179222,0,0,1,0,0,0
12512,Oligosoma maccanni,-45.21048863,169.0637876,0,0,1,0,0,0
12513,Oligosoma maccanni,-45.0635872,169.0050908,0,0,1,0,0,0
12514,Oligosoma maccanni,-45.06254782,169.1078542,0,0,1,0,0,0
12515,Oligosoma maccanni,-45.01013882,169.110358,0,0,1,0,0,0
12516,Oligosoma maccanni,-45.19543897,169.1262953,0,0,1,0,0,0
12517,Oligosoma maccanni,-44.99623145,168.9856061,0,0,1,0,0,0
12518,Oligosoma maccanni,-45.07120522,169.0331701,0,0,1,0,0,0
12519,Oligosoma maccanni,-45.08903209,169.0884343,0,0,1,0,0,0
12520,Oligosoma maccanni,-45.16119887,169.1858184,0,0,1,0,0,0
12521,Oligosoma maccanni,-45.05366032,169.1597161,0,0,1,0,0,0
12522,Oligosoma maccanni,-45.31553114,169.2259946,0,0,1,0,0,0
12523,Oligosoma maccanni,-46.00602332,169.3132595,0,0,1,0,0,0
12524,Oligosoma maccanni,-45.81555879,169.2201605,0,0,1,0,0,0
12525,Oligosoma maccanni,-45.90775814,169.1902771,0,0,1,0,0,0
12526,Oligosoma maccanni,-45.79429412,169.163134,0,0,1,0,0,0
12527,Oligosoma maccanni,-45.23225095,168.9573551,0,0,1,0,0,0
12528,Oligosoma maccanni,-44.01441984,170.4974614,0,0,1,0,0,0
12529,Oligosoma maccanni,-43.96252208,170.5907762,0,0,1,0,0,0
12530,Oligosoma maccanni,-44.1063575,170.4665728,0,0,1,0,0,0
12531,Oligosoma maccanni,-45.11174981,170.2910605,0,0,1,0,0,0
12532,Oligosoma maccanni,-45.38108583,170.500508,0,0,1,0,0,0
12533,Oligosoma maccanni,-45.39859075,170.5224528,0,0,1,0,0,0
12534,Oligosoma maccanni,-45.3771225,170.5201643,0,0,1,0,0,0
12535,Oligosoma maccanni,-44.22803195,169.060708,0,0,1,0,0,0
12536,Oligosoma maccanni,-45.05775789,169.2536015,0,0,1,0,0,0
12537,Oligosoma maccanni,-44.81252216,169.2036823,0,0,1,0,0,0
12538,Oligosoma maccanni,-44.72158266,169.0839199,0,0,1,0,0,0
12539,Oligosoma maccanni,-44.95226997,169.1391412,0,0,1,0,0,0
12540,Oligosoma maccanni,-44.95059361,168.9790779,0,0,1,0,0,0
12541,Oligosoma maccanni,-44.72170786,169.229071,0,0,1,0,0,0
12542,Oligosoma maccanni,-44.75031957,169.1517904,0,0,1,0,0,0
12543,Oligosoma maccanni,-44.75530466,169.2872673,0,0,1,0,0,0
12544,Oligosoma maccanni,-44.71959813,169.2607539,0,0,1,0,0,0
12545,Oligosoma maccanni,-44.72828588,169.3342422,0,0,1,0,0,0
12546,Oligosoma maccanni,-44.78483067,169.3591519,0,0,1,0,0,0
12547,Oligosoma maccanni,-44.68545235,169.2031759,0,0,1,0,0,0
12548,Oligosoma maccanni,-44.75669881,169.3104098,0,0,1,0,0,0
12549,Oligosoma maccanni,-44.83090171,169.2119639,0,0,1,0,0,0
12550,Oligosoma maccanni,-44.81157068,169.1970101,0,0,1,0,0,0
12551,Oligosoma maccanni,-44.6514547,169.2275976,0,0,1,0,0,0
12552,Oligosoma maccanni,-44.91601678,169.3588934,0,0,1,0,0,0
12553,Oligosoma maccanni,-44.848559,169.3269212,0,0,1,0,0,0
12554,Oligosoma maccanni,-44.89820949,169.3704211,0,0,1,0,0,0
12555,Oligosoma maccanni,-44.77264211,169.3097895,0,0,1,0,0,0
12556,Oligosoma maccanni,-44.73976759,169.3834718,0,0,1,0,0,0
12557,Oligosoma maccanni,-44.98097362,169.2639388,0,0,1,0,0,0
12558,Oligosoma maccanni,-44.82752439,169.356857,0,0,1,0,0,0
12559,Oligosoma maccanni,-44.82209221,169.2210091,0,0,1,0,0,0
12560,Oligosoma maccanni,-44.66909926,169.323435,0,0,1,0,0,0
12561,Oligosoma maccanni,-44.6836309,169.1822205,0,0,1,0,0,0
12562,Oligosoma maccanni,-44.67465344,169.2430951,0,0,1,0,0,0
12563,Oligosoma maccanni,-44.72329648,169.1585643,0,0,1,0,0,0
12564,Oligosoma maccanni,-44.73414226,169.3107324,0,0,1,0,0,0
12565,Oligosoma maccanni,-45.05470956,169.2230575,0,0,1,0,0,0
12566,Oligosoma maccanni,-44.907657,169.2058963,0,0,1,0,0,0
12567,Oligosoma maccanni,-45.05562582,169.0834713,0,0,1,0,0,0
12568,Oligosoma maccanni,-44.80126548,168.9347804,0,0,1,0,0,0
12569,Oligosoma maccanni,-44.94399652,169.0731284,0,0,1,0,0,0
12570,Oligosoma maccanni,-44.90500497,169.41774,0,0,1,0,0,0
12571,Oligosoma maccanni,-44.78637595,169.3746143,0,0,1,0,0,0
12572,Oligosoma maccanni,-44.65205059,169.3312395,0,0,1,0,0,0
12573,Oligosoma maccanni,-44.4735282,169.4323503,0,0,1,0,0,0
12574,Oligosoma maccanni,-44.58167106,169.2854546,0,0,1,0,0,0
12575,Oligosoma maccanni,-44.51083572,169.4270233,0,0,1,0,0,0
12576,Oligosoma maccanni,-44.68357787,169.3431451,0,0,1,0,0,0
12577,Oligosoma maccanni,-44.49682734,169.3597129,0,0,1,0,0,0
12578,Oligosoma maccanni,-44.47961943,169.3845059,0,0,1,0,0,0
12579,Oligosoma maccanni,-44.59064202,169.4259116,0,0,1,0,0,0
12580,Oligosoma maccanni,-44.55586865,169.4025569,0,0,1,0,0,0
12581,Oligosoma maccanni,-44.49694483,169.2454257,0,0,1,0,0,0
12582,Oligosoma maccanni,-44.52354488,169.2533499,0,0,1,0,0,0
12583,Oligosoma maccanni,-44.63792931,169.2485757,0,0,1,0,0,0
12584,Oligosoma maccanni,-44.5643834,169.1648556,0,0,1,0,0,0
12585,Oligosoma maccanni,-44.71515643,169.2522476,0,0,1,0,0,0
12586,Oligosoma maccanni,-44.63605717,169.3819321,0,0,1,0,0,0
12587,Oligosoma maccanni,-44.4699946,169.4012823,0,0,1,0,0,0
12588,Oligosoma maccanni,-44.59367558,169.431527,0,0,1,0,0,0
12589,Oligosoma maccanni,-44.61038808,169.493463,0,0,1,0,0,0
12590,Oligosoma maccanni,-45.04046865,169.3413973,0,0,1,0,0,0
12591,Oligosoma maccanni,-44.86197021,169.4402064,0,0,1,0,0,0
12592,Oligosoma maccanni,-44.96902369,169.3946201,0,0,1,0,0,0
12593,Oligosoma maccanni,-44.8399835,169.5539846,0,0,1,0,0,0
12594,Oligosoma maccanni,-44.89124735,169.6015633,0,0,1,0,0,0
12595,Oligosoma maccanni,-44.8099376,169.4998747,0,0,1,0,0,0
12596,Oligosoma maccanni,-44.84906035,169.3418219,0,0,1,0,0,0
12597,Oligosoma maccanni,-44.90732497,169.4648411,0,0,1,0,0,0
12598,Oligosoma maccanni,-45.03421167,169.3826219,0,0,1,0,0,0
12599,Oligosoma maccanni,-44.85063591,169.421363,0,0,1,0,0,0
12600,Oligosoma maccanni,-45.03840779,169.3834624,0,0,1,0,0,0
12601,Oligosoma maccanni,-44.75628195,169.6426863,0,0,1,0,0,0
12602,Oligosoma maccanni,-45.45486585,170.1978065,0,0,1,0,0,0
12603,Oligosoma maccanni,-45.38886235,170.3320125,0,0,1,0,0,0
12604,Oligosoma maccanni,-44.33400274,170.4862468,0,0,1,0,0,0
12605,Oligosoma maccanni,-43.89386844,170.4431332,0,0,1,0,0,0
12606,Oligosoma maccanni,-44.36460353,169.9369155,0,0,1,0,0,0
12607,Oligosoma maccanni,-44.64226907,169.4367684,0,0,1,0,0,0
12608,Oligosoma maccanni,-44.90827579,169.386685,0,0,1,0,0,0
12609,Oligosoma maccanni,-45.3289894,168.2742957,0,0,1,0,0,0
12610,Oligosoma maccanni,-45.25975795,169.3879347,0,0,1,0,0,0
12611,Oligosoma maccanni,-44.96542025,170.0313165,0,0,1,0,0,0
12612,Oligosoma maccanni,-44.7712345,169.9786168,0,0,1,0,0,0
12613,Oligosoma maccanni,-45.01237063,168.9501378,0,0,1,0,0,0
12614,Oligosoma maccanni,-45.30400256,170.2677187,0,0,1,0,0,0
12615,Oligosoma maccanni,-45.40810312,170.2865735,0,0,1,0,0,0
12616,Oligosoma maccanni,-45.61869081,170.2018222,0,0,1,0,0,0
12617,Oligosoma maccanni,-45.6447479,170.2393237,0,0,1,0,0,0
12618,Oligosoma maccanni,-45.4982768,170.1639375,0,0,1,0,0,0
12619,Oligosoma maccanni,-45.58760593,170.2268518,0,0,1,0,0,0
12620,Oligosoma maccanni,-45.76348309,170.223299,0,0,1,0,0,0
12621,Oligosoma maccanni,-45.60353116,170.2035508,0,0,1,0,0,0
12622,Oligosoma maccanni,-45.72409835,170.3491135,0,0,1,0,0,0
12623,Oligosoma maccanni,-45.7335177,170.3080887,0,0,1,0,0,0
12624,Oligosoma maccanni,-45.66916652,170.2010427,0,0,1,0,0,0
12625,Oligosoma maccanni,-45.67744838,170.302787,0,0,1,0,0,0
12626,Oligosoma maccanni,-45.72709265,170.3315382,0,0,1,0,0,0
12627,Oligosoma maccanni,-45.56632757,170.2467526,0,0,1,0,0,0
12628,Oligosoma maccanni,-45.50484149,170.2221087,0,0,1,0,0,0
12629,Oligosoma maccanni,-45.46757757,170.3277634,0,0,1,0,0,0
12630,Oligosoma maccanni,-45.62334813,170.1863356,0,0,1,0,0,0
12631,Oligosoma maccanni,-45.68614576,170.2613061,0,0,1,0,0,0
12632,Oligosoma maccanni,-45.64825839,170.185879,0,0,1,0,0,0
12633,Oligosoma maccanni,-45.62455587,170.1570159,0,0,1,0,0,0
12634,Oligosoma maccanni,-45.58898054,170.142434,0,0,1,0,0,0
12635,Oligosoma maccanni,-45.72703271,170.2936238,0,0,1,0,0,0
12636,Oligosoma maccanni,-45.60782292,170.1361605,0,0,1,0,0,0
12637,Oligosoma maccanni,-45.49733793,170.0592634,0,0,1,0,0,0
12638,Oligosoma maccanni,-45.57534569,170.0911091,0,0,1,0,0,0
12639,Oligosoma maccanni,-45.64651664,170.0363745,0,0,1,0,0,0
12640,Oligosoma maccanni,-45.67800527,170.1003089,0,0,1,0,0,0
12641,Oligosoma maccanni,-45.50079002,170.0464541,0,0,1,0,0,0
12642,Oligosoma maccanni,-45.56007907,170.015056,0,0,1,0,0,0
12643,Oligosoma maccanni,-45.44667668,170.0809114,0,0,1,0,0,0
12644,Oligosoma maccanni,-45.65499923,169.977824,0,0,1,0,0,0
12645,Oligosoma maccanni,-45.56493522,169.955266,0,0,1,0,0,0
12646,Oligosoma maccanni,-45.69084966,170.0071728,0,0,1,0,0,0
12647,Oligosoma maccanni,-45.54044879,169.9905376,0,0,1,0,0,0
12648,Oligosoma maccanni,-45.53831246,170.0931878,0,0,1,0,0,0
12649,Oligosoma maccanni,-45.73520466,170.0373627,0,0,1,0,0,0
12650,Oligosoma maccanni,-45.68563071,170.1122645,0,0,1,0,0,0
12651,Oligosoma maccanni,-45.56093589,170.1140217,0,0,1,0,0,0
12652,Oligosoma maccanni,-45.62487249,170.1134155,0,0,1,0,0,0
12653,Oligosoma maccanni,-45.62204974,170.1255349,0,0,1,0,0,0
12654,Oligosoma maccanni,-45.43935467,170.0509242,0,0,1,0,0,0
12655,Oligosoma maccanni,-45.51430962,170.2217465,0,0,1,0,0,0
12656,Oligosoma maccanni,-45.60169155,170.0354372,0,0,1,0,0,0
12657,Oligosoma maccanni,-45.70599021,170.2965406,0,0,1,0,0,0
12658,Oligosoma maccanni,-45.53296058,170.3953728,0,0,1,0,0,0
12659,Oligosoma maccanni,-45.69701735,170.3309071,0,0,1,0,0,0
12660,Oligosoma maccanni,-45.74334137,170.3330335,0,0,1,0,0,0
12661,Oligosoma maccanni,-45.62526753,170.4012302,0,0,1,0,0,0
12662,Oligosoma maccanni,-45.65577077,170.3462137,0,0,1,0,0,0
12663,Oligosoma maccanni,-45.72612729,170.3645006,0,0,1,0,0,0
12664,Oligosoma maccanni,-45.72812426,170.2504569,0,0,1,0,0,0
12665,Oligosoma maccanni,-45.48882534,170.4643787,0,0,1,0,0,0
12666,Oligosoma maccanni,-45.55743892,170.3212019,0,0,1,0,0,0
12667,Oligosoma maccanni,-45.5199138,170.3630086,0,0,1,0,0,0
12668,Oligosoma maccanni,-45.5974076,170.4127105,0,0,1,0,0,0
12669,Oligosoma maccanni,-45.51655139,170.4443527,0,0,1,0,0,0
12670,Oligosoma maccanni,-45.70869686,170.0894928,0,0,1,0,0,0
12671,Oligosoma maccanni,-45.59042638,170.0868586,0,0,1,0,0,0
12672,Oligosoma maccanni,-45.64955073,169.9766437,0,0,1,0,0,0
12673,Oligosoma maccanni,-45.60783643,169.897549,0,0,1,0,0,0
12674,Oligosoma maccanni,-45.70803194,170.1523603,0,0,1,0,0,0
12675,Oligosoma maccanni,-45.6450082,170.1930293,0,0,1,0,0,0
12676,Oligosoma maccanni,-45.56330931,170.0893467,0,0,1,0,0,0
12677,Oligosoma maccanni,-45.59623085,170.1518746,0,0,1,0,0,0
12678,Oligosoma maccanni,-45.73271696,170.1559269,0,0,1,0,0,0
12679,Oligosoma maccanni,-45.75379792,170.0877967,0,0,1,0,0,0
12680,Oligosoma maccanni,-45.54632364,170.1402241,0,0,1,0,0,0
12681,Oligosoma maccanni,-45.64676689,170.0293889,0,0,1,0,0,0
12682,Oligosoma maccanni,-45.16167614,168.6428277,0,0,1,0,0,0
12683,Oligosoma maccanni,-44.92563453,168.7127872,0,0,1,0,0,0
12684,Oligosoma maccanni,-45.50321984,170.1117018,0,0,1,0,0,0
12685,Oligosoma maccanni,-45.55976732,170.0984169,0,0,1,0,0,0
12686,Oligosoma maccanni,-45.74481949,170.1456053,0,0,1,0,0,0
12687,Oligosoma maccanni,-45.57148364,170.0429939,0,0,1,0,0,0
12688,Oligosoma maccanni,-45.67998416,170.1588869,0,0,1,0,0,0
12689,Oligosoma maccanni,-45.59743713,170.1155138,0,0,1,0,0,0
12690,Oligosoma maccanni,-45.69206399,170.0525441,0,0,1,0,0,0
12691,Oligosoma maccanni,-45.57356054,170.0391717,0,0,1,0,0,0
12692,Oligosoma maccanni,-45.66329047,170.04756,0,0,1,0,0,0
12693,Oligosoma maccanni,-45.5957327,170.2481725,0,0,1,0,0,0
12694,Oligosoma maccanni,-45.62636185,170.183938,0,0,1,0,0,0
12695,Oligosoma maccanni,-45.51255875,170.2538839,0,0,1,0,0,0
12696,Oligosoma maccanni,-45.62379447,170.0333393,0,0,1,0,0,0
12697,Oligosoma maccanni,-45.65156993,170.1977759,0,0,1,0,0,0
12698,Oligosoma maccanni,-45.54978773,170.246721,0,0,1,0,0,0
12699,Oligosoma maccanni,-45.45574252,170.1604208,0,0,1,0,0,0
12700,Oligosoma maccanni,-45.50517815,170.2664507,0,0,1,0,0,0
12701,Oligosoma maccanni,-45.5013098,170.0448013,0,0,1,0,0,0
12702,Oligosoma maccanni,-45.47183134,169.8690054,0,0,1,0,0,0
12703,Oligosoma maccanni,-45.52779927,170.4137329,0,0,1,0,0,0
12704,Oligosoma maccanni,-45.5917075,170.4849731,0,0,1,0,0,0
12705,Oligosoma maccanni,-45.51742697,170.3481786,0,0,1,0,0,0
12706,Oligosoma maccanni,-45.53417915,170.2399389,0,0,1,0,0,0
12707,Oligosoma maccanni,-45.61609258,170.3763463,0,0,1,0,0,0
12708,Oligosoma maccanni,-45.55147527,170.3907025,0,0,1,0,0,0
12709,Oligosoma maccanni,-45.60910478,170.2288273,0,0,1,0,0,0
12710,Oligosoma maccanni,-45.38181548,170.2429096,0,0,1,0,0,0
12711,Oligosoma maccanni,-45.33163851,170.2189699,0,0,1,0,0,0
12712,Oligosoma maccanni,-45.38143123,170.2728903,0,0,1,0,0,0
12713,Oligosoma maccanni,-45.35096789,170.2807333,0,0,1,0,0,0
12714,Oligosoma maccanni,-45.51053732,170.1701167,0,0,1,0,0,0
12715,Oligosoma maccanni,-45.43835608,170.1605788,0,0,1,0,0,0
12716,Oligosoma maccanni,-45.50475281,170.2832575,0,0,1,0,0,0
12717,Oligosoma maccanni,-45.43601378,170.2144594,0,0,1,0,0,0
12718,Oligosoma maccanni,-45.58796271,170.2710481,0,0,1,0,0,0
12719,Oligosoma maccanni,-45.48836463,170.1585827,0,0,1,0,0,0
12720,Oligosoma maccanni,-45.50249796,170.2852765,0,0,1,0,0,0
12721,Oligosoma maccanni,-45.35205524,170.184992,0,0,1,0,0,0
12722,Oligosoma maccanni,-45.41434115,170.1672072,0,0,1,0,0,0
12723,Oligosoma maccanni,-45.37489092,170.2049343,0,0,1,0,0,0
12724,Oligosoma maccanni,-45.22486101,170.2624167,0,0,1,0,0,0
12725,Oligosoma maccanni,-45.41459852,170.355318,0,0,1,0,0,0
12726,Oligosoma maccanni,-45.37224796,170.3439947,0,0,1,0,0,0
12727,Oligosoma maccanni,-45.51467653,170.1595148,0,0,1,0,0,0
12728,Oligosoma maccanni,-45.41061427,170.2059547,0,0,1,0,0,0
12729,Oligosoma maccanni,-45.46814586,170.2348485,0,0,1,0,0,0
12730,Oligosoma maccanni,-45.42140497,170.2250936,0,0,1,0,0,0
12731,Oligosoma maccanni,-45.42418947,170.2154913,0,0,1,0,0,0
12732,Oligosoma maccanni,-45.36893169,170.2298913,0,0,1,0,0,0
12733,Oligosoma maccanni,-45.28958621,170.3485873,0,0,1,0,0,0
12734,Oligosoma maccanni,-45.23417501,170.2948998,0,0,1,0,0,0
12735,Oligosoma maccanni,-45.51599499,170.2951491,0,0,1,0,0,0
12736,Oligosoma maccanni,-45.40839823,170.266121,0,0,1,0,0,0
12737,Oligosoma maccanni,-45.47741729,170.3509843,0,0,1,0,0,0
12738,Oligosoma maccanni,-45.27760432,170.3655497,0,0,1,0,0,0
12739,Oligosoma maccanni,-45.35033462,170.2160889,0,0,1,0,0,0
12740,Oligosoma maccanni,-45.29870554,170.3401112,0,0,1,0,0,0
12741,Oligosoma maccanni,-45.26525829,170.4103806,0,0,1,0,0,0
12742,Oligosoma maccanni,-45.40550738,170.2821324,0,0,1,0,0,0
12743,Oligosoma maccanni,-45.32713644,170.3930572,0,0,1,0,0,0
12744,Oligosoma maccanni,-45.18871828,170.3990274,0,0,1,0,0,0
12745,Oligosoma maccanni,-45.176565,170.3181953,0,0,1,0,0,0
12746,Oligosoma maccanni,-45.20501703,170.3390793,0,0,1,0,0,0
12747,Oligosoma maccanni,-45.12437496,170.2245582,0,0,1,0,0,0
12748,Oligosoma maccanni,-45.18552204,170.3940076,0,0,1,0,0,0
12749,Oligosoma maccanni,-44.81803861,169.8456648,0,0,1,0,0,0
12750,Oligosoma maccanni,-45.25463127,170.3015404,0,0,1,0,0,0
12751,Oligosoma maccanni,-44.87464903,169.9996048,0,0,1,0,0,0
12752,Oligosoma maccanni,-45.33433745,170.3559196,0,0,1,0,0,0
12753,Oligosoma maccanni,-45.31041735,170.4199278,0,0,1,0,0,0
12754,Oligosoma maccanni,-45.3004967,170.3979199,0,0,1,0,0,0
12755,Oligosoma maccanni,-45.29285372,170.3738851,0,0,1,0,0,0
12756,Oligosoma maccanni,-45.15795575,170.3283029,0,0,1,0,0,0
12757,Oligosoma maccanni,-45.32326901,170.5078575,0,0,1,0,0,0
12758,Oligosoma maccanni,-45.4035675,170.399011,0,0,1,0,0,0
12759,Oligosoma maccanni,-45.29455854,170.4562462,0,0,1,0,0,0
12760,Oligosoma maccanni,-45.32276316,170.5089811,0,0,1,0,0,0
12761,Oligosoma maccanni,-45.2358767,170.3195607,0,0,1,0,0,0
12762,Oligosoma maccanni,-45.14642199,170.4008299,0,0,1,0,0,0
12763,Oligosoma maccanni,-45.35642679,170.203883,0,0,1,0,0,0
12764,Oligosoma maccanni,-45.41661013,170.2633854,0,0,1,0,0,0
12765,Oligosoma maccanni,-45.55856872,170.2758997,0,0,1,0,0,0
12766,Oligosoma maccanni,-45.26178634,170.4024628,0,0,1,0,0,0
12767,Oligosoma maccanni,-45.30097781,170.1789094,0,0,1,0,0,0
12768,Oligosoma maccanni,-45.44188653,170.191129,0,0,1,0,0,0
12769,Oligosoma maccanni,-45.3949209,170.1981059,0,0,1,0,0,0
12770,Oligosoma maccanni,-45.32459635,170.3119187,0,0,1,0,0,0
12771,Oligosoma maccanni,-45.52465304,170.2690518,0,0,1,0,0,0
12772,Oligosoma maccanni,-45.54224147,170.3698206,0,0,1,0,0,0
12773,Oligosoma maccanni,-45.48918574,170.2186434,0,0,1,0,0,0
12774,Oligosoma maccanni,-45.53398868,170.2582411,0,0,1,0,0,0
12775,Oligosoma maccanni,-45.51803075,170.3257569,0,0,1,0,0,0
12776,Oligosoma maccanni,-45.3851919,170.3279231,0,0,1,0,0,0
12777,Oligosoma maccanni,-45.30691432,170.3661029,0,0,1,0,0,0
12778,Oligosoma maccanni,-45.42485741,170.2856456,0,0,1,0,0,0
12779,Oligosoma maccanni,-45.55331686,170.2441544,0,0,1,0,0,0
12780,Oligosoma maccanni,-45.42794076,170.2526009,0,0,1,0,0,0
12781,Oligosoma maccanni,-45.37795499,170.2606331,0,0,1,0,0,0
12782,Oligosoma maccanni,-45.64531009,170.2086533,0,0,1,0,0,0
12783,Oligosoma maccanni,-45.42423973,170.2593922,0,0,1,0,0,0
12784,Oligosoma maccanni,-45.55019209,170.2046594,0,0,1,0,0,0
12785,Oligosoma maccanni,-45.53620153,170.243638,0,0,1,0,0,0
12786,Oligosoma maccanni,-45.35069187,170.2708893,0,0,1,0,0,0
12787,Oligosoma maccanni,-45.44039958,170.4665981,0,0,1,0,0,0
12788,Oligosoma maccanni,-45.3206577,170.3870792,0,0,1,0,0,0
12789,Oligosoma maccanni,-45.31260621,170.2060787,0,0,1,0,0,0
12790,Oligosoma maccanni,-45.40612077,170.2743956,0,0,1,0,0,0
12791,Oligosoma maccanni,-45.30673897,170.2553314,0,0,1,0,0,0
12792,Oligosoma maccanni,-45.37046702,170.3121163,0,0,1,0,0,0
12793,Oligosoma maccanni,-45.41029981,170.2216838,0,0,1,0,0,0
12794,Oligosoma maccanni,-45.41023767,170.5262639,0,0,1,0,0,0
12795,Oligosoma maccanni,-45.33872745,170.5100271,0,0,1,0,0,0
12796,Oligosoma maccanni,-45.28596246,170.2692284,0,0,1,0,0,0
12797,Oligosoma maccanni,-45.68833352,170.478862,0,0,1,0,0,0
12798,Oligosoma maccanni,-45.3240621,170.3092976,0,0,1,0,0,0
12799,Oligosoma maccanni,-45.48371259,170.506281,0,0,1,0,0,0
12800,Oligosoma maccanni,-45.44992253,170.5420436,0,0,1,0,0,0
12801,Oligosoma maccanni,-45.26254393,170.4200489,0,0,1,0,0,0
12802,Oligosoma maccanni,-45.05864238,170.3928957,0,0,1,0,0,0
12803,Oligosoma maccanni,-44.95627282,170.280155,0,0,1,0,0,0
12804,Oligosoma maccanni,-44.99765311,170.3138538,0,0,1,0,0,0
12805,Oligosoma maccanni,-45.08305112,170.2754856,0,0,1,0,0,0
12806,Oligosoma maccanni,-45.04314622,170.3788421,0,0,1,0,0,0
12807,Oligosoma maccanni,-45.19436154,170.412306,0,0,1,0,0,0
12808,Oligosoma maccanni,-45.48218985,170.301344,0,0,1,0,0,0
12809,Oligosoma maccanni,-43.25506445,171.6677215,0,0,1,0,0,0
12810,Oligosoma maccanni,-45.38999831,170.1096575,0,0,1,0,0,0
12811,Oligosoma maccanni,-45.17632312,170.3090691,0,0,1,0,0,0
12812,Oligosoma maccanni,-45.3707646,170.1411238,0,0,1,0,0,0
12813,Oligosoma maccanni,-45.37578119,170.1682716,0,0,1,0,0,0
12814,Oligosoma maccanni,-45.23103564,170.1929318,0,0,1,0,0,0
12815,Oligosoma maccanni,-45.38998314,170.154519,0,0,1,0,0,0
12816,Oligosoma maccanni,-45.23778916,170.0102112,0,0,1,0,0,0
12817,Oligosoma maccanni,-45.40523037,170.1452522,0,0,1,0,0,0
12818,Oligosoma maccanni,-45.33154941,170.0683406,0,0,1,0,0,0
12819,Oligosoma maccanni,-45.30313058,170.0643006,0,0,1,0,0,0
12820,Oligosoma maccanni,-45.37575288,170.0970629,0,0,1,0,0,0
12821,Oligosoma maccanni,-45.21262343,170.1360842,0,0,1,0,0,0
12822,Oligosoma maccanni,-45.30088748,170.0125599,0,0,1,0,0,0
12823,Oligosoma maccanni,-45.25262388,170.0982967,0,0,1,0,0,0
12824,Oligosoma maccanni,-45.43975045,170.0119759,0,0,1,0,0,0
12825,Oligosoma maccanni,-45.41498843,169.9436411,0,0,1,0,0,0
12826,Oligosoma maccanni,-45.3052995,169.9926792,0,0,1,0,0,0
12827,Oligosoma maccanni,-45.41580105,169.8946012,0,0,1,0,0,0
12828,Oligosoma maccanni,-45.28308991,170.0049702,0,0,1,0,0,0
12829,Oligosoma maccanni,-45.41201725,169.8806493,0,0,1,0,0,0
12830,Oligosoma maccanni,-45.4724812,169.9538865,0,0,1,0,0,0
12831,Oligosoma maccanni,-45.47059654,169.9787897,0,0,1,0,0,0
12832,Oligosoma maccanni,-45.35443345,169.8177454,0,0,1,0,0,0
12833,Oligosoma maccanni,-45.39271919,169.945502,0,0,1,0,0,0
12834,Oligosoma maccanni,-45.24196079,169.9153677,0,0,1,0,0,0
12835,Oligosoma maccanni,-45.3189027,169.8865777,0,0,1,0,0,0
12836,Oligosoma maccanni,-45.41736031,169.9846606,0,0,1,0,0,0
12837,Oligosoma maccanni,-45.43880911,169.8492947,0,0,1,0,0,0
12838,Oligosoma maccanni,-45.31352872,169.9893551,0,0,1,0,0,0
12839,Oligosoma maccanni,-45.46025135,169.8488313,0,0,1,0,0,0
12840,Oligosoma maccanni,-45.49292796,170.0290473,0,0,1,0,0,0
12841,Oligosoma maccanni,-45.45454351,169.917489,0,0,1,0,0,0
12842,Oligosoma maccanni,-45.47365813,169.9988901,0,0,1,0,0,0
12843,Oligosoma maccanni,-45.38778127,169.8812321,0,0,1,0,0,0
12844,Oligosoma maccanni,-45.32605342,169.9881863,0,0,1,0,0,0
12845,Oligosoma maccanni,-45.23516979,170.0491081,0,0,1,0,0,0
12846,Oligosoma maccanni,-45.37331318,170.0457647,0,0,1,0,0,0
12847,Oligosoma maccanni,-45.33555155,169.9333658,0,0,1,0,0,0
12848,Oligosoma maccanni,-45.39580997,169.8296999,0,0,1,0,0,0
12849,Oligosoma maccanni,-45.34148664,169.913832,0,0,1,0,0,0
12850,Oligosoma maccanni,-45.40688002,169.9256604,0,0,1,0,0,0
12851,Oligosoma maccanni,-45.45438591,169.9953318,0,0,1,0,0,0
12852,Oligosoma maccanni,-45.48012521,170.0263507,0,0,1,0,0,0
12853,Oligosoma maccanni,-45.24320654,170.0389829,0,0,1,0,0,0
12854,Oligosoma maccanni,-45.48899185,169.9433161,0,0,1,0,0,0
12855,Oligosoma maccanni,-45.39920972,169.9231575,0,0,1,0,0,0
12856,Oligosoma maccanni,-45.4562322,169.9306713,0,0,1,0,0,0
12857,Oligosoma maccanni,-45.2497009,169.805149,0,0,1,0,0,0
12858,Oligosoma maccanni,-45.16315515,170.1068455,0,0,1,0,0,0
12859,Oligosoma maccanni,-45.2508094,170.2172229,0,0,1,0,0,0
12860,Oligosoma maccanni,-45.31945888,170.0822888,0,0,1,0,0,0
12861,Oligosoma maccanni,-45.31328307,170.102031,0,0,1,0,0,0
12862,Oligosoma maccanni,-45.38296554,170.1465647,0,0,1,0,0,0
12863,Oligosoma maccanni,-45.28832822,170.1941005,0,0,1,0,0,0
12864,Oligosoma maccanni,-45.5420005,170.2137519,0,0,1,0,0,0
12865,Oligosoma maccanni,-45.38065482,170.2269496,0,0,1,0,0,0
12866,Oligosoma maccanni,-45.36961792,169.8578678,0,0,1,0,0,0
12867,Oligosoma maccanni,-45.47135438,169.8615911,0,0,1,0,0,0
12868,Oligosoma maccanni,-45.5011353,169.8657525,0,0,1,0,0,0
12869,Oligosoma maccanni,-45.60293071,169.7745087,0,0,1,0,0,0
12870,Oligosoma maccanni,-45.53107928,169.9320857,0,0,1,0,0,0
12871,Oligosoma maccanni,-45.67144579,169.9933357,0,0,1,0,0,0
12872,Oligosoma maccanni,-45.63452117,169.8122552,0,0,1,0,0,0
12873,Oligosoma maccanni,-45.59412029,169.7063688,0,0,1,0,0,0
12874,Oligosoma maccanni,-45.39268556,169.8980098,0,0,1,0,0,0
12875,Oligosoma maccanni,-45.52105407,169.7390326,0,0,1,0,0,0
12876,Oligosoma maccanni,-45.27052935,170.0294932,0,0,1,0,0,0
12877,Oligosoma maccanni,-44.75836549,169.9822886,0,0,1,0,0,0
12878,Oligosoma maccanni,-45.52705277,169.737234,0,0,1,0,0,0
12879,Oligosoma maccanni,-45.13827652,170.2287752,0,0,1,0,0,0
12880,Oligosoma maccanni,-45.87370268,170.7172049,0,0,1,0,0,0
12881,Oligosoma maccanni,-45.20939794,170.2880622,0,0,1,0,0,0
12882,Oligosoma maccanni,-45.09711265,170.2544522,0,0,1,0,0,0
12883,Oligosoma maccanni,-43.64831707,171.2998104,0,0,1,0,0,0
12884,Oligosoma maccanni,-44.32105393,170.5651441,0,0,1,0,0,0
12885,Oligosoma maccanni,-44.23016276,170.6590179,0,0,1,0,0,0
12886,Oligosoma maccanni,-45.48501067,170.153325,0,0,1,0,0,0
12887,Oligosoma maccanni,-44.87511468,170.2531474,0,0,1,0,0,0
12888,Oligosoma maccanni,-45.03197258,170.370905,0,0,1,0,0,0
12889,Oligosoma maccanni,-44.9303687,170.3999573,0,0,1,0,0,0
12890,Oligosoma maccanni,-44.3495798,170.5832682,0,0,1,0,0,0
12891,Oligosoma maccanni,-44.79558556,170.4163868,0,0,1,0,0,0
12892,Oligosoma maccanni,-43.37839124,171.4200106,0,0,1,0,0,0
12893,Oligosoma maccanni,-43.54803423,171.4193264,0,0,1,0,0,0
12894,Oligosoma maccanni,-43.42359947,171.1645911,0,0,1,0,0,0
12895,Oligosoma maccanni,-43.38803731,171.1657874,0,0,1,0,0,0
12896,Oligosoma maccanni,-43.28035482,171.268328,0,0,1,0,0,0
12897,Oligosoma maccanni,-44.63303296,169.9045351,0,0,1,0,0,0
12898,Oligosoma maccanni,-45.01835947,169.2320532,0,0,1,0,0,0
12899,Oligosoma maccanni,-43.61271082,171.3931144,0,0,1,0,0,0
12900,Oligosoma maccanni,-43.52545182,171.3491262,0,0,1,0,0,0
12901,Oligosoma maccanni,-43.65337035,171.4281855,0,0,1,0,0,0
12902,Oligosoma maccanni,-43.63431534,171.364797,0,0,1,0,0,0
12903,Oligosoma maccanni,-43.58020424,171.4277981,0,0,1,0,0,0
12904,Oligosoma maccanni,-43.49662739,171.4239108,0,0,1,0,0,0
12905,Oligosoma maccanni,-43.50789882,171.4617914,0,0,1,0,0,0
12906,Oligosoma maccanni,-43.49321656,171.4833793,0,0,1,0,0,0
12907,Oligosoma maccanni,-43.56626221,171.3108301,0,0,1,0,0,0
12908,Oligosoma maccanni,-45.02293921,169.2971126,0,0,1,0,0,0
12909,Oligosoma maccanni,-44.74201785,169.7600678,0,0,1,0,0,0
12910,Oligosoma maccanni,-44.76311738,169.7674196,0,0,1,0,0,0
12911,Oligosoma maccanni,-44.98315898,169.425847,0,0,1,0,0,0
12912,Oligosoma maccanni,-45.19040739,169.348663,0,0,1,0,0,0
12913,Oligosoma maccanni,-44.96592206,169.3461379,0,0,1,0,0,0
12914,Oligosoma maccanni,-45.00204848,169.6658902,0,0,1,0,0,0
12915,Oligosoma maccanni,-44.76300975,169.7031726,0,0,1,0,0,0
12916,Oligosoma maccanni,-44.84134322,169.7707303,0,0,1,0,0,0
12917,Oligosoma maccanni,-45.038781,169.5254421,0,0,1,0,0,0
12918,Oligosoma maccanni,-45.13133068,169.4599587,0,0,1,0,0,0
12919,Oligosoma maccanni,-44.7871091,169.6497039,0,0,1,0,0,0
12920,Oligosoma maccanni,-45.15965199,169.3641309,0,0,1,0,0,0
12921,Oligosoma maccanni,-45.19405009,169.4786019,0,0,1,0,0,0
12922,Oligosoma maccanni,-44.98446756,169.4225522,0,0,1,0,0,0
12923,Oligosoma maccanni,-44.9978064,169.4492947,0,0,1,0,0,0
12924,Oligosoma maccanni,-43.48348914,171.3188867,0,0,1,0,0,0
12925,Oligosoma maccanni,-43.3946549,171.3425534,0,0,1,0,0,0
12926,Oligosoma maccanni,-44.92500645,169.5438297,0,0,1,0,0,0
12927,Oligosoma maccanni,-45.1449546,169.3376079,0,0,1,0,0,0
12928,Oligosoma maccanni,-45.14554357,169.4441674,0,0,1,0,0,0
12929,Oligosoma maccanni,-45.13095777,169.5227151,0,0,1,0,0,0
12930,Oligosoma maccanni,-44.92474794,169.3939395,0,0,1,0,0,0
12931,Oligosoma maccanni,-45.06298736,169.3745808,0,0,1,0,0,0
12932,Oligosoma maccanni,-44.97999852,169.5128119,0,0,1,0,0,0
12933,Oligosoma maccanni,-44.92808325,169.5312254,0,0,1,0,0,0
12934,Oligosoma maccanni,-44.90945734,169.5418182,0,0,1,0,0,0
12935,Oligosoma maccanni,-44.81043419,169.650265,0,0,1,0,0,0
12936,Oligosoma maccanni,-44.99165045,169.4367434,0,0,1,0,0,0
12937,Oligosoma maccanni,-45.18795462,169.3472398,0,0,1,0,0,0
12938,Oligosoma maccanni,-45.04093221,169.485708,0,0,1,0,0,0
12939,Oligosoma maccanni,-44.89599626,169.6243915,0,0,1,0,0,0
12940,Oligosoma maccanni,-45.00410238,169.479084,0,0,1,0,0,0
12941,Oligosoma maccanni,-44.84903155,169.6177103,0,0,1,0,0,0
12942,Oligosoma maccanni,-45.02369325,169.5586118,0,0,1,0,0,0
12943,Oligosoma maccanni,-44.92401956,169.6699387,0,0,1,0,0,0
12944,Oligosoma maccanni,-44.98197571,169.62345,0,0,1,0,0,0
12945,Oligosoma maccanni,-44.93612231,169.6275827,0,0,1,0,0,0
12946,Oligosoma maccanni,-44.96046429,169.7265867,0,0,1,0,0,0
12947,Oligosoma maccanni,-45.01692317,169.6729078,0,0,1,0,0,0
12948,Oligosoma maccanni,-44.92338744,169.6342194,0,0,1,0,0,0
12949,Oligosoma maccanni,-44.72189702,169.8180715,0,0,1,0,0,0
12950,Oligosoma maccanni,-44.87527114,169.8198696,0,0,1,0,0,0
12951,Oligosoma maccanni,-44.89590713,169.8295048,0,0,1,0,0,0
12952,Oligosoma maccanni,-44.88762085,169.6982489,0,0,1,0,0,0
12953,Oligosoma maccanni,-44.69322962,169.6924146,0,0,1,0,0,0
12954,Oligosoma maccanni,-44.85591003,169.7317072,0,0,1,0,0,0
12955,Oligosoma maccanni,-44.72939897,169.8169914,0,0,1,0,0,0
12956,Oligosoma maccanni,-44.90462329,169.8344103,0,0,1,0,0,0
12957,Oligosoma maccanni,-45.01953205,169.3552152,0,0,1,0,0,0
12958,Oligosoma maccanni,-45.05397736,169.4904515,0,0,1,0,0,0
12959,Oligosoma maccanni,-44.95528731,169.6221237,0,0,1,0,0,0
12960,Oligosoma maccanni,-45.00263222,169.2171348,0,0,1,0,0,0
12961,Oligosoma maccanni,-44.93574551,169.5088325,0,0,1,0,0,0
12962,Oligosoma maccanni,-45.06192024,169.5049524,0,0,1,0,0,0
12963,Oligosoma maccanni,-45.06907175,169.3272231,0,0,1,0,0,0
12964,Oligosoma maccanni,-45.10783673,169.5434757,0,0,1,0,0,0
12965,Oligosoma maccanni,-45.1212685,169.5852132,0,0,1,0,0,0
12966,Oligosoma maccanni,-44.93875108,169.2290767,0,0,1,0,0,0
12967,Oligosoma maccanni,-45.54054314,169.8263953,0,0,1,0,0,0
12968,Oligosoma maccanni,-44.72402962,169.822698,0,0,1,0,0,0
12969,Oligosoma maccanni,-44.72133221,169.7300469,0,0,1,0,0,0
12970,Oligosoma maccanni,-44.73100055,169.8320219,0,0,1,0,0,0
12971,Oligosoma maccanni,-44.79839824,169.7510662,0,0,1,0,0,0
12972,Oligosoma maccanni,-44.66737128,169.9376097,0,0,1,0,0,0
12973,Oligosoma maccanni,-44.65107505,169.9066299,0,0,1,0,0,0
12974,Oligosoma maccanni,-44.69394192,169.646679,0,0,1,0,0,0
12975,Oligosoma maccanni,-44.74970608,169.7556511,0,0,1,0,0,0
12976,Oligosoma maccanni,-44.67148794,169.8571014,0,0,1,0,0,0
12977,Oligosoma maccanni,-44.87717547,169.8655399,0,0,1,0,0,0
12978,Oligosoma maccanni,-44.83334328,169.902937,0,0,1,0,0,0
12979,Oligosoma maccanni,-45.33744241,169.6007186,0,0,1,0,0,0
12980,Oligosoma maccanni,-45.37077075,169.7003496,0,0,1,0,0,0
12981,Oligosoma maccanni,-45.26236143,169.710281,0,0,1,0,0,0
12982,Oligosoma maccanni,-45.29929589,169.5953323,0,0,1,0,0,0
12983,Oligosoma maccanni,-45.0120862,169.2605113,0,0,1,0,0,0
12984,Oligosoma maccanni,-44.93159169,169.3077291,0,0,1,0,0,0
12985,Oligosoma maccanni,-44.99950394,169.2600376,0,0,1,0,0,0
12986,Oligosoma maccanni,-44.90737115,169.2278488,0,0,1,0,0,0
12987,Oligosoma maccanni,-45.05256471,169.1935615,0,0,1,0,0,0
12988,Oligosoma maccanni,-45.00845944,169.2393754,0,0,1,0,0,0
12989,Oligosoma maccanni,-45.15260659,169.3778444,0,0,1,0,0,0
12990,Oligosoma maccanni,-44.95278232,169.2706459,0,0,1,0,0,0
12991,Oligosoma maccanni,-45.10664597,169.3491769,0,0,1,0,0,0
12992,Oligosoma maccanni,-44.74546228,169.7257042,0,0,1,0,0,0
12993,Oligosoma maccanni,-44.80633295,169.8093378,0,0,1,0,0,0
12994,Oligosoma maccanni,-44.9534913,169.7991196,0,0,1,0,0,0
12995,Oligosoma maccanni,-44.90039061,169.8014373,0,0,1,0,0,0
12996,Oligosoma maccanni,-44.85348941,169.74551,0,0,1,0,0,0
12997,Oligosoma maccanni,-43.3147687,171.0814417,0,0,1,0,0,0
12998,Oligosoma maccanni,-43.4128682,171.4775817,0,0,1,0,0,0
12999,Oligosoma maccanni,-43.60122013,171.4372948,0,0,1,0,0,0
13000,Oligosoma maccanni,-43.57940426,171.3307501,0,0,1,0,0,0
13001,Oligosoma maccanni,-43.66117699,171.4347334,0,0,1,0,0,0
13002,Oligosoma maccanni,-44.17953571,170.5076109,0,0,1,0,0,0
13003,Oligosoma maccanni,-45.57187462,168.2403821,0,0,1,0,0,0
13004,Oligosoma maccanni,-45.7134758,168.2743905,0,0,1,0,0,0
13005,Oligosoma maccanni,-45.58572523,168.2929497,0,0,1,0,0,0
13006,Oligosoma maccanni,-45.50623773,168.2424776,0,0,1,0,0,0
13007,Oligosoma maccanni,-45.49450032,168.1514835,0,0,1,0,0,0
13008,Oligosoma maccanni,-45.68731603,168.2164946,0,0,1,0,0,0
13009,Oligosoma maccanni,-45.66545854,168.2584265,0,0,1,0,0,0
13010,Oligosoma maccanni,-45.47980239,168.2317716,0,0,1,0,0,0
13011,Oligosoma maccanni,-45.42780105,168.2723368,0,0,1,0,0,0
13012,Oligosoma maccanni,-43.86405344,172.6331957,0,0,1,0,0,0
13013,Oligosoma maccanni,-43.90477939,172.4943308,0,0,1,0,0,0
13014,Oligosoma maccanni,-44.14505926,169.5316615,0,0,1,0,0,0
13015,Oligosoma maccanni,-45.28842701,170.5352884,0,0,1,0,0,0
13016,Oligosoma maccanni,-45.31021371,170.4822801,0,0,1,0,0,0
13017,Oligosoma maccanni,-45.34092676,170.4694685,0,0,1,0,0,0
13018,Oligosoma maccanni,-45.48048111,170.4787347,0,0,1,0,0,0
13019,Oligosoma maccanni,-45.50885872,170.5706249,0,0,1,0,0,0
13020,Oligosoma maccanni,-45.29079871,170.4255934,0,0,1,0,0,0
13021,Oligosoma maccanni,-45.23420919,170.321766,0,0,1,0,0,0
13022,Oligosoma maccanni,-45.22142032,170.3968941,0,0,1,0,0,0
13023,Oligosoma maccanni,-45.308024,170.4294008,0,0,1,0,0,0
13024,Oligosoma maccanni,-45.37174591,170.4707616,0,0,1,0,0,0
13025,Oligosoma maccanni,-45.43477204,170.2996551,0,0,1,0,0,0
13026,Oligosoma maccanni,-45.34198408,170.4691595,0,0,1,0,0,0
13027,Oligosoma maccanni,-45.30808093,170.3557621,0,0,1,0,0,0
13028,Oligosoma maccanni,-45.26475077,170.3297195,0,0,1,0,0,0
13029,Oligosoma maccanni,-45.3026516,170.3356099,0,0,1,0,0,0
13030,Oligosoma maccanni,-45.50686668,168.671959,0,0,1,0,0,0
13031,Oligosoma maccanni,-43.75653305,172.5856338,0,0,1,0,0,0
13032,Oligosoma maccanni,-43.86613404,172.5465402,0,0,1,0,0,0
13033,Oligosoma maccanni,-44.82595812,169.0745923,0,0,1,0,0,0
13034,Oligosoma maccanni,-45.61056695,168.1451494,0,0,1,0,0,0
13035,Oligosoma maccanni,-45.27230381,169.4412476,0,0,1,0,0,0
13036,Oligosoma maccanni,-45.36527487,169.3547334,0,0,1,0,0,0
13037,Oligosoma maccanni,-45.39885021,169.3272661,0,0,1,0,0,0
13038,Oligosoma maccanni,-45.1573225,168.79686,0,0,1,0,0,0
13039,Oligosoma maccanni,-45.11589255,168.8406526,0,0,1,0,0,0
13040,Oligosoma maccanni,-45.42533686,169.5256706,0,0,1,0,0,0
13041,Oligosoma maccanni,-45.56884675,169.5389919,0,0,1,0,0,0
13042,Oligosoma maccanni,-45.57022278,169.522052,0,0,1,0,0,0
13043,Oligosoma maccanni,-45.43484534,170.5036495,0,0,1,0,0,0
13044,Oligosoma maccanni,-44.30374368,170.1309814,0,0,1,0,0,0
13045,Oligosoma maccanni,-44.31201106,170.1054406,0,0,1,0,0,0
13046,Oligosoma maccanni,-44.36755867,170.0852535,0,0,1,0,0,0
13047,Oligosoma maccanni,-44.29981916,169.8835268,0,0,1,0,0,0
13048,Oligosoma maccanni,-44.18588025,170.034527,0,0,1,0,0,0
13049,Oligosoma maccanni,-44.25688226,170.0247453,0,0,1,0,0,0
13050,Oligosoma maccanni,-45.31056636,170.3962188,0,0,1,0,0,0
13051,Oligosoma maccanni,-44.37230732,169.9780135,0,0,1,0,0,0
13052,Oligosoma maccanni,-44.29226928,169.9789646,0,0,1,0,0,0
13053,Oligosoma maccanni,-44.22707834,169.927874,0,0,1,0,0,0
13054,Oligosoma maccanni,-44.33656814,170.1276231,0,0,1,0,0,0
13055,Oligosoma maccanni,-44.30986088,170.1322625,0,0,1,0,0,0
13056,Oligosoma maccanni,-44.26621544,170.1621764,0,0,1,0,0,0
13057,Oligosoma maccanni,-44.38348693,170.0695448,0,0,1,0,0,0
13058,Oligosoma maccanni,-44.33034448,170.1256871,0,0,1,0,0,0
13059,Oligosoma maccanni,-45.3636736,170.4355158,0,0,1,0,0,0
13060,Oligosoma maccanni,-44.04802447,169.862881,0,0,1,0,0,0
13061,Oligosoma maccanni,-45.3623335,168.739374,0,0,1,0,0,0
13062,Oligosoma maccanni,-44.47604974,170.2292624,0,0,1,0,0,0
13063,Oligosoma maccanni,-44.02327941,170.0550635,0,0,1,0,0,0
13064,Oligosoma maccanni,-44.14470007,169.5595137,0,0,1,0,0,0
13065,Oligosoma maccanni,-45.47173315,170.4160926,0,0,1,0,0,0
13066,Oligosoma maccanni,-44.42126074,169.6395108,0,0,1,0,0,0
13067,Oligosoma maccanni,-44.63041902,170.0829984,0,0,1,0,0,0
13068,Oligosoma maccanni,-45.38505547,170.3968256,0,0,1,0,0,0
13069,Oligosoma maccanni,-45.42632412,170.4195936,0,0,1,0,0,0
13070,Oligosoma maccanni,-45.34505172,170.391731,0,0,1,0,0,0
13071,Oligosoma maccanni,-45.3003085,170.4365355,0,0,1,0,0,0
13072,Oligosoma maccanni,-45.38803034,170.3835462,0,0,1,0,0,0
13073,Oligosoma maccanni,-45.33543342,170.3619538,0,0,1,0,0,0
13074,Oligosoma maccanni,-45.58617582,170.3905232,0,0,1,0,0,0
13075,Oligosoma maccanni,-45.48359557,170.3759772,0,0,1,0,0,0
13076,Oligosoma maccanni,-45.65231891,170.3447554,0,0,1,0,0,0
13077,Oligosoma maccanni,-45.592107,170.4107998,0,0,1,0,0,0
13078,Oligosoma maccanni,-45.56093104,170.4094905,0,0,1,0,0,0
13079,Oligosoma maccanni,-45.45404865,170.4124481,0,0,1,0,0,0
13080,Oligosoma maccanni,-45.57547882,170.3405007,0,0,1,0,0,0
13081,Oligosoma maccanni,-45.57141233,170.2963071,0,0,1,0,0,0
13082,Oligosoma maccanni,-45.42164298,170.2984218,0,0,1,0,0,0
13083,Oligosoma maccanni,-45.49485839,170.4235583,0,0,1,0,0,0
13084,Oligosoma maccanni,-44.34325003,170.1425703,0,0,1,0,0,0
13085,Oligosoma maccanni,-44.35864514,169.8676139,0,0,1,0,0,0
13086,Oligosoma maccanni,-44.24818655,170.0093668,0,0,1,0,0,0
13087,Oligosoma maccanni,-45.38801599,170.6688504,0,0,1,0,0,0
13088,Oligosoma maccanni,-45.41535583,170.5956245,0,0,1,0,0,0
13089,Oligosoma maccanni,-45.40571251,170.53296,0,0,1,0,0,0
13090,Oligosoma maccanni,-45.34234197,170.5725888,0,0,1,0,0,0
13091,Oligosoma maccanni,-45.35536947,170.5188438,0,0,1,0,0,0
13092,Oligosoma maccanni,-45.5111038,170.5337855,0,0,1,0,0,0
13093,Oligosoma maccanni,-45.35047528,170.5322908,0,0,1,0,0,0
13094,Oligosoma maccanni,-45.41423349,170.3923882,0,0,1,0,0,0
13095,Oligosoma maccanni,-45.44398148,170.4362536,0,0,1,0,0,0
13096,Oligosoma maccanni,-45.42805373,170.485796,0,0,1,0,0,0
13097,Oligosoma maccanni,-45.52366054,170.5239958,0,0,1,0,0,0
13098,Oligosoma maccanni,-45.31379086,170.5569874,0,0,1,0,0,0
13099,Oligosoma maccanni,-45.49164919,170.5837586,0,0,1,0,0,0
13100,Oligosoma maccanni,-45.41565332,170.5711309,0,0,1,0,0,0
13101,Oligosoma maccanni,-44.31446559,169.5724609,0,0,1,0,0,0
13102,Oligosoma maccanni,-43.844776,170.4058328,0,0,1,0,0,0
13103,Oligosoma maccanni,-43.92964827,170.0726313,0,0,1,0,0,0
13104,Oligosoma maccanni,-43.96806969,170.1552272,0,0,1,0,0,0
13105,Oligosoma maccanni,-43.98611536,170.137433,0,0,1,0,0,0
13106,Oligosoma maccanni,-45.43272057,170.4379407,0,0,1,0,0,0
13107,Oligosoma maccanni,-45.44936284,170.4425883,0,0,1,0,0,0
13108,Oligosoma maccanni,-45.4052706,170.467334,0,0,1,0,0,0
13109,Oligosoma maccanni,-45.51068027,170.4429166,0,0,1,0,0,0
13110,Oligosoma maccanni,-45.39696661,170.3542093,0,0,1,0,0,0
13111,Oligosoma maccanni,-45.54733259,170.3579793,0,0,1,0,0,0
13112,Oligosoma maccanni,-45.3382587,170.4810954,0,0,1,0,0,0
13113,Oligosoma maccanni,-45.55419937,170.4152552,0,0,1,0,0,0
13114,Oligosoma maccanni,-45.36895637,170.4046877,0,0,1,0,0,0
13115,Oligosoma maccanni,-44.19746129,170.0156614,0,0,1,0,0,0
13116,Oligosoma maccanni,-44.10199429,170.0158559,0,0,1,0,0,0
13117,Oligosoma maccanni,-44.22580805,170.0058699,0,0,1,0,0,0
13118,Oligosoma maccanni,-44.28328242,169.8839748,0,0,1,0,0,0
13119,Oligosoma maccanni,-45.38450397,170.4616497,0,0,1,0,0,0
13120,Oligosoma maccanni,-45.39141313,170.4770823,0,0,1,0,0,0
13121,Oligosoma maccanni,-45.38686552,170.4981969,0,0,1,0,0,0
13122,Oligosoma maccanni,-45.52903232,170.4882036,0,0,1,0,0,0
13123,Oligosoma maccanni,-45.51568879,170.379011,0,0,1,0,0,0
13124,Oligosoma maccanni,-45.36821988,170.5224084,0,0,1,0,0,0
13125,Oligosoma maccanni,-45.57019787,170.3531919,0,0,1,0,0,0
13126,Oligosoma maccanni,-45.33060701,170.3926593,0,0,1,0,0,0
13127,Oligosoma maccanni,-45.48309017,170.4561964,0,0,1,0,0,0
13128,Oligosoma maccanni,-45.00081858,169.9814316,0,0,1,0,0,0
13129,Oligosoma maccanni,-44.97787886,170.0154368,0,0,1,0,0,0
13130,Oligosoma maccanni,-44.96262082,169.8955137,0,0,1,0,0,0
13131,Oligosoma maccanni,-45.00362657,169.8986415,0,0,1,0,0,0
13132,Oligosoma maccanni,-44.93280336,169.9772312,0,0,1,0,0,0
13133,Oligosoma maccanni,-45.4929415,169.9256777,0,0,1,0,0,0
13134,Oligosoma maccanni,-45.5057342,170.5459261,0,0,1,0,0,0
13135,Oligosoma maccanni,-43.90634264,170.2091313,0,0,1,0,0,0
13136,Oligosoma maccanni,-45.26190552,170.4755894,0,0,1,0,0,0
13137,Oligosoma maccanni,-45.40158961,170.5296064,0,0,1,0,0,0
13138,Oligosoma maccanni,-45.71348607,168.5433074,0,0,1,0,0,0
13139,Oligosoma maccanni,-45.75472275,168.0913734,0,0,1,0,0,0
13140,Oligosoma maccanni,-45.62643052,169.1477895,0,0,1,0,0,0
13141,Oligosoma maccanni,-46.33165686,169.5052778,0,0,1,0,0,0
13142,Oligosoma maccanni,-44.68233821,169.5543665,0,0,1,0,0,0
13143,Oligosoma maccanni,-44.59354121,169.562466,0,0,1,0,0,0
13144,Oligosoma maccanni,-44.63200935,169.702714,0,0,1,0,0,0
13145,Oligosoma maccanni,-44.62056392,169.6282219,0,0,1,0,0,0
13146,Oligosoma maccanni,-44.64230007,169.6371211,0,0,1,0,0,0
13147,Oligosoma maccanni,-44.65963245,169.0877643,0,0,1,0,0,0
13148,Oligosoma maccanni,-44.72464787,169.1460801,0,0,1,0,0,0
13149,Oligosoma maccanni,-44.65315291,169.0403862,0,0,1,0,0,0
13150,Oligosoma maccanni,-44.1832882,170.4807627,0,0,1,0,0,0
13151,Oligosoma maccanni,-44.26292757,170.2377225,0,0,1,0,0,0
13152,Oligosoma maccanni,-45.42942183,170.4927254,0,0,1,0,0,0
13153,Oligosoma maccanni,-44.34883047,170.1387682,0,0,1,0,0,0
13154,Oligosoma maccanni,-45.31299304,170.6551738,0,0,1,0,0,0
13155,Oligosoma maccanni,-44.74887866,169.6085727,0,0,1,0,0,0
13156,Oligosoma maccanni,-44.67815278,169.5158692,0,0,1,0,0,0
13157,Oligosoma maccanni,-44.61614593,169.4644405,0,0,1,0,0,0
13158,Oligosoma maccanni,-44.58292151,169.5596314,0,0,1,0,0,0
13159,Oligosoma maccanni,-44.61757916,169.6068911,0,0,1,0,0,0
13160,Oligosoma maccanni,-44.77390171,169.555114,0,0,1,0,0,0
13161,Oligosoma maccanni,-44.69360759,169.3058035,0,0,1,0,0,0
13162,Oligosoma maccanni,-44.74524383,169.4397397,0,0,1,0,0,0
13163,Oligosoma maccanni,-44.61449835,169.4420575,0,0,1,0,0,0
13164,Oligosoma maccanni,-44.59333946,169.4863131,0,0,1,0,0,0
13165,Oligosoma maccanni,-44.76211144,169.5359061,0,0,1,0,0,0
13166,Oligosoma maccanni,-44.57815661,169.53176,0,0,1,0,0,0
13167,Oligosoma maccanni,-44.55636752,169.5928463,0,0,1,0,0,0
13168,Oligosoma maccanni,-44.56243541,169.518184,0,0,1,0,0,0
13169,Oligosoma maccanni,-44.60237669,169.5836804,0,0,1,0,0,0
13170,Oligosoma maccanni,-44.74265404,169.5098298,0,0,1,0,0,0
13171,Oligosoma maccanni,-44.57628157,169.4520241,0,0,1,0,0,0
13172,Oligosoma maccanni,-44.56060633,169.5929254,0,0,1,0,0,0
13173,Oligosoma maccanni,-44.65320012,169.5561722,0,0,1,0,0,0
13174,Oligosoma maccanni,-44.66204289,169.5542866,0,0,1,0,0,0
13175,Oligosoma maccanni,-44.68188065,169.4871908,0,0,1,0,0,0
13176,Oligosoma maccanni,-45.43483291,169.3224418,0,0,1,0,0,0
13177,Oligosoma maccanni,-45.36332321,169.3935917,0,0,1,0,0,0
13178,Oligosoma maccanni,-45.28011706,169.3349355,0,0,1,0,0,0
13179,Oligosoma maccanni,-45.59995472,169.613947,0,0,1,0,0,0
13180,Oligosoma maccanni,-45.43664373,169.4793773,0,0,1,0,0,0
13181,Oligosoma maccanni,-45.36288906,170.8513694,0,0,1,0,0,0
13182,Oligosoma maccanni,-45.49710051,168.7639621,0,0,1,0,0,0
13183,Oligosoma maccanni,-45.39033159,168.3415747,0,0,1,0,0,0
13184,Oligosoma maccanni,-45.28812966,168.2909311,0,0,1,0,0,0
13185,Oligosoma maccanni,-45.32594098,168.3208419,0,0,1,0,0,0
13186,Oligosoma maccanni,-44.9586066,170.0969944,0,0,1,0,0,0
13187,Oligosoma maccanni,-44.87490598,170.1747166,0,0,1,0,0,0
13188,Oligosoma maccanni,-45.01237905,170.1025231,0,0,1,0,0,0
13189,Oligosoma maccanni,-44.96854403,170.0742616,0,0,1,0,0,0
13190,Oligosoma maccanni,-45.95400992,168.5881625,0,0,1,0,0,0
13191,Oligosoma maccanni,-46.09785005,168.5422563,0,0,1,0,0,0
13192,Oligosoma maccanni,-45.55255108,168.5099561,0,0,1,0,0,0
13193,Oligosoma maccanni,-44.13013884,170.2599655,0,0,1,0,0,0
13194,Oligosoma maccanni,-46.04705745,168.8127239,0,0,1,0,0,0
13195,Oligosoma maccanni,-46.09239193,168.9282055,0,0,1,0,0,0
13196,Oligosoma maccanni,-45.8804596,168.5304254,0,0,1,0,0,0
13197,Oligosoma maccanni,-45.93025253,168.8589517,0,0,1,0,0,0
13198,Oligosoma maccanni,-44.48965691,169.1452767,0,0,1,0,0,0
13199,Oligosoma maccanni,-44.36972329,169.2904178,0,0,1,0,0,0
13200,Oligosoma maccanni,-43.95454968,170.587115,0,0,1,0,0,0
13201,Oligosoma maccanni,-44.75816922,170.2794213,0,0,1,0,0,0
13202,Oligosoma maccanni,-44.74505807,170.2009796,0,0,1,0,0,0
13203,Oligosoma maccanni,-44.8625155,170.1683138,0,0,1,0,0,0
13204,Oligosoma maccanni,-44.74557237,170.2106245,0,0,1,0,0,0
13205,Oligosoma maccanni,-44.89732816,170.0620752,0,0,1,0,0,0
13206,Oligosoma maccanni,-45.0985192,169.1600943,0,0,1,0,0,0
13207,Oligosoma maccanni,-44.76251037,169.4164179,0,0,1,0,0,0
13208,Oligosoma maccanni,-44.83817961,169.364863,0,0,1,0,0,0
13209,Oligosoma maccanni,-44.89442301,169.9883026,0,0,1,0,0,0
13210,Oligosoma maccanni,-44.91845659,169.983649,0,0,1,0,0,0
13211,Oligosoma maccanni,-44.90947316,169.9731715,0,0,1,0,0,0
13212,Oligosoma maccanni,-44.83080046,169.8359065,0,0,1,0,0,0
13213,Oligosoma maccanni,-44.9785141,169.9456286,0,0,1,0,0,0
13214,Oligosoma maccanni,-44.9807763,169.891182,0,0,1,0,0,0
13215,Oligosoma maccanni,-44.80845042,169.8474038,0,0,1,0,0,0
13216,Oligosoma maccanni,-44.76071096,169.9818684,0,0,1,0,0,0
13217,Oligosoma maccanni,-44.88159172,169.8251407,0,0,1,0,0,0
13218,Oligosoma maccanni,-44.86554717,170.2239072,0,0,1,0,0,0
13219,Oligosoma maccanni,-44.94610117,170.2990946,0,0,1,0,0,0
13220,Oligosoma maccanni,-44.80797895,170.165112,0,0,1,0,0,0
13221,Oligosoma maccanni,-44.78099537,170.2057081,0,0,1,0,0,0
13222,Oligosoma maccanni,-44.92829419,170.368071,0,0,1,0,0,0
13223,Oligosoma maccanni,-44.91066318,170.3388231,0,0,1,0,0,0
13224,Oligosoma maccanni,-45.04767657,170.4539024,0,0,1,0,0,0
13225,Oligosoma maccanni,-44.75251425,169.0683105,0,0,1,0,0,0
13226,Oligosoma maccanni,-44.75840639,169.0688885,0,0,1,0,0,0
13227,Oligosoma maccanni,-45.7163573,167.7276475,0,0,1,0,0,0
13228,Oligosoma maccanni,-45.62081832,167.6952135,0,0,1,0,0,0
13229,Oligosoma maccanni,-45.80296974,167.8668855,0,0,1,0,0,0
13230,Oligosoma maccanni,-45.61894577,167.6977685,0,0,1,0,0,0
13231,Oligosoma maccanni,-45.70541189,167.7104865,0,0,1,0,0,0
13232,Oligosoma maccanni,-45.83323431,167.6612301,0,0,1,0,0,0
13233,Oligosoma maccanni,-44.88828195,169.9361094,0,0,1,0,0,0
13234,Oligosoma maccanni,-44.91746876,169.8592841,0,0,1,0,0,0
13235,Oligosoma maccanni,-44.86735615,169.7633063,0,0,1,0,0,0
13236,Oligosoma maccanni,-44.8186937,169.8752406,0,0,1,0,0,0
13237,Oligosoma maccanni,-44.80742102,169.9564993,0,0,1,0,0,0
13238,Oligosoma maccanni,-44.81820514,168.6032941,0,0,1,0,0,0
13239,Oligosoma maccanni,-44.97669149,168.4167505,0,0,1,0,0,0
13240,Oligosoma maccanni,-44.89769817,168.4794107,0,0,1,0,0,0
13241,Oligosoma maccanni,-45.49108294,170.7390066,0,0,1,0,0,0
13242,Oligosoma maccanni,-44.06180637,170.5959441,0,0,1,0,0,0
13243,Oligosoma maccanni,-43.84743791,170.5086384,0,0,1,0,0,0
13244,Oligosoma maccanni,-44.89547821,170.0276739,0,0,1,0,0,0
13245,Oligosoma maccanni,-44.77048271,170.1911399,0,0,1,0,0,0
13246,Oligosoma maccanni,-44.85714024,170.14212,0,0,1,0,0,0
13247,Oligosoma maccanni,-44.85275327,170.1040654,0,0,1,0,0,0
13248,Oligosoma maccanni,-43.57386647,171.1233447,0,0,1,0,0,0
13249,Oligosoma maccanni,-45.20074543,169.4786323,0,0,1,0,0,0
13250,Oligosoma maccanni,-45.2864112,169.4885179,0,0,1,0,0,0
13251,Oligosoma maccanni,-45.35756987,169.5928552,0,0,1,0,0,0
13252,Oligosoma maccanni,-45.27081904,169.493615,0,0,1,0,0,0
13253,Oligosoma maccanni,-45.3074815,169.5482928,0,0,1,0,0,0
13254,Oligosoma maccanni,-45.43582533,169.5723454,0,0,1,0,0,0
13255,Oligosoma maccanni,-45.48648232,169.5857944,0,0,1,0,0,0
13256,Oligosoma maccanni,-45.29524592,169.5406128,0,0,1,0,0,0
13257,Oligosoma maccanni,-44.57528537,170.1218001,0,0,1,0,0,0
13258,Oligosoma maccanni,-44.56997226,170.142887,0,0,1,0,0,0
13259,Oligosoma maccanni,-44.60920451,170.1227975,0,0,1,0,0,0
13260,Oligosoma maccanni,-44.58121788,169.6506599,0,0,1,0,0,0
13261,Oligosoma maccanni,-44.52180462,169.5853146,0,0,1,0,0,0
13262,Oligosoma maccanni,-44.54047216,170.1689644,0,0,1,0,0,0
13263,Oligosoma maccanni,-44.63627474,170.1057341,0,0,1,0,0,0
13264,Oligosoma maccanni,-44.56808911,170.1588194,0,0,1,0,0,0
13265,Oligosoma maccanni,-44.59673449,169.5334689,0,0,1,0,0,0
13266,Oligosoma maccanni,-44.51468387,169.6341505,0,0,1,0,0,0
13267,Oligosoma maccanni,-44.6575506,169.5414428,0,0,1,0,0,0
13268,Oligosoma maccanni,-44.63565913,169.5754518,0,0,1,0,0,0
13269,Oligosoma maccanni,-44.61567983,169.531741,0,0,1,0,0,0
13270,Oligosoma maccanni,-44.61475889,170.2397332,0,0,1,0,0,0
13271,Oligosoma maccanni,-44.45783825,170.1527013,0,0,1,0,0,0
13272,Oligosoma maccanni,-44.57801552,170.2269722,0,0,1,0,0,0
13273,Oligosoma maccanni,-43.7723756,172.5122218,0,0,1,0,0,0
13274,Oligosoma maccanni,-45.30092303,170.3963222,0,0,1,0,0,0
13275,Oligosoma maccanni,-43.76302862,173.056433,0,0,1,0,0,0
13276,Oligosoma maccanni,-45.02167721,170.4380574,0,0,1,0,0,0
13277,Oligosoma maccanni,-44.93161835,170.4447469,0,0,1,0,0,0
13278,Oligosoma maccanni,-45.03408967,170.5305985,0,0,1,0,0,0
13279,Oligosoma maccanni,-45.09977062,170.3462371,0,0,1,0,0,0
13280,Oligosoma maccanni,-45.18996424,170.4995238,0,0,1,0,0,0
13281,Oligosoma maccanni,-45.3424949,170.5161412,0,0,1,0,0,0
13282,Oligosoma maccanni,-45.28052399,170.601298,0,0,1,0,0,0
13283,Oligosoma maccanni,-45.27780668,169.4713327,0,0,1,0,0,0
13284,Oligosoma maccanni,-44.46785207,170.6793427,0,0,1,0,0,0
13285,Oligosoma maccanni,-44.57728748,169.5813774,0,0,1,0,0,0
13286,Oligosoma maccanni,-44.68761771,169.6973297,0,0,1,0,0,0
13287,Oligosoma maccanni,-44.64381223,169.5651917,0,0,1,0,0,0
13288,Oligosoma maccanni,-44.68875811,169.7254815,0,0,1,0,0,0
13289,Oligosoma maccanni,-44.61001043,169.7407326,0,0,1,0,0,0
13290,Oligosoma maccanni,-44.47649294,169.5717725,0,0,1,0,0,0
13291,Oligosoma maccanni,-44.60598987,169.5373502,0,0,1,0,0,0
13292,Oligosoma maccanni,-44.51113667,169.505709,0,0,1,0,0,0
13293,Oligosoma maccanni,-43.67362419,171.0592451,0,0,1,0,0,0
13294,Oligosoma maccanni,-43.65393575,171.2129384,0,0,1,0,0,0
13295,Oligosoma maccanni,-43.60428672,171.1104619,0,0,1,0,0,0
13296,Oligosoma maccanni,-45.24911117,170.0689137,0,0,1,0,0,0
13297,Oligosoma maccanni,-45.37807797,169.9251495,0,0,1,0,0,0
13298,Oligosoma maccanni,-45.39380684,169.9891427,0,0,1,0,0,0
13299,Oligosoma maccanni,-45.30631916,169.9666406,0,0,1,0,0,0
13300,Oligosoma maccanni,-45.4975132,170.0160377,0,0,1,0,0,0
13301,Oligosoma maccanni,-45.37429383,170.0740937,0,0,1,0,0,0
13302,Oligosoma maccanni,-45.31516995,170.0228204,0,0,1,0,0,0
13303,Oligosoma maccanni,-45.38154058,170.0542643,0,0,1,0,0,0
13304,Oligosoma maccanni,-45.38966056,170.0818092,0,0,1,0,0,0
13305,Oligosoma maccanni,-45.45078385,170.1133117,0,0,1,0,0,0
13306,Oligosoma maccanni,-45.2978272,170.0244108,0,0,1,0,0,0
13307,Oligosoma maccanni,-45.3369516,170.1232473,0,0,1,0,0,0
13308,Oligosoma maccanni,-45.29309525,170.1474932,0,0,1,0,0,0
13309,Oligosoma maccanni,-45.23472038,170.1268755,0,0,1,0,0,0
13310,Oligosoma maccanni,-45.32755493,170.1186959,0,0,1,0,0,0
13311,Oligosoma maccanni,-45.27200986,169.9670773,0,0,1,0,0,0
13312,Oligosoma maccanni,-45.25706299,170.177557,0,0,1,0,0,0
13313,Oligosoma maccanni,-45.37959238,170.1798421,0,0,1,0,0,0
13314,Oligosoma maccanni,-45.05479245,169.3434712,0,0,1,0,0,0
13315,Oligosoma maccanni,-45.23799415,169.3954178,0,0,1,0,0,0
13316,Oligosoma maccanni,-45.12103823,169.4119833,0,0,1,0,0,0
13317,Oligosoma maccanni,-45.16617192,169.3642111,0,0,1,0,0,0
13318,Oligosoma maccanni,-45.08887633,169.3062333,0,0,1,0,0,0
13319,Oligosoma maccanni,-45.00297709,169.3481777,0,0,1,0,0,0
13320,Oligosoma maccanni,-45.1757051,169.4062806,0,0,1,0,0,0
13321,Oligosoma maccanni,-45.02737379,169.2764276,0,0,1,0,0,0
13322,Oligosoma maccanni,-43.77078001,172.7920709,0,0,1,0,0,0
13323,Oligosoma maccanni,-44.94538621,168.742866,0,0,1,0,0,0
13324,Oligosoma maccanni,-45.23510481,168.1058315,0,0,1,0,0,0
13325,Oligosoma maccanni,-45.15604195,168.1213134,0,0,1,0,0,0
13326,Oligosoma maccanni,-45.57769226,168.3512374,0,0,1,0,0,0
13327,Oligosoma maccanni,-43.85356697,172.7971936,0,0,1,0,0,0
13328,Oligosoma maccanni,-45.07866003,169.2889808,0,0,1,0,0,0
13329,Oligosoma maccanni,-44.89594023,168.9054768,0,0,1,0,0,0
13330,Oligosoma maccanni,-45.06156584,169.239032,0,0,1,0,0,0
13331,Oligosoma maccanni,-44.98685191,169.2481461,0,0,1,0,0,0
13332,Oligosoma maccanni,-45.151336,168.9785186,0,0,1,0,0,0
13333,Oligosoma maccanni,-45.16436047,169.0223004,0,0,1,0,0,0
13334,Oligosoma maccanni,-45.08526819,168.7726988,0,0,1,0,0,0
13335,Oligosoma maccanni,-45.16068363,168.3808329,0,0,1,0,0,0
13336,Oligosoma maccanni,-45.31047145,169.212166,0,0,1,0,0,0
13337,Oligosoma maccanni,-45.64391163,169.8811956,0,0,1,0,0,0
13338,Oligosoma maccanni,-45.25504628,169.1444192,0,0,1,0,0,0
13339,Oligosoma maccanni,-45.21757651,169.097104,0,0,1,0,0,0
13340,Oligosoma maccanni,-43.96079049,170.3822023,0,0,1,0,0,0
13341,Oligosoma maccanni,-45.26504625,169.0988144,0,0,1,0,0,0
13342,Oligosoma maccanni,-45.28810148,169.1696751,0,0,1,0,0,0
13343,Oligosoma maccanni,-45.17037576,169.1191576,0,0,1,0,0,0
13344,Oligosoma maccanni,-45.18140249,169.1795089,0,0,1,0,0,0
13345,Oligosoma maccanni,-43.74360334,170.2960782,0,0,1,0,0,0
13346,Oligosoma maccanni,-43.71541005,170.4332547,0,0,1,0,0,0
13347,Oligosoma maccanni,-43.74889796,170.3122763,0,0,1,0,0,0
13348,Oligosoma maccanni,-43.96024414,170.3967929,0,0,1,0,0,0
13349,Oligosoma maccanni,-43.80029534,170.3123586,0,0,1,0,0,0
13350,Oligosoma maccanni,-43.75357645,170.4421069,0,0,1,0,0,0
13351,Oligosoma maccanni,-43.7698637,170.4187664,0,0,1,0,0,0
13352,Oligosoma maccanni,-44.02180872,170.506706,0,0,1,0,0,0
13353,Oligosoma maccanni,-43.77543995,170.4024085,0,0,1,0,0,0
13354,Oligosoma maccanni,-43.86025788,170.3521629,0,0,1,0,0,0
13355,Oligosoma maccanni,-44.26884584,170.7013619,0,0,1,0,0,0
13356,Oligosoma maccanni,-44.04052288,170.5373197,0,0,1,0,0,0
13357,Oligosoma maccanni,-44.14934832,170.722582,0,0,1,0,0,0
13358,Oligosoma maccanni,-44.19811627,170.6614464,0,0,1,0,0,0
13359,Oligosoma maccanni,-44.11923478,170.7022349,0,0,1,0,0,0
13360,Oligosoma maccanni,-44.27077768,170.649946,0,0,1,0,0,0
13361,Oligosoma maccanni,-42.46586505,173.0115441,0,0,1,0,0,0
13362,Oligosoma maccanni,-45.02940739,169.4666222,0,0,1,0,0,0
13363,Oligosoma maccanni,-44.7008873,170.5210594,0,0,1,0,0,0
13364,Oligosoma maccanni,-44.71094134,170.4304225,0,0,1,0,0,0
13365,Oligosoma maccanni,-44.62645294,170.46809,0,0,1,0,0,0
13366,Oligosoma maccanni,-44.56072263,170.4649724,0,0,1,0,0,0
13367,Oligosoma maccanni,-44.63914508,170.4552758,0,0,1,0,0,0
13368,Oligosoma maccanni,-44.72608769,170.4465798,0,0,1,0,0,0
13369,Oligosoma maccanni,-44.66631257,170.3833561,0,0,1,0,0,0
13370,Oligosoma maccanni,-44.75458856,170.4846067,0,0,1,0,0,0
13371,Oligosoma maccanni,-44.57279577,170.4898367,0,0,1,0,0,0
13372,Oligosoma maccanni,-44.71544802,170.5028939,0,0,1,0,0,0
13373,Oligosoma maccanni,-44.68752566,170.4366634,0,0,1,0,0,0
13374,Oligosoma maccanni,-44.67129018,170.4732754,0,0,1,0,0,0
13375,Oligosoma maccanni,-44.58858792,170.479012,0,0,1,0,0,0
13376,Oligosoma maccanni,-44.6164616,170.539592,0,0,1,0,0,0
13377,Oligosoma maccanni,-44.33136839,170.695396,0,0,1,0,0,0
13378,Oligosoma maccanni,-44.29978527,170.6983563,0,0,1,0,0,0
13379,Oligosoma maccanni,-44.31345014,170.7549042,0,0,1,0,0,0
13380,Oligosoma maccanni,-44.46454519,170.7370703,0,0,1,0,0,0
13381,Oligosoma maccanni,-43.51222012,172.3572107,0,0,1,0,0,0
13382,Oligosoma maccanni,-43.55843617,172.4321556,0,0,1,0,0,0
13383,Oligosoma maccanni,-44.31391321,170.7732384,0,0,1,0,0,0
13384,Oligosoma maccanni,-44.29361951,170.6291977,0,0,1,0,0,0
13385,Oligosoma maccanni,-44.4715512,170.6282295,0,0,1,0,0,0
13386,Oligosoma maccanni,-44.29079246,170.6415302,0,0,1,0,0,0
13387,Oligosoma maccanni,-44.38106252,170.6778575,0,0,1,0,0,0
13388,Oligosoma maccanni,-43.47021525,172.2945656,0,0,1,0,0,0
13389,Oligosoma maccanni,-43.57214613,172.4736048,0,0,1,0,0,0
13390,Oligosoma maccanni,-43.56302264,172.4968841,0,0,1,0,0,0
13391,Oligosoma maccanni,-43.42265061,172.3940649,0,0,1,0,0,0
13392,Oligosoma maccanni,-43.42577171,172.4956996,0,0,1,0,0,0
13393,Oligosoma maccanni,-43.42776029,172.324154,0,0,1,0,0,0
13394,Oligosoma maccanni,-43.52686225,172.5336505,0,0,1,0,0,0
13395,Oligosoma maccanni,-43.56954747,172.4597974,0,0,1,0,0,0
13396,Oligosoma maccanni,-44.24111186,170.5328241,0,0,1,0,0,0
13397,Oligosoma maccanni,-44.10695141,170.6397657,0,0,1,0,0,0
13398,Oligosoma maccanni,-44.19173458,170.5117123,0,0,1,0,0,0
13399,Oligosoma maccanni,-44.27661308,170.5326217,0,0,1,0,0,0
13400,Oligosoma maccanni,-44.28369896,170.5457883,0,0,1,0,0,0
13401,Oligosoma maccanni,-44.35030574,170.63437,0,0,1,0,0,0
13402,Oligosoma maccanni,-44.4759089,170.5697297,0,0,1,0,0,0
13403,Oligosoma maccanni,-44.2256304,170.6544471,0,0,1,0,0,0
13404,Oligosoma maccanni,-44.36269572,170.4512339,0,0,1,0,0,0
13405,Oligosoma maccanni,-44.33177998,170.6014164,0,0,1,0,0,0
13406,Oligosoma maccanni,-44.21645015,170.4829087,0,0,1,0,0,0
13407,Oligosoma maccanni,-44.37173831,170.6048526,0,0,1,0,0,0
13408,Oligosoma maccanni,-44.38157073,170.4801725,0,0,1,0,0,0
13409,Oligosoma maccanni,-44.27752431,170.5895197,0,0,1,0,0,0
13410,Oligosoma maccanni,-44.34518646,170.5087164,0,0,1,0,0,0
13411,Oligosoma maccanni,-44.1996348,170.4513626,0,0,1,0,0,0
13412,Oligosoma maccanni,-44.24364586,170.4977878,0,0,1,0,0,0
13413,Oligosoma maccanni,-44.43590269,170.5054488,0,0,1,0,0,0
13414,Oligosoma maccanni,-44.38662824,170.5930948,0,0,1,0,0,0
13415,Oligosoma maccanni,-44.2232412,170.6407685,0,0,1,0,0,0
13416,Oligosoma maccanni,-44.16013727,170.6025308,0,0,1,0,0,0
13417,Oligosoma maccanni,-44.31978041,170.5837062,0,0,1,0,0,0
13418,Oligosoma maccanni,-44.29855727,170.5375661,0,0,1,0,0,0
13419,Oligosoma maccanni,-44.1737725,170.6525859,0,0,1,0,0,0
13420,Oligosoma maccanni,-44.39576279,170.4533537,0,0,1,0,0,0
13421,Oligosoma maccanni,-44.40981513,170.6155468,0,0,1,0,0,0
13422,Oligosoma maccanni,-44.44431665,170.5992664,0,0,1,0,0,0
13423,Oligosoma maccanni,-44.33405133,170.4942182,0,0,1,0,0,0
13424,Oligosoma maccanni,-44.37790181,170.4993642,0,0,1,0,0,0
13425,Oligosoma maccanni,-44.91263544,169.7545425,0,0,1,0,0,0
13426,Oligosoma maccanni,-44.82989849,169.7999105,0,0,1,0,0,0
13427,Oligosoma maccanni,-44.67371181,169.7708673,0,0,1,0,0,0
13428,Oligosoma maccanni,-44.84243162,169.8398698,0,0,1,0,0,0
13429,Oligosoma maccanni,-44.81789659,169.8130771,0,0,1,0,0,0
13430,Oligosoma maccanni,-44.94706807,169.7348573,0,0,1,0,0,0
13431,Oligosoma maccanni,-44.95476382,169.6963035,0,0,1,0,0,0
13432,Oligosoma maccanni,-42.86158666,173.2511981,0,0,1,0,0,0
13433,Oligosoma maccanni,-42.85881045,173.2125256,0,0,1,0,0,0
13434,Oligosoma maccanni,-42.90325899,173.2775534,0,0,1,0,0,0
13435,Oligosoma maccanni,-42.92836343,173.2889233,0,0,1,0,0,0
13436,Oligosoma maccanni,-43.66934379,173.0386117,0,0,1,0,0,0
13437,Oligosoma maccanni,-43.75191533,170.5757389,0,0,1,0,0,0
13438,Oligosoma maccanni,-44.12113922,170.5241368,0,0,1,0,0,0
13439,Oligosoma maccanni,-44.03531081,170.525183,0,0,1,0,0,0
13440,Oligosoma maccanni,-44.05128808,170.5399978,0,0,1,0,0,0
13441,Oligosoma maccanni,-45.14895223,169.2276244,0,0,1,0,0,0
13442,Oligosoma maccanni,-45.09903991,169.3035018,0,0,1,0,0,0
13443,Oligosoma maccanni,-45.10256953,169.2986925,0,0,1,0,0,0
13444,Oligosoma maccanni,-45.15126397,169.1757613,0,0,1,0,0,0
13445,Oligosoma maccanni,-44.97384793,169.341009,0,0,1,0,0,0
13446,Oligosoma maccanni,-45.1295895,169.1844213,0,0,1,0,0,0
13447,Oligosoma maccanni,-45.15898876,169.2871798,0,0,1,0,0,0
13448,Oligosoma maccanni,-44.34663537,170.1146175,0,0,1,0,0,0
13449,Oligosoma maccanni,-44.32281347,170.2746169,0,0,1,0,0,0
13450,Oligosoma maccanni,-44.12378519,170.2569572,0,0,1,0,0,0
13451,Oligosoma maccanni,-44.20943604,170.2589857,0,0,1,0,0,0
13452,Oligosoma maccanni,-44.29351103,170.1899122,0,0,1,0,0,0
13453,Oligosoma maccanni,-44.13319125,170.2370545,0,0,1,0,0,0
13454,Oligosoma maccanni,-44.3229092,170.3936443,0,0,1,0,0,0
13455,Oligosoma maccanni,-44.29707792,170.414879,0,0,1,0,0,0
13456,Oligosoma maccanni,-44.38315258,170.4352703,0,0,1,0,0,0
13457,Oligosoma maccanni,-44.40855282,170.5375648,0,0,1,0,0,0
13458,Oligosoma maccanni,-44.23662364,170.5718153,0,0,1,0,0,0
13459,Oligosoma maccanni,-44.47352116,170.4862808,0,0,1,0,0,0
13460,Oligosoma maccanni,-44.31663682,170.477682,0,0,1,0,0,0
13461,Oligosoma maccanni,-44.25603918,170.5239026,0,0,1,0,0,0
13462,Oligosoma maccanni,-44.38225455,170.4173564,0,0,1,0,0,0
13463,Oligosoma maccanni,-44.43019621,170.4897646,0,0,1,0,0,0
13464,Oligosoma maccanni,-44.25031177,170.5014877,0,0,1,0,0,0
13465,Oligosoma maccanni,-44.37601242,170.4652706,0,0,1,0,0,0
13466,Oligosoma maccanni,-44.25473485,170.3807314,0,0,1,0,0,0
13467,Oligosoma maccanni,-44.44458487,170.4167648,0,0,1,0,0,0
13468,Oligosoma maccanni,-44.41367528,170.5176745,0,0,1,0,0,0
13469,Oligosoma maccanni,-44.21811884,170.482372,0,0,1,0,0,0
13470,Oligosoma maccanni,-44.32505342,170.5296417,0,0,1,0,0,0
13471,Oligosoma maccanni,-44.38607499,170.5797298,0,0,1,0,0,0
13472,Oligosoma maccanni,-44.38303908,170.4868662,0,0,1,0,0,0
13473,Oligosoma maccanni,-44.23944199,170.4514788,0,0,1,0,0,0
13474,Oligosoma maccanni,-44.30886517,170.4895654,0,0,1,0,0,0
13475,Oligosoma maccanni,-44.35459712,170.4963028,0,0,1,0,0,0
13476,Oligosoma maccanni,-44.30390513,170.6019919,0,0,1,0,0,0
13477,Oligosoma maccanni,-44.40768974,170.5132321,0,0,1,0,0,0
13478,Oligosoma maccanni,-44.33144757,170.4842024,0,0,1,0,0,0
13479,Oligosoma maccanni,-44.23360946,170.5740535,0,0,1,0,0,0
13480,Oligosoma maccanni,-44.47154042,170.4067306,0,0,1,0,0,0
13481,Oligosoma maccanni,-44.42934567,170.370174,0,0,1,0,0,0
13482,Oligosoma maccanni,-44.43232226,170.3465056,0,0,1,0,0,0
13483,Oligosoma maccanni,-44.29755217,170.4692597,0,0,1,0,0,0
13484,Oligosoma maccanni,-44.40513106,170.5039993,0,0,1,0,0,0
13485,Oligosoma maccanni,-44.27262276,170.5464273,0,0,1,0,0,0
13486,Oligosoma maccanni,-44.44740975,170.559344,0,0,1,0,0,0
13487,Oligosoma maccanni,-44.45201674,170.5130515,0,0,1,0,0,0
13488,Oligosoma maccanni,-44.30278661,170.5567159,0,0,1,0,0,0
13489,Oligosoma maccanni,-44.36676913,170.5526183,0,0,1,0,0,0
13490,Oligosoma maccanni,-44.38742206,170.4546841,0,0,1,0,0,0
13491,Oligosoma maccanni,-44.26807111,170.4241388,0,0,1,0,0,0
13492,Oligosoma maccanni,-44.40383152,170.5550827,0,0,1,0,0,0
13493,Oligosoma maccanni,-44.29754734,170.5568412,0,0,1,0,0,0
13494,Oligosoma maccanni,-44.44822215,170.4133606,0,0,1,0,0,0
13495,Oligosoma maccanni,-44.33092294,170.5070649,0,0,1,0,0,0
13496,Oligosoma maccanni,-44.39726417,170.4221773,0,0,1,0,0,0
13497,Oligosoma maccanni,-44.48541484,170.5512635,0,0,1,0,0,0
13498,Oligosoma maccanni,-44.43077897,170.4747389,0,0,1,0,0,0
13499,Oligosoma maccanni,-44.31284103,170.4865667,0,0,1,0,0,0
13500,Oligosoma maccanni,-44.45975052,170.4722128,0,0,1,0,0,0
13501,Oligosoma maccanni,-44.36258099,170.5843792,0,0,1,0,0,0
13502,Oligosoma maccanni,-44.31443824,170.5791467,0,0,1,0,0,0
13503,Oligosoma maccanni,-44.39921177,170.5592019,0,0,1,0,0,0
13504,Oligosoma maccanni,-44.48397029,170.3656909,0,0,1,0,0,0
13505,Oligosoma maccanni,-44.40150673,170.5165666,0,0,1,0,0,0
13506,Oligosoma maccanni,-44.27078717,170.4596536,0,0,1,0,0,0
13507,Oligosoma maccanni,-45.08799923,170.3230322,0,0,1,0,0,0
13508,Oligosoma maccanni,-44.88705751,170.3005009,0,0,1,0,0,0
13509,Oligosoma maccanni,-45.06152642,170.3023625,0,0,1,0,0,0
13510,Oligosoma maccanni,-44.94301148,170.2745843,0,0,1,0,0,0
13511,Oligosoma maccanni,-45.03069426,170.204501,0,0,1,0,0,0
13512,Oligosoma maccanni,-45.06498352,170.313944,0,0,1,0,0,0
13513,Oligosoma maccanni,-45.01790132,170.3133671,0,0,1,0,0,0
13514,Oligosoma maccanni,-45.03773132,170.3198109,0,0,1,0,0,0
13515,Oligosoma maccanni,-44.32231567,170.5517353,0,0,1,0,0,0
13516,Oligosoma maccanni,-44.29111676,170.6116283,0,0,1,0,0,0
13517,Oligosoma maccanni,-44.25353522,170.5712227,0,0,1,0,0,0
13518,Oligosoma maccanni,-44.29203896,170.607713,0,0,1,0,0,0
13519,Oligosoma maccanni,-44.14422796,170.7233914,0,0,1,0,0,0
13520,Oligosoma maccanni,-44.14834655,170.6335333,0,0,1,0,0,0
13521,Oligosoma maccanni,-44.18990315,170.6953133,0,0,1,0,0,0
13522,Oligosoma maccanni,-44.33340594,170.5239546,0,0,1,0,0,0
13523,Oligosoma maccanni,-44.2231008,170.627592,0,0,1,0,0,0
13524,Oligosoma maccanni,-44.42487928,170.5458353,0,0,1,0,0,0
13525,Oligosoma maccanni,-44.34975407,170.6548083,0,0,1,0,0,0
13526,Oligosoma maccanni,-44.40456405,170.6359836,0,0,1,0,0,0
13527,Oligosoma maccanni,-44.33995584,170.5326691,0,0,1,0,0,0
13528,Oligosoma maccanni,-45.29383935,168.7346086,0,0,1,0,0,0
13529,Oligosoma maccanni,-45.3071992,168.7632556,0,0,1,0,0,0
13530,Oligosoma maccanni,-45.34711915,168.8214073,0,0,1,0,0,0
13531,Oligosoma maccanni,-45.26210641,168.7820481,0,0,1,0,0,0
13532,Oligosoma maccanni,-45.36416067,168.9578882,0,0,1,0,0,0
13533,Oligosoma maccanni,-44.27738013,170.6798494,0,0,1,0,0,0
13534,Oligosoma maccanni,-44.23026049,170.6807049,0,0,1,0,0,0
13535,Oligosoma maccanni,-44.30098003,170.6826558,0,0,1,0,0,0
13536,Oligosoma maccanni,-44.12185746,170.5197272,0,0,1,0,0,0
13537,Oligosoma maccanni,-44.22717732,170.5105903,0,0,1,0,0,0
13538,Oligosoma maccanni,-44.30558526,170.6081189,0,0,1,0,0,0
13539,Oligosoma maccanni,-44.33059512,170.6632688,0,0,1,0,0,0
13540,Oligosoma maccanni,-44.42863713,170.6875535,0,0,1,0,0,0
13541,Oligosoma maccanni,-44.25018195,170.6839783,0,0,1,0,0,0
13542,Oligosoma maccanni,-44.38738218,170.6382822,0,0,1,0,0,0
13543,Oligosoma maccanni,-44.2859148,170.7016245,0,0,1,0,0,0
13544,Oligosoma maccanni,-44.35279244,170.6772136,0,0,1,0,0,0
13545,Oligosoma maccanni,-44.34051204,170.722579,0,0,1,0,0,0
13546,Oligosoma maccanni,-44.24384437,170.5715658,0,0,1,0,0,0
13547,Oligosoma maccanni,-44.32083716,170.6695652,0,0,1,0,0,0
13548,Oligosoma maccanni,-44.24948655,170.6052067,0,0,1,0,0,0
13549,Oligosoma maccanni,-44.39772444,170.5986547,0,0,1,0,0,0
13550,Oligosoma maccanni,-43.5737446,172.6814703,0,0,1,0,0,0
13551,Oligosoma maccanni,-44.15285272,170.6777026,0,0,1,0,0,0
13552,Oligosoma maccanni,-44.16769052,170.6931995,0,0,1,0,0,0
13553,Oligosoma maccanni,-44.48584094,171.2673892,0,0,1,0,0,0
13554,Oligosoma maccanni,-44.36442969,171.3396584,0,0,1,0,0,0
13555,Oligosoma maccanni,-43.46598828,171.1379855,0,0,1,0,0,0
13556,Oligosoma maccanni,-43.43138189,171.3001711,0,0,1,0,0,0
13557,Oligosoma maccanni,-43.49178434,170.9725812,0,0,1,0,0,0
13558,Oligosoma maccanni,-44.8143105,169.8735241,0,0,1,0,0,0
13559,Oligosoma maccanni,-44.66598094,169.8366517,0,0,1,0,0,0
13560,Oligosoma maccanni,-44.81377448,169.825554,0,0,1,0,0,0
13561,Oligosoma maccanni,-44.75640989,169.8912517,0,0,1,0,0,0
13562,Oligosoma maccanni,-43.40339168,171.2251808,0,0,1,0,0,0
13563,Oligosoma maccanni,-44.0600612,170.8185064,0,0,1,0,0,0
13564,Oligosoma maccanni,-44.07767341,170.7675625,0,0,1,0,0,0
13565,Oligosoma maccanni,-44.10023706,170.6747427,0,0,1,0,0,0
13566,Oligosoma maccanni,-44.32629481,170.8332428,0,0,1,0,0,0
13567,Oligosoma maccanni,-44.4561949,171.084175,0,0,1,0,0,0
13568,Oligosoma maccanni,-44.09351261,170.7823547,0,0,1,0,0,0
13569,Oligosoma maccanni,-44.21168229,170.6900878,0,0,1,0,0,0
13570,Oligosoma maccanni,-44.14905397,170.7755909,0,0,1,0,0,0
13571,Oligosoma maccanni,-44.143861,170.7924903,0,0,1,0,0,0
13572,Oligosoma maccanni,-44.24891492,170.7134008,0,0,1,0,0,0
13573,Oligosoma maccanni,-44.23532405,170.7594729,0,0,1,0,0,0
13574,Oligosoma maccanni,-44.09519306,170.6846715,0,0,1,0,0,0
13575,Oligosoma maccanni,-44.19510077,170.6822926,0,0,1,0,0,0
13576,Oligosoma maccanni,-44.30793907,170.717085,0,0,1,0,0,0
13577,Oligosoma maccanni,-44.08483267,170.8286821,0,0,1,0,0,0
13578,Oligosoma maccanni,-44.25868025,170.8008536,0,0,1,0,0,0
13579,Oligosoma maccanni,-44.34050576,171.311516,0,0,1,0,0,0
13580,Oligosoma maccanni,-44.46299033,171.2565843,0,0,1,0,0,0
13581,Oligosoma maccanni,-44.50554234,171.306188,0,0,1,0,0,0
13582,Oligosoma maccanni,-43.06100019,172.9014255,0,0,1,0,0,0
13583,Oligosoma maccanni,-43.12640845,172.8009583,0,0,1,0,0,0
13584,Oligosoma maccanni,-43.491377,171.1749905,0,0,1,0,0,0
13585,Oligosoma maccanni,-43.51127525,171.0419117,0,0,1,0,0,0
13586,Oligosoma maccanni,-44.35159753,170.4481411,0,0,1,0,0,0
13587,Oligosoma maccanni,-44.29009734,170.612702,0,0,1,0,0,0
13588,Oligosoma maccanni,-44.40654589,170.4687762,0,0,1,0,0,0
13589,Oligosoma maccanni,-44.51862443,170.5006046,0,0,1,0,0,0
13590,Oligosoma maccanni,-44.40761624,170.4670064,0,0,1,0,0,0
13591,Oligosoma maccanni,-44.4811408,170.4917671,0,0,1,0,0,0
13592,Oligosoma maccanni,-44.35744134,170.5210486,0,0,1,0,0,0
13593,Oligosoma maccanni,-44.44436602,170.4832291,0,0,1,0,0,0
13594,Oligosoma maccanni,-44.41159149,170.5825505,0,0,1,0,0,0
13595,Oligosoma maccanni,-44.398311,170.4761664,0,0,1,0,0,0
13596,Oligosoma maccanni,-44.46354105,170.4533013,0,0,1,0,0,0
13597,Oligosoma maccanni,-44.43854725,170.463514,0,0,1,0,0,0
13598,Oligosoma maccanni,-44.47699542,170.4785362,0,0,1,0,0,0
13599,Oligosoma maccanni,-44.32936541,170.4987122,0,0,1,0,0,0
13600,Oligosoma maccanni,-44.42562254,170.467451,0,0,1,0,0,0
13601,Oligosoma maccanni,-44.58801669,170.5305336,0,0,1,0,0,0
13602,Oligosoma maccanni,-44.58010882,170.4736306,0,0,1,0,0,0
13603,Oligosoma maccanni,-44.51541882,170.4748248,0,0,1,0,0,0
13604,Oligosoma maccanni,-44.35862376,170.6095233,0,0,1,0,0,0
13605,Oligosoma maccanni,-44.36586345,170.5774325,0,0,1,0,0,0
13606,Oligosoma maccanni,-44.34406359,170.4356729,0,0,1,0,0,0
13607,Oligosoma maccanni,-44.49799977,170.5434385,0,0,1,0,0,0
13608,Oligosoma maccanni,-44.3250631,170.5002649,0,0,1,0,0,0
13609,Oligosoma maccanni,-44.36028119,170.4907291,0,0,1,0,0,0
13610,Oligosoma maccanni,-44.37072823,170.5408642,0,0,1,0,0,0
13611,Oligosoma maccanni,-44.33331874,170.3997482,0,0,1,0,0,0
13612,Oligosoma maccanni,-44.57170084,170.35165,0,0,1,0,0,0
13613,Oligosoma maccanni,-44.60964057,170.483949,0,0,1,0,0,0
13614,Oligosoma maccanni,-44.57915451,170.4215968,0,0,1,0,0,0
13615,Oligosoma maccanni,-44.55116311,170.509513,0,0,1,0,0,0
13616,Oligosoma maccanni,-44.41009485,170.4283698,0,0,1,0,0,0
13617,Oligosoma maccanni,-44.43075566,170.3997393,0,0,1,0,0,0
13618,Oligosoma maccanni,-44.53395372,170.42417,0,0,1,0,0,0
13619,Oligosoma maccanni,-44.4597894,170.3940842,0,0,1,0,0,0
13620,Oligosoma maccanni,-44.3554899,170.5054215,0,0,1,0,0,0
13621,Oligosoma maccanni,-44.47667685,170.5218306,0,0,1,0,0,0
13622,Oligosoma maccanni,-44.40322097,170.5336394,0,0,1,0,0,0
13623,Oligosoma maccanni,-44.42427799,170.5178039,0,0,1,0,0,0
13624,Oligosoma maccanni,-44.42654315,170.5405549,0,0,1,0,0,0
13625,Oligosoma maccanni,-44.42090844,170.4797639,0,0,1,0,0,0
13626,Oligosoma maccanni,-44.48686673,170.4263484,0,0,1,0,0,0
13627,Oligosoma maccanni,-44.51240987,170.5535707,0,0,1,0,0,0
13628,Oligosoma maccanni,-44.35283179,170.501644,0,0,1,0,0,0
13629,Oligosoma maccanni,-44.4269076,170.5920152,0,0,1,0,0,0
13630,Oligosoma maccanni,-43.38092867,171.1717929,0,0,1,0,0,0
13631,Oligosoma maccanni,-44.4485937,170.4942011,0,0,1,0,0,0
13632,Oligosoma maccanni,-44.48620186,170.5640065,0,0,1,0,0,0
13633,Oligosoma maccanni,-43.63499588,171.2295109,0,0,1,0,0,0
13634,Oligosoma maccanni,-43.85464986,172.738654,0,0,1,0,0,0
13635,Oligosoma maccanni,-43.89796002,172.5016644,0,0,1,0,0,0
13636,Oligosoma maccanni,-43.96470784,172.476283,0,0,1,0,0,0
13637,Oligosoma maccanni,-43.89057841,172.5045183,0,0,1,0,0,0
13638,Oligosoma maccanni,-43.87377972,172.5185551,0,0,1,0,0,0
13639,Oligosoma maccanni,-43.82573745,172.5494259,0,0,1,0,0,0
13640,Oligosoma maccanni,-43.75831325,172.4029935,0,0,1,0,0,0
13641,Oligosoma maccanni,-43.93199097,172.3992139,0,0,1,0,0,0
13642,Oligosoma maccanni,-43.92675788,172.4370274,0,0,1,0,0,0
13643,Oligosoma maccanni,-43.9099639,172.3815332,0,0,1,0,0,0
13644,Oligosoma maccanni,-43.75689216,172.3750414,0,0,1,0,0,0
13645,Oligosoma maccanni,-43.78294607,172.536803,0,0,1,0,0,0
13646,Oligosoma maccanni,-43.88851054,172.4359066,0,0,1,0,0,0
13647,Oligosoma maccanni,-43.88255163,172.4507537,0,0,1,0,0,0
13648,Oligosoma maccanni,-43.88084822,172.3391413,0,0,1,0,0,0
13649,Oligosoma maccanni,-43.92201997,172.495226,0,0,1,0,0,0
13650,Oligosoma maccanni,-43.82584197,172.6266706,0,0,1,0,0,0
13651,Oligosoma maccanni,-43.75272275,172.7407697,0,0,1,0,0,0
13652,Oligosoma maccanni,-43.94572234,172.4493133,0,0,1,0,0,0
13653,Oligosoma maccanni,-43.902386,172.3532271,0,0,1,0,0,0
13654,Oligosoma maccanni,-43.76544888,172.6223532,0,0,1,0,0,0
13655,Oligosoma maccanni,-43.76308748,172.3990886,0,0,1,0,0,0
13656,Oligosoma maccanni,-43.96321825,172.435337,0,0,1,0,0,0
13657,Oligosoma maccanni,-43.41817206,171.3427628,0,0,1,0,0,0
13658,Oligosoma maccanni,-43.46046094,171.327563,0,0,1,0,0,0
13659,Oligosoma maccanni,-43.44233446,171.3031567,0,0,1,0,0,0
13660,Oligosoma maccanni,-43.569055,171.3410363,0,0,1,0,0,0
13661,Oligosoma maccanni,-43.51022392,171.2976074,0,0,1,0,0,0
13662,Oligosoma maccanni,-43.65607972,171.2001199,0,0,1,0,0,0
13663,Oligosoma maccanni,-43.62884361,171.3313366,0,0,1,0,0,0
13664,Oligosoma maccanni,-43.66759622,171.2093747,0,0,1,0,0,0
13665,Oligosoma maccanni,-43.65146768,171.206164,0,0,1,0,0,0
13666,Oligosoma maccanni,-43.62340135,171.2042941,0,0,1,0,0,0
13667,Oligosoma maccanni,-43.5732739,171.323817,0,0,1,0,0,0
13668,Oligosoma maccanni,-43.45688788,171.2862103,0,0,1,0,0,0
13669,Oligosoma maccanni,-43.5733205,171.3143324,0,0,1,0,0,0
13670,Oligosoma maccanni,-43.66377535,171.2310808,0,0,1,0,0,0
13671,Oligosoma maccanni,-43.52586291,171.2096448,0,0,1,0,0,0
13672,Oligosoma maccanni,-43.46559166,171.3169762,0,0,1,0,0,0
13673,Oligosoma maccanni,-43.42138252,171.2410977,0,0,1,0,0,0
13674,Oligosoma maccanni,-43.64340176,171.2654644,0,0,1,0,0,0
13675,Oligosoma maccanni,-43.42462871,171.3565693,0,0,1,0,0,0
13676,Oligosoma maccanni,-43.50926823,171.2858385,0,0,1,0,0,0
13677,Oligosoma maccanni,-43.55688747,171.2171218,0,0,1,0,0,0
13678,Oligosoma maccanni,-43.91496729,172.3328994,0,0,1,0,0,0
13679,Oligosoma maccanni,-43.97146155,172.4014433,0,0,1,0,0,0
13680,Oligosoma maccanni,-43.77456384,172.4671894,0,0,1,0,0,0
13681,Oligosoma maccanni,-43.96492968,172.469528,0,0,1,0,0,0
13682,Oligosoma maccanni,-43.79933899,172.7201155,0,0,1,0,0,0
13683,Oligosoma maccanni,-43.49085896,171.304764,0,0,1,0,0,0
13684,Oligosoma maccanni,-43.60646194,171.2195142,0,0,1,0,0,0
13685,Oligosoma maccanni,-43.42082067,171.2007275,0,0,1,0,0,0
13686,Oligosoma maccanni,-43.44701163,171.3097449,0,0,1,0,0,0
13687,Oligosoma maccanni,-43.649353,171.2848464,0,0,1,0,0,0
13688,Oligosoma maccanni,-43.44738149,171.1902574,0,0,1,0,0,0
13689,Oligosoma maccanni,-43.43660113,171.2537341,0,0,1,0,0,0
13690,Oligosoma maccanni,-43.52719016,171.2053526,0,0,1,0,0,0
13691,Oligosoma maccanni,-43.38318905,171.3061216,0,0,1,0,0,0
13692,Oligosoma maccanni,-43.93249768,172.6820647,0,0,1,0,0,0
13693,Oligosoma maccanni,-43.80585179,172.4512073,0,0,1,0,0,0
13694,Oligosoma maccanni,-43.8704151,172.5265256,0,0,1,0,0,0
13695,Oligosoma maccanni,-43.962458,172.410915,0,0,1,0,0,0
13696,Oligosoma maccanni,-43.91309115,172.4400302,0,0,1,0,0,0
13697,Oligosoma maccanni,-43.84730612,172.458777,0,0,1,0,0,0
13698,Oligosoma maccanni,-43.84631225,172.4803802,0,0,1,0,0,0
13699,Oligosoma maccanni,-43.8310455,172.3054281,0,0,1,0,0,0
13700,Oligosoma maccanni,-43.74542224,172.313006,0,0,1,0,0,0
13701,Oligosoma maccanni,-43.81850372,172.3857593,0,0,1,0,0,0
13702,Oligosoma maccanni,-43.84913136,172.3412481,0,0,1,0,0,0
13703,Oligosoma maccanni,-43.97089863,172.3943964,0,0,1,0,0,0
13704,Oligosoma maccanni,-43.92818354,172.4330688,0,0,1,0,0,0
13705,Oligosoma maccanni,-43.87725615,172.4298383,0,0,1,0,0,0
13706,Oligosoma maccanni,-43.81275842,172.4810372,0,0,1,0,0,0
13707,Oligosoma maccanni,-43.88384029,172.3710283,0,0,1,0,0,0
13708,Oligosoma maccanni,-43.8802878,172.753213,0,0,1,0,0,0
13709,Oligosoma maccanni,-43.74704092,172.4988149,0,0,1,0,0,0
13710,Oligosoma maccanni,-43.86494509,172.7035302,0,0,1,0,0,0
13711,Oligosoma maccanni,-43.85037934,172.3951185,0,0,1,0,0,0
13712,Oligosoma maccanni,-43.78315355,172.3828576,0,0,1,0,0,0
13713,Oligosoma maccanni,-43.86579255,172.4543328,0,0,1,0,0,0
13714,Oligosoma maccanni,-44.30393444,171.1947962,0,0,1,0,0,0
13715,Oligosoma maccanni,-44.43437119,171.3287957,0,0,1,0,0,0
13716,Oligosoma maccanni,-44.50225553,171.2176276,0,0,1,0,0,0
13717,Oligosoma maccanni,-43.63655956,172.6284834,0,0,1,0,0,0
13718,Oligosoma maccanni,-44.48322868,170.7910849,0,0,1,0,0,0
13719,Oligosoma maccanni,-44.43616558,170.798328,0,0,1,0,0,0
13720,Oligosoma maccanni,-44.38246267,170.9147244,0,0,1,0,0,0
13721,Oligosoma maccanni,-45.73076209,169.4868704,0,0,1,0,0,0
13722,Oligosoma maccanni,-45.78569182,169.4643961,0,0,1,0,0,0
13723,Oligosoma maccanni,-45.49477454,169.83765,0,0,1,0,0,0
13724,Oligosoma maccanni,-45.5670088,169.738187,0,0,1,0,0,0
13725,Oligosoma maccanni,-45.57493711,169.8107677,0,0,1,0,0,0
13726,Oligosoma maccanni,-45.49587588,169.7188087,0,0,1,0,0,0
13727,Oligosoma maccanni,-45.49127304,169.6997876,0,0,1,0,0,0
13728,Oligosoma maccanni,-45.43563577,169.8378259,0,0,1,0,0,0
13729,Oligosoma maccanni,-45.67659179,169.6673827,0,0,1,0,0,0
13730,Oligosoma maccanni,-45.65772402,169.6817311,0,0,1,0,0,0
13731,Oligosoma maccanni,-45.74548455,169.5587604,0,0,1,0,0,0
13732,Oligosoma maccanni,-45.71029458,169.6428189,0,0,1,0,0,0
13733,Oligosoma maccanni,-45.49853502,169.6884738,0,0,1,0,0,0
13734,Oligosoma maccanni,-45.48533794,169.7053447,0,0,1,0,0,0
13735,Oligosoma maccanni,-45.52028684,169.637073,0,0,1,0,0,0
13736,Oligosoma maccanni,-45.60586461,169.7424491,0,0,1,0,0,0
13737,Oligosoma maccanni,-45.60029698,169.8212605,0,0,1,0,0,0
13738,Oligosoma maccanni,-45.55088386,169.8162694,0,0,1,0,0,0
13739,Oligosoma maccanni,-45.51831415,169.7258004,0,0,1,0,0,0
13740,Oligosoma maccanni,-45.4992527,169.6850808,0,0,1,0,0,0
13741,Oligosoma maccanni,-45.56836492,169.575356,0,0,1,0,0,0
13742,Oligosoma maccanni,-45.70234885,169.6158417,0,0,1,0,0,0
13743,Oligosoma maccanni,-45.63637294,169.6733871,0,0,1,0,0,0
13744,Oligosoma maccanni,-45.6624197,169.733447,0,0,1,0,0,0
13745,Oligosoma maccanni,-45.56324705,169.715232,0,0,1,0,0,0
13746,Oligosoma maccanni,-45.47326329,169.7131182,0,0,1,0,0,0
13747,Oligosoma maccanni,-45.4862155,169.8112927,0,0,1,0,0,0
13748,Oligosoma maccanni,-45.4570493,169.7035029,0,0,1,0,0,0
13749,Oligosoma maccanni,-45.50076723,169.6870175,0,0,1,0,0,0
13750,Oligosoma maccanni,-45.49484229,169.8378657,0,0,1,0,0,0
13751,Oligosoma maccanni,-45.66918073,169.6906374,0,0,1,0,0,0
13752,Oligosoma maccanni,-45.50246514,169.864668,0,0,1,0,0,0
13753,Oligosoma maccanni,-45.60180791,169.7088967,0,0,1,0,0,0
13754,Oligosoma maccanni,-45.61292614,169.8232985,0,0,1,0,0,0
13755,Oligosoma maccanni,-45.57748816,169.7655361,0,0,1,0,0,0
13756,Oligosoma maccanni,-45.46882474,169.7690874,0,0,1,0,0,0
13757,Oligosoma maccanni,-45.66657912,169.7039358,0,0,1,0,0,0
13758,Oligosoma maccanni,-45.61610032,169.6468969,0,0,1,0,0,0
13759,Oligosoma maccanni,-45.69135471,169.6002422,0,0,1,0,0,0
13760,Oligosoma maccanni,-45.55676559,169.6688414,0,0,1,0,0,0
13761,Oligosoma maccanni,-45.49949913,169.6519084,0,0,1,0,0,0
13762,Oligosoma maccanni,-45.60219934,169.6790898,0,0,1,0,0,0
13763,Oligosoma maccanni,-45.4976962,169.5880089,0,0,1,0,0,0
13764,Oligosoma maccanni,-45.61599309,169.6791068,0,0,1,0,0,0
13765,Oligosoma maccanni,-45.48380064,169.560977,0,0,1,0,0,0
13766,Oligosoma maccanni,-45.58701303,169.6479416,0,0,1,0,0,0
13767,Oligosoma maccanni,-45.66102461,169.7323157,0,0,1,0,0,0
13768,Oligosoma maccanni,-45.57532211,169.6496648,0,0,1,0,0,0
13769,Oligosoma maccanni,-43.6389604,171.1371831,0,0,1,0,0,0
13770,Oligosoma maccanni,-43.7360753,171.0000045,0,0,1,0,0,0
13771,Oligosoma maccanni,-43.58849918,171.1295421,0,0,1,0,0,0
13772,Oligosoma maccanni,-43.65965396,171.057629,0,0,1,0,0,0
13773,Oligosoma maccanni,-43.72808385,170.9753186,0,0,1,0,0,0
13774,Oligosoma maccanni,-43.68322196,171.1112171,0,0,1,0,0,0
13775,Oligosoma maccanni,-43.73233081,171.0283844,0,0,1,0,0,0
13776,Oligosoma maccanni,-45.35409764,169.1864716,0,0,1,0,0,0
13777,Oligosoma maccanni,-45.33816953,169.2936204,0,0,1,0,0,0
13778,Oligosoma maccanni,-45.43076752,169.3707291,0,0,1,0,0,0
13779,Oligosoma maccanni,-45.4319175,169.2872526,0,0,1,0,0,0
13780,Oligosoma maccanni,-45.35156295,169.3262876,0,0,1,0,0,0
13781,Oligosoma maccanni,-45.42714729,169.3798238,0,0,1,0,0,0
13782,Oligosoma maccanni,-45.47922042,169.2803831,0,0,1,0,0,0
13783,Oligosoma maccanni,-45.38873414,169.2768687,0,0,1,0,0,0
13784,Oligosoma maccanni,-45.20719076,169.3594567,0,0,1,0,0,0
13785,Oligosoma maccanni,-43.6236765,171.2950245,0,0,1,0,0,0
13786,Oligosoma maccanni,-43.72758525,171.3497888,0,0,1,0,0,0
13787,Oligosoma maccanni,-43.50761096,171.4275765,0,0,1,0,0,0
13788,Oligosoma maccanni,-43.56466538,171.3971437,0,0,1,0,0,0
13789,Oligosoma maccanni,-44.36679283,170.2649077,0,0,1,0,0,0
13790,Oligosoma maccanni,-45.13431992,170.1922199,0,0,1,0,0,0
13791,Oligosoma maccanni,-44.30324753,171.3422883,0,0,1,0,0,0
13792,Oligosoma maccanni,-44.31755623,171.2974536,0,0,1,0,0,0
13793,Oligosoma maccanni,-44.42177261,171.2712657,0,0,1,0,0,0
13794,Oligosoma maccanni,-45.04353084,169.4923799,0,0,1,0,0,0
13795,Oligosoma maccanni,-43.66354464,171.2066013,0,0,1,0,0,0
13796,Oligosoma maccanni,-43.58246369,171.3379729,0,0,1,0,0,0
13797,Oligosoma maccanni,-43.50116882,171.2473138,0,0,1,0,0,0
13798,Oligosoma maccanni,-43.66518943,170.7881955,0,0,1,0,0,0
13799,Oligosoma maccanni,-43.60308643,170.8115145,0,0,1,0,0,0
13800,Oligosoma maccanni,-43.76123599,170.8173136,0,0,1,0,0,0
13801,Oligosoma maccanni,-44.32067465,170.910571,0,0,1,0,0,0
13802,Oligosoma maccanni,-44.45889442,170.8500898,0,0,1,0,0,0
13803,Oligosoma maccanni,-43.68098322,171.1683241,0,0,1,0,0,0
13804,Oligosoma maccanni,-43.49379689,171.2558368,0,0,1,0,0,0
13805,Oligosoma maccanni,-43.4107873,171.1677447,0,0,1,0,0,0
13806,Oligosoma maccanni,-44.03731888,171.1131425,0,0,1,0,0,0
13807,Oligosoma maccanni,-43.70292074,171.0482244,0,0,1,0,0,0
13808,Oligosoma maccanni,-43.5601388,171.0263225,0,0,1,0,0,0
13809,Oligosoma maccanni,-43.71799981,171.09083,0,0,1,0,0,0
13810,Oligosoma maccanni,-43.37341727,171.2708944,0,0,1,0,0,0
13811,Oligosoma maccanni,-43.5376165,171.261296,0,0,1,0,0,0
13812,Oligosoma maccanni,-43.47331461,171.2867041,0,0,1,0,0,0
13813,Oligosoma maccanni,-43.4516853,171.3537736,0,0,1,0,0,0
13814,Oligosoma maccanni,-43.55924124,171.2297619,0,0,1,0,0,0
13815,Oligosoma maccanni,-43.61415235,172.732364,0,0,1,0,0,0
13816,Oligosoma maccanni,-43.51478311,171.2284681,0,0,1,0,0,0
13817,Oligosoma maccanni,-43.33751942,171.2431248,0,0,1,0,0,0
13818,Oligosoma maccanni,-43.50100779,171.2687296,0,0,1,0,0,0
13819,Oligosoma maccanni,-43.50891185,171.1958506,0,0,1,0,0,0
13820,Oligosoma maccanni,-43.33302146,171.193072,0,0,1,0,0,0
13821,Oligosoma maccanni,-43.5111289,171.2823484,0,0,1,0,0,0
13822,Oligosoma maccanni,-43.39331098,171.3137253,0,0,1,0,0,0
13823,Oligosoma maccanni,-43.57122821,171.1375379,0,0,1,0,0,0
13824,Oligosoma maccanni,-43.5776729,171.2202391,0,0,1,0,0,0
13825,Oligosoma maccanni,-43.31801075,171.2854751,0,0,1,0,0,0
13826,Oligosoma maccanni,-43.41069723,171.2427576,0,0,1,0,0,0
13827,Oligosoma maccanni,-43.61101792,171.2737437,0,0,1,0,0,0
13828,Oligosoma maccanni,-43.61123989,171.2067954,0,0,1,0,0,0
13829,Oligosoma maccanni,-43.4224932,171.1751325,0,0,1,0,0,0
13830,Oligosoma maccanni,-43.46384742,171.1928932,0,0,1,0,0,0
13831,Oligosoma maccanni,-43.55655739,171.2629249,0,0,1,0,0,0
13832,Oligosoma maccanni,-43.42760994,171.2170041,0,0,1,0,0,0
13833,Oligosoma maccanni,-43.60923402,171.2402232,0,0,1,0,0,0
13834,Oligosoma maccanni,-43.51474192,171.1697904,0,0,1,0,0,0
13835,Oligosoma maccanni,-43.65130811,171.2774205,0,0,1,0,0,0
13836,Oligosoma maccanni,-43.49603386,171.3105108,0,0,1,0,0,0
13837,Oligosoma maccanni,-44.13671294,170.3689217,0,0,1,0,0,0
13838,Oligosoma maccanni,-44.0271968,170.5115551,0,0,1,0,0,0
13839,Oligosoma maccanni,-43.98148118,170.5297784,0,0,1,0,0,0
13840,Oligosoma maccanni,-43.9202695,170.4476076,0,0,1,0,0,0
13841,Oligosoma maccanni,-43.97169175,170.4432825,0,0,1,0,0,0
13842,Oligosoma maccanni,-44.00132078,170.5403871,0,0,1,0,0,0
13843,Oligosoma maccanni,-44.04367358,170.4653374,0,0,1,0,0,0
13844,Oligosoma maccanni,-43.90737602,170.5977016,0,0,1,0,0,0
13845,Oligosoma maccanni,-43.94027368,170.4673286,0,0,1,0,0,0
13846,Oligosoma maccanni,-43.92013783,170.5679338,0,0,1,0,0,0
13847,Oligosoma maccanni,-44.11141117,170.6353848,0,0,1,0,0,0
13848,Oligosoma maccanni,-43.99642484,170.5270095,0,0,1,0,0,0
13849,Oligosoma maccanni,-43.94717209,170.5631286,0,0,1,0,0,0
13850,Oligosoma maccanni,-44.12786868,170.5787886,0,0,1,0,0,0
13851,Oligosoma maccanni,-44.08269838,170.5618653,0,0,1,0,0,0
13852,Oligosoma maccanni,-43.47971725,170.4464419,0,0,1,0,0,0
13853,Oligosoma maccanni,-44.15509817,170.4203598,0,0,1,0,0,0
13854,Oligosoma maccanni,-44.05049377,170.470007,0,0,1,0,0,0
13855,Oligosoma maccanni,-44.20012549,170.5081262,0,0,1,0,0,0
13856,Oligosoma maccanni,-44.07688065,170.3843857,0,0,1,0,0,0
13857,Oligosoma maccanni,-44.08164404,170.4483387,0,0,1,0,0,0
13858,Oligosoma maccanni,-44.02470648,170.5780004,0,0,1,0,0,0
13859,Oligosoma maccanni,-43.46264926,171.4587317,0,0,1,0,0,0
13860,Oligosoma maccanni,-43.43110316,171.3721099,0,0,1,0,0,0
13861,Oligosoma maccanni,-43.4403436,171.533329,0,0,1,0,0,0
13862,Oligosoma maccanni,-43.34537745,171.3764712,0,0,1,0,0,0
13863,Oligosoma maccanni,-43.30542824,171.3879066,0,0,1,0,0,0
13864,Oligosoma maccanni,-43.45805521,171.4755974,0,0,1,0,0,0
13865,Oligosoma maccanni,-43.50442324,171.4983675,0,0,1,0,0,0
13866,Oligosoma maccanni,-43.37183064,171.3820948,0,0,1,0,0,0
13867,Oligosoma maccanni,-43.32707621,171.3999274,0,0,1,0,0,0
13868,Oligosoma maccanni,-42.92053699,171.8162141,0,0,1,0,0,0
13869,Oligosoma maccanni,-43.5963291,171.3187911,0,0,1,0,0,0
13870,Oligosoma maccanni,-43.66358548,171.2128309,0,0,1,0,0,0
13871,Oligosoma maccanni,-43.57976918,171.2255335,0,0,1,0,0,0
13872,Oligosoma maccanni,-43.43482146,171.2817837,0,0,1,0,0,0
13873,Oligosoma maccanni,-43.6991897,170.741925,0,0,1,0,0,0
13874,Oligosoma maccanni,-43.60943763,170.7251686,0,0,1,0,0,0
13875,Oligosoma maccanni,-43.80865275,170.7559043,0,0,1,0,0,0
13876,Oligosoma maccanni,-43.58022321,170.690812,0,0,1,0,0,0
13877,Oligosoma maccanni,-43.76182243,170.7827973,0,0,1,0,0,0
13878,Oligosoma maccanni,-43.60782785,170.7955094,0,0,1,0,0,0
13879,Oligosoma maccanni,-43.70524859,170.6840647,0,0,1,0,0,0
13880,Oligosoma maccanni,-43.63644355,170.7308014,0,0,1,0,0,0
13881,Oligosoma maccanni,-43.56840196,170.682056,0,0,1,0,0,0
13882,Oligosoma maccanni,-43.64470589,172.6693625,0,0,1,0,0,0
13883,Oligosoma maccanni,-43.52320394,172.7240769,0,0,1,0,0,0
13884,Oligosoma maccanni,-43.52940322,172.6816956,0,0,1,0,0,0
13885,Oligosoma maccanni,-43.48976487,172.7359593,0,0,1,0,0,0
13886,Oligosoma maccanni,-43.57252969,172.6976168,0,0,1,0,0,0
13887,Oligosoma maccanni,-45.6129336,168.6382832,0,0,1,0,0,0
13888,Oligosoma maccanni,-43.63162113,172.6248418,0,0,1,0,0,0
13889,Oligosoma maccanni,-43.67772316,172.6614817,0,0,1,0,0,0
13890,Oligosoma maccanni,-43.69859858,172.6825175,0,0,1,0,0,0
13891,Oligosoma maccanni,-45.09290428,168.8698971,0,0,1,0,0,0
13892,Oligosoma maccanni,-43.54997962,172.621267,0,0,1,0,0,0
13893,Oligosoma maccanni,-43.68968808,172.6241729,0,0,1,0,0,0
13894,Oligosoma maccanni,-43.64531919,172.6655144,0,0,1,0,0,0
13895,Oligosoma maccanni,-43.47452222,172.7159291,0,0,1,0,0,0
13896,Oligosoma maccanni,-43.6377124,171.3339471,0,0,1,0,0,0
13897,Oligosoma maccanni,-45.36286941,169.3674149,0,0,1,0,0,0
13898,Oligosoma maccanni,-44.82631674,170.3844698,0,0,1,0,0,0
13899,Oligosoma maccanni,-43.93493459,170.5512127,0,0,1,0,0,0
13900,Oligosoma maccanni,-43.89719155,170.5571914,0,0,1,0,0,0
13901,Oligosoma maccanni,-43.9830491,170.4253334,0,0,1,0,0,0
13902,Oligosoma maccanni,-44.10611694,170.413116,0,0,1,0,0,0
13903,Oligosoma maccanni,-44.10211625,170.5172178,0,0,1,0,0,0
13904,Oligosoma maccanni,-44.05355625,170.5028372,0,0,1,0,0,0
13905,Oligosoma maccanni,-43.88762986,170.4202056,0,0,1,0,0,0
13906,Oligosoma maccanni,-43.94123699,170.4643277,0,0,1,0,0,0
13907,Oligosoma maccanni,-43.9607185,170.4198367,0,0,1,0,0,0
13908,Oligosoma maccanni,-43.9284057,170.5125479,0,0,1,0,0,0
13909,Oligosoma maccanni,-44.09487378,170.5158663,0,0,1,0,0,0
13910,Oligosoma maccanni,-43.93939243,170.3931047,0,0,1,0,0,0
13911,Oligosoma maccanni,-43.94109526,170.4528282,0,0,1,0,0,0
13912,Oligosoma maccanni,-45.63595571,170.629037,0,0,1,0,0,0
13913,Oligosoma maccanni,-43.53209668,172.7240768,0,0,1,0,0,0
13914,Oligosoma maccanni,-43.50100483,172.6966651,0,0,1,0,0,0
13915,Oligosoma maccanni,-45.50351539,169.7211442,0,0,1,0,0,0
13916,Oligosoma maccanni,-43.52160475,171.2802074,0,0,1,0,0,0
13917,Oligosoma maccanni,-44.68136455,170.4587146,0,0,1,0,0,0
13918,Oligosoma maccanni,-45.93116985,168.8650711,0,0,1,0,0,0
13919,Oligosoma maccanni,-43.40887458,171.3663347,0,0,1,0,0,0
13920,Oligosoma maccanni,-45.19419022,169.1019146,0,0,1,0,0,0
13921,Oligosoma maccanni,-45.06665978,168.7781664,0,0,1,0,0,0
13922,Oligosoma maccanni,-43.90038346,170.6930384,0,0,1,0,0,0
13923,Oligosoma maccanni,-43.84885638,170.7112484,0,0,1,0,0,0
13924,Oligosoma maccanni,-43.83881544,170.6270047,0,0,1,0,0,0
13925,Oligosoma maccanni,-45.09064112,168.7034457,0,0,1,0,0,0
13926,Oligosoma maccanni,-43.92658743,170.4381803,0,0,1,0,0,0
13927,Oligosoma maccanni,-43.71786201,170.4695617,0,0,1,0,0,0
13928,Oligosoma maccanni,-43.76475351,170.4671745,0,0,1,0,0,0
13929,Oligosoma maccanni,-43.76208335,171.0418267,0,0,1,0,0,0
13930,Oligosoma maccanni,-43.52662313,171.0690577,0,0,1,0,0,0
13931,Oligosoma maccanni,-43.5197401,171.1352595,0,0,1,0,0,0
13932,Oligosoma maccanni,-45.09917163,168.6792165,0,0,1,0,0,0
13933,Oligosoma maccanni,-44.36496966,170.0745226,0,0,1,0,0,0
13934,Oligosoma maccanni,-43.22287604,171.8036638,0,0,1,0,0,0
10351,Oligosoma aff. polychroma Clade 5,-46.79076171,167.6832347,1,0,0,0,0,0
10352,Oligosoma aff. polychroma Clade 5,-46.75269268,168.4960955,1,0,0,0,0,0
10353,Oligosoma aff. polychroma Clade 5,-45.4170446,170.4644363,1,0,0,0,0,0
10354,Oligosoma aff. polychroma Clade 5,-46.67453782,167.5445362,1,0,0,0,0,0
10355,Oligosoma aff. polychroma Clade 5,-45.48830683,167.6673712,1,0,0,0,0,0
10356,Oligosoma aff. polychroma Clade 5,-45.56472699,170.2141595,1,0,0,0,0,0
10357,Oligosoma aff. polychroma Clade 5,-46.98258545,167.7324008,1,0,0,0,0,0
10358,Oligosoma aff. polychroma Clade 5,-45.77873392,167.5128413,1,0,0,0,0,0
10359,Oligosoma aff. polychroma Clade 5,-45.3523443,167.7897474,1,0,0,0,0,0
10360,Oligosoma aff. polychroma Clade 5,-46.14633607,168.3293785,1,0,0,0,0,0
10361,Oligosoma aff. polychroma Clade 5,-46.72353381,168.3614327,1,0,0,0,0,0
10362,Oligosoma aff. polychroma Clade 5,-46.85291535,167.6265507,1,0,0,0,0,0
10363,Oligosoma aff. polychroma Clade 5,-45.88449808,167.4808402,1,0,0,0,0,0
10364,Oligosoma aff. polychroma Clade 5,-43.47853889,172.7157374,1,0,0,0,0,0
10365,Oligosoma aff. polychroma Clade 5,-46.91136513,168.1675129,1,0,0,0,0,0
10366,Oligosoma aff. polychroma Clade 5,-46.56715064,167.8465917,1,0,0,0,0,0
10367,Oligosoma aff. polychroma Clade 5,-44.21054599,170.2067261,1,0,0,0,0,0
10368,Oligosoma aff. polychroma Clade 5,-46.79422867,167.6952736,1,0,0,0,0,0
10369,Oligosoma aff. polychroma Clade 5,-47.0941344,167.757187,1,0,0,0,0,0
10370,Oligosoma aff. polychroma Clade 5,-47.01259147,167.7352963,1,0,0,0,0,0
10371,Oligosoma aff. polychroma Clade 5,-46.8076065,167.6889759,1,0,0,0,0,0
10372,Oligosoma aff. polychroma Clade 5,-45.53435334,167.697503,1,0,0,0,0,0
10373,Oligosoma aff. polychroma Clade 5,-45.62625438,169.9082871,1,0,0,0,0,0
10374,Oligosoma aff. polychroma Clade 5,-46.57520172,168.2946343,1,0,0,0,0,0
10375,Oligosoma aff. polychroma Clade 5,-45.4905162,170.436697,1,0,0,0,0,0
10376,Oligosoma aff. polychroma Clade 5,-43.74790547,172.7065071,1,0,0,0,0,0
10377,Oligosoma aff. polychroma Clade 5,-45.47238579,169.9836521,1,0,0,0,0,0
10378,Oligosoma aff. polychroma Clade 5,-45.42454062,170.3320888,1,0,0,0,0,0
10379,Oligosoma aff. polychroma Clade 5,-45.53339707,170.2351382,1,0,0,0,0,0
10380,Oligosoma aff. polychroma Clade 5,-45.55926,170.3935293,1,0,0,0,0,0
10381,Oligosoma aff. polychroma Clade 5,-45.63130893,170.3988494,1,0,0,0,0,0
10382,Oligosoma aff. polychroma Clade 5,-45.68952469,170.3740686,1,0,0,0,0,0
10383,Oligosoma aff. polychroma Clade 5,-45.4376337,170.2860654,1,0,0,0,0,0
10384,Oligosoma aff. polychroma Clade 5,-45.45793427,170.3580047,1,0,0,0,0,0
10385,Oligosoma aff. polychroma Clade 5,-45.49859879,170.4659977,1,0,0,0,0,0
10386,Oligosoma aff. polychroma Clade 5,-45.42772878,167.7615984,1,0,0,0,0,0
10387,Oligosoma aff. polychroma Clade 5,-45.88092554,169.4582998,1,0,0,0,0,0
10388,Oligosoma aff. polychroma Clade 5,-45.16154167,169.8336757,1,0,0,0,0,0
10389,Oligosoma aff. polychroma Clade 5,-44.8356967,169.8378389,1,0,0,0,0,0
10390,Oligosoma aff. polychroma Clade 5,-44.91814051,169.8579845,1,0,0,0,0,0
10391,Oligosoma aff. polychroma Clade 5,-45.36511104,170.0202958,1,0,0,0,0,0
10392,Oligosoma aff. polychroma Clade 5,-45.34200391,169.9201509,1,0,0,0,0,0
10393,Oligosoma aff. polychroma Clade 5,-45.36790932,169.887996,1,0,0,0,0,0
10394,Oligosoma aff. polychroma Clade 5,-45.14636694,169.824741,1,0,0,0,0,0
10395,Oligosoma aff. polychroma Clade 5,-45.4358907,169.9240738,1,0,0,0,0,0
10396,Oligosoma aff. polychroma Clade 5,-45.3754982,169.9111754,1,0,0,0,0,0
10397,Oligosoma aff. polychroma Clade 5,-45.28443053,169.3296404,1,0,0,0,0,0
10398,Oligosoma aff. polychroma Clade 5,-45.50898967,169.3735843,1,0,0,0,0,0
10399,Oligosoma aff. polychroma Clade 5,-45.28388789,169.7950061,1,0,0,0,0,0
10400,Oligosoma aff. polychroma Clade 5,-45.16782959,169.8364482,1,0,0,0,0,0
10401,Oligosoma aff. polychroma Clade 5,-45.7898505,167.4683389,1,0,0,0,0,0
10402,Oligosoma aff. polychroma Clade 5,-44.2842282,169.8732934,1,0,0,0,0,0
10403,Oligosoma aff. polychroma Clade 5,-44.01396872,170.4547859,1,0,0,0,0,0
10404,Oligosoma aff. polychroma Clade 5,-44.07859846,170.5784118,1,0,0,0,0,0
10405,Oligosoma aff. polychroma Clade 5,-44.8628874,169.3552191,1,0,0,0,0,0
10406,Oligosoma aff. polychroma Clade 5,-44.74852482,169.0992444,1,0,0,0,0,0
10407,Oligosoma aff. polychroma Clade 5,-44.8952986,169.255564,1,0,0,0,0,0
10408,Oligosoma aff. polychroma Clade 5,-44.84192293,169.3257186,1,0,0,0,0,0
10409,Oligosoma aff. polychroma Clade 5,-44.80348467,169.3445885,1,0,0,0,0,0
10410,Oligosoma aff. polychroma Clade 5,-44.89484354,168.9639294,1,0,0,0,0,0
10411,Oligosoma aff. polychroma Clade 5,-44.64359995,169.4854758,1,0,0,0,0,0
10412,Oligosoma aff. polychroma Clade 5,-44.47580247,169.3867395,1,0,0,0,0,0
10413,Oligosoma aff. polychroma Clade 5,-44.55086183,169.344135,1,0,0,0,0,0
10414,Oligosoma aff. polychroma Clade 5,-44.65972411,169.3416447,1,0,0,0,0,0
10415,Oligosoma aff. polychroma Clade 5,-44.59090454,169.2994566,1,0,0,0,0,0
10416,Oligosoma aff. polychroma Clade 5,-44.54154148,169.3840623,1,0,0,0,0,0
10417,Oligosoma aff. polychroma Clade 5,-44.58523849,169.0780457,1,0,0,0,0,0
10418,Oligosoma aff. polychroma Clade 5,-44.64360415,169.6230102,1,0,0,0,0,0
10419,Oligosoma aff. polychroma Clade 5,-45.21149799,168.5835306,1,0,0,0,0,0
10420,Oligosoma aff. polychroma Clade 5,-43.79587371,172.7662021,1,0,0,0,0,0
10421,Oligosoma aff. polychroma Clade 5,-45.66763343,170.1738891,1,0,0,0,0,0
10422,Oligosoma aff. polychroma Clade 5,-45.64764962,170.3546712,1,0,0,0,0,0
10423,Oligosoma aff. polychroma Clade 5,-45.47768655,170.2699998,1,0,0,0,0,0
10424,Oligosoma aff. polychroma Clade 5,-45.65536623,170.0518925,1,0,0,0,0,0
10425,Oligosoma aff. polychroma Clade 5,-45.61056953,170.0004819,1,0,0,0,0,0
10426,Oligosoma aff. polychroma Clade 5,-45.70574403,170.0042323,1,0,0,0,0,0
10427,Oligosoma aff. polychroma Clade 5,-45.68070745,170.0665393,1,0,0,0,0,0
10428,Oligosoma aff. polychroma Clade 5,-45.71461348,170.0502983,1,0,0,0,0,0
10429,Oligosoma aff. polychroma Clade 5,-45.5171931,169.9068664,1,0,0,0,0,0
10430,Oligosoma aff. polychroma Clade 5,-45.6433328,170.3327684,1,0,0,0,0,0
10431,Oligosoma aff. polychroma Clade 5,-45.7386255,170.1429601,1,0,0,0,0,0
10432,Oligosoma aff. polychroma Clade 5,-45.53178808,170.0583076,1,0,0,0,0,0
10433,Oligosoma aff. polychroma Clade 5,-45.49782704,169.932998,1,0,0,0,0,0
10434,Oligosoma aff. polychroma Clade 5,-45.38624131,170.1851402,1,0,0,0,0,0
10435,Oligosoma aff. polychroma Clade 5,-45.40917771,170.1716804,1,0,0,0,0,0
10436,Oligosoma aff. polychroma Clade 5,-45.44296332,170.2051531,1,0,0,0,0,0
10437,Oligosoma aff. polychroma Clade 5,-45.45716979,170.2111219,1,0,0,0,0,0
10438,Oligosoma aff. polychroma Clade 5,-45.40080739,170.2060852,1,0,0,0,0,0
10439,Oligosoma aff. polychroma Clade 5,-45.38279818,170.3190238,1,0,0,0,0,0
10440,Oligosoma aff. polychroma Clade 5,-45.45331078,170.298758,1,0,0,0,0,0
10441,Oligosoma aff. polychroma Clade 5,-45.24939473,170.3239712,1,0,0,0,0,0
10442,Oligosoma aff. polychroma Clade 5,-45.04018399,170.4135791,1,0,0,0,0,0
10443,Oligosoma aff. polychroma Clade 5,-45.359826,170.4706438,1,0,0,0,0,0
10444,Oligosoma aff. polychroma Clade 5,-45.5033921,170.1890837,1,0,0,0,0,0
10445,Oligosoma aff. polychroma Clade 5,-45.37981913,170.2231077,1,0,0,0,0,0
10446,Oligosoma aff. polychroma Clade 5,-45.27390599,170.3515785,1,0,0,0,0,0
10447,Oligosoma aff. polychroma Clade 5,-45.61444712,170.2438562,1,0,0,0,0,0
10448,Oligosoma aff. polychroma Clade 5,-45.0577061,170.3504234,1,0,0,0,0,0
10449,Oligosoma aff. polychroma Clade 5,-45.1756195,170.4148656,1,0,0,0,0,0
10450,Oligosoma aff. polychroma Clade 5,-45.39627787,170.0464669,1,0,0,0,0,0
10451,Oligosoma aff. polychroma Clade 5,-45.16541848,170.118085,1,0,0,0,0,0
10452,Oligosoma aff. polychroma Clade 5,-45.35174653,170.2914659,1,0,0,0,0,0
10453,Oligosoma aff. polychroma Clade 5,-45.26699992,170.1999585,1,0,0,0,0,0
10454,Oligosoma aff. polychroma Clade 5,-45.27171934,170.2587359,1,0,0,0,0,0
10455,Oligosoma aff. polychroma Clade 5,-45.31627196,169.9480906,1,0,0,0,0,0
10456,Oligosoma aff. polychroma Clade 5,-45.19000005,170.1599093,1,0,0,0,0,0
10457,Oligosoma aff. polychroma Clade 5,-45.42143674,170.0027306,1,0,0,0,0,0
10458,Oligosoma aff. polychroma Clade 5,-45.19086059,170.0092104,1,0,0,0,0,0
10459,Oligosoma aff. polychroma Clade 5,-45.29649046,170.1252798,1,0,0,0,0,0
10460,Oligosoma aff. polychroma Clade 5,-45.26035891,170.1061482,1,0,0,0,0,0
10461,Oligosoma aff. polychroma Clade 5,-45.29743661,169.905077,1,0,0,0,0,0
10462,Oligosoma aff. polychroma Clade 5,-45.3627573,169.9404905,1,0,0,0,0,0
10463,Oligosoma aff. polychroma Clade 5,-45.38775398,169.9481559,1,0,0,0,0,0
10464,Oligosoma aff. polychroma Clade 5,-45.25413862,170.1246349,1,0,0,0,0,0
10465,Oligosoma aff. polychroma Clade 5,-45.38942217,169.981286,1,0,0,0,0,0
10466,Oligosoma aff. polychroma Clade 5,-45.69089516,169.8845401,1,0,0,0,0,0
10467,Oligosoma aff. polychroma Clade 5,-45.61944873,169.9688838,1,0,0,0,0,0
10468,Oligosoma aff. polychroma Clade 5,-45.5225774,169.9826283,1,0,0,0,0,0
10469,Oligosoma aff. polychroma Clade 5,-44.89824658,169.9600487,1,0,0,0,0,0
10470,Oligosoma aff. polychroma Clade 5,-45.18999173,170.0844501,1,0,0,0,0,0
10471,Oligosoma aff. polychroma Clade 5,-45.45312635,170.2783876,1,0,0,0,0,0
10472,Oligosoma aff. polychroma Clade 5,-45.52546214,170.1757403,1,0,0,0,0,0
10473,Oligosoma aff. polychroma Clade 5,-44.8684738,170.3554856,1,0,0,0,0,0
10474,Oligosoma aff. polychroma Clade 5,-45.02906543,170.4106289,1,0,0,0,0,0
10475,Oligosoma aff. polychroma Clade 5,-44.46994433,169.2976651,1,0,0,0,0,0
10476,Oligosoma aff. polychroma Clade 5,-46.64344925,167.698458,1,0,0,0,0,0
10477,Oligosoma aff. polychroma Clade 5,-44.86756057,169.7210312,1,0,0,0,0,0
10478,Oligosoma aff. polychroma Clade 5,-44.87590278,169.6793597,1,0,0,0,0,0
10479,Oligosoma aff. polychroma Clade 5,-44.97053612,169.6439306,1,0,0,0,0,0
10480,Oligosoma aff. polychroma Clade 5,-44.96978478,169.4357726,1,0,0,0,0,0
10481,Oligosoma aff. polychroma Clade 5,-44.86209425,169.5242715,1,0,0,0,0,0
10482,Oligosoma aff. polychroma Clade 5,-45.14525434,169.5268868,1,0,0,0,0,0
10483,Oligosoma aff. polychroma Clade 5,-44.95385066,169.4856059,1,0,0,0,0,0
10484,Oligosoma aff. polychroma Clade 5,-45.01226688,169.7298876,1,0,0,0,0,0
10485,Oligosoma aff. polychroma Clade 5,-44.98745193,169.2727831,1,0,0,0,0,0
10486,Oligosoma aff. polychroma Clade 5,-44.99613263,169.3631562,1,0,0,0,0,0
10487,Oligosoma aff. polychroma Clade 5,-44.88258966,169.5087982,1,0,0,0,0,0
10488,Oligosoma aff. polychroma Clade 5,-46.91743674,167.7081714,1,0,0,0,0,0
10489,Oligosoma aff. polychroma Clade 5,-44.68445665,169.753422,1,0,0,0,0,0
10490,Oligosoma aff. polychroma Clade 5,-44.68429944,169.7626941,1,0,0,0,0,0
10491,Oligosoma aff. polychroma Clade 5,-44.63652195,169.7744731,1,0,0,0,0,0
10492,Oligosoma aff. polychroma Clade 5,-44.70134613,169.8841755,1,0,0,0,0,0
10493,Oligosoma aff. polychroma Clade 5,-46.45429753,167.9251722,1,0,0,0,0,0
10494,Oligosoma aff. polychroma Clade 5,-46.24329307,167.9883634,1,0,0,0,0,0
10495,Oligosoma aff. polychroma Clade 5,-46.43123427,167.9621092,1,0,0,0,0,0
10496,Oligosoma aff. polychroma Clade 5,-46.33509859,168.0211351,1,0,0,0,0,0
10497,Oligosoma aff. polychroma Clade 5,-46.41241614,167.920954,1,0,0,0,0,0
10498,Oligosoma aff. polychroma Clade 5,-45.67232058,168.3121019,1,0,0,0,0,0
10499,Oligosoma aff. polychroma Clade 5,-43.54065977,172.5906211,1,0,0,0,0,0
10500,Oligosoma aff. polychroma Clade 5,-45.52157352,168.2726444,1,0,0,0,0,0
10501,Oligosoma aff. polychroma Clade 5,-45.63276474,168.1113637,1,0,0,0,0,0
10502,Oligosoma aff. polychroma Clade 5,-45.76568149,167.7908499,1,0,0,0,0,0
10503,Oligosoma aff. polychroma Clade 5,-43.95451123,172.5959367,1,0,0,0,0,0
10504,Oligosoma aff. polychroma Clade 5,-43.56367842,172.7426463,1,0,0,0,0,0
10505,Oligosoma aff. polychroma Clade 5,-45.31893965,170.5298293,1,0,0,0,0,0
10506,Oligosoma aff. polychroma Clade 5,-45.48852903,170.4661443,1,0,0,0,0,0
10507,Oligosoma aff. polychroma Clade 5,-45.28197185,170.4441448,1,0,0,0,0,0
10508,Oligosoma aff. polychroma Clade 5,-45.22367445,170.3991002,1,0,0,0,0,0
10509,Oligosoma aff. polychroma Clade 5,-45.28215565,170.2944643,1,0,0,0,0,0
10510,Oligosoma aff. polychroma Clade 5,-45.35350773,170.3844848,1,0,0,0,0,0
10511,Oligosoma aff. polychroma Clade 5,-45.59508677,167.7810054,1,0,0,0,0,0
10512,Oligosoma aff. polychroma Clade 5,-46.5260268,168.3548402,1,0,0,0,0,0
10513,Oligosoma aff. polychroma Clade 5,-46.46677114,168.3337344,1,0,0,0,0,0
10514,Oligosoma aff. polychroma Clade 5,-46.56815747,168.3300337,1,0,0,0,0,0
10515,Oligosoma aff. polychroma Clade 5,-46.45623924,168.2809937,1,0,0,0,0,0
10516,Oligosoma aff. polychroma Clade 5,-43.7200217,172.5868463,1,0,0,0,0,0
10517,Oligosoma aff. polychroma Clade 5,-43.72441378,172.5595044,1,0,0,0,0,0
10518,Oligosoma aff. polychroma Clade 5,-43.67981085,172.7446661,1,0,0,0,0,0
10519,Oligosoma aff. polychroma Clade 5,-45.58674458,168.2483154,1,0,0,0,0,0
10520,Oligosoma aff. polychroma Clade 5,-43.92094892,173.022091,1,0,0,0,0,0
10521,Oligosoma aff. polychroma Clade 5,-46.8572333,167.699568,1,0,0,0,0,0
10522,Oligosoma aff. polychroma Clade 5,-45.60298871,169.5361017,1,0,0,0,0,0
10523,Oligosoma aff. polychroma Clade 5,-45.35293067,170.5000916,1,0,0,0,0,0
10524,Oligosoma aff. polychroma Clade 5,-45.33580071,170.4642751,1,0,0,0,0,0
10525,Oligosoma aff. polychroma Clade 5,-45.37445992,170.3451992,1,0,0,0,0,0
10526,Oligosoma aff. polychroma Clade 5,-46.51884733,168.3038009,1,0,0,0,0,0
10527,Oligosoma aff. polychroma Clade 5,-46.4475598,168.4810981,1,0,0,0,0,0
10528,Oligosoma aff. polychroma Clade 5,-46.5365571,168.4331038,1,0,0,0,0,0
10529,Oligosoma aff. polychroma Clade 5,-46.59695453,168.3176923,1,0,0,0,0,0
10530,Oligosoma aff. polychroma Clade 5,-46.6388206,168.512885,1,0,0,0,0,0
10531,Oligosoma aff. polychroma Clade 5,-45.40054006,170.5068625,1,0,0,0,0,0
10532,Oligosoma aff. polychroma Clade 5,-45.37084038,170.3975466,1,0,0,0,0,0
10533,Oligosoma aff. polychroma Clade 5,-45.37371946,170.4787264,1,0,0,0,0,0
10534,Oligosoma aff. polychroma Clade 5,-45.54563445,170.4851121,1,0,0,0,0,0
10535,Oligosoma aff. polychroma Clade 5,-45.41900388,170.3992175,1,0,0,0,0,0
10536,Oligosoma aff. polychroma Clade 5,-45.38970217,170.3609521,1,0,0,0,0,0
10537,Oligosoma aff. polychroma Clade 5,-45.35074464,170.3578054,1,0,0,0,0,0
10538,Oligosoma aff. polychroma Clade 5,-45.53633302,170.3987024,1,0,0,0,0,0
10539,Oligosoma aff. polychroma Clade 5,-45.5961214,170.305827,1,0,0,0,0,0
10540,Oligosoma aff. polychroma Clade 5,-45.6774058,170.3169425,1,0,0,0,0,0
10541,Oligosoma aff. polychroma Clade 5,-45.62175054,170.2594159,1,0,0,0,0,0
10542,Oligosoma aff. polychroma Clade 5,-45.52457596,170.3381917,1,0,0,0,0,0
10543,Oligosoma aff. polychroma Clade 5,-45.74895181,170.1840789,1,0,0,0,0,0
10544,Oligosoma aff. polychroma Clade 5,-45.46789136,170.3953283,1,0,0,0,0,0
10545,Oligosoma aff. polychroma Clade 5,-45.48070347,170.4029434,1,0,0,0,0,0
10546,Oligosoma aff. polychroma Clade 5,-45.42137044,170.4461722,1,0,0,0,0,0
10547,Oligosoma aff. polychroma Clade 5,-45.53097721,170.3692104,1,0,0,0,0,0
10548,Oligosoma aff. polychroma Clade 5,-44.87906342,169.8991694,1,0,0,0,0,0
10549,Oligosoma aff. polychroma Clade 5,-45.51010553,170.5360915,1,0,0,0,0,0
10550,Oligosoma aff. polychroma Clade 5,-46.15405171,169.8729709,1,0,0,0,0,0
10551,Oligosoma aff. polychroma Clade 5,-45.58080502,168.5879163,1,0,0,0,0,0
10552,Oligosoma aff. polychroma Clade 5,-46.27146772,169.5435901,1,0,0,0,0,0
10553,Oligosoma aff. polychroma Clade 5,-45.66242362,170.7222662,1,0,0,0,0,0
10554,Oligosoma aff. polychroma Clade 5,-46.9396608,167.7374091,1,0,0,0,0,0
10555,Oligosoma aff. polychroma Clade 5,-46.39994641,168.472789,1,0,0,0,0,0
10556,Oligosoma aff. polychroma Clade 5,-43.75632988,172.6966403,1,0,0,0,0,0
10557,Oligosoma aff. polychroma Clade 5,-45.53652788,170.4001067,1,0,0,0,0,0
10558,Oligosoma aff. polychroma Clade 5,-44.34771114,169.955429,1,0,0,0,0,0
10559,Oligosoma aff. polychroma Clade 5,-44.05447202,170.1830242,1,0,0,0,0,0
10560,Oligosoma aff. polychroma Clade 5,-44.37256686,169.6386986,1,0,0,0,0,0
10561,Oligosoma aff. polychroma Clade 5,-46.93178193,167.8105509,1,0,0,0,0,0
10562,Oligosoma aff. polychroma Clade 5,-46.8849011,167.7387499,1,0,0,0,0,0
10563,Oligosoma aff. polychroma Clade 5,-46.71201913,167.7484139,1,0,0,0,0,0
10564,Oligosoma aff. polychroma Clade 5,-44.7885429,171.1815836,1,0,0,0,0,0
10565,Oligosoma aff. polychroma Clade 5,-46.58864777,168.2848043,1,0,0,0,0,0
10566,Oligosoma aff. polychroma Clade 5,-45.29434745,168.3587118,1,0,0,0,0,0
10567,Oligosoma aff. polychroma Clade 5,-44.85943255,170.2324962,1,0,0,0,0,0
10568,Oligosoma aff. polychroma Clade 5,-44.84244786,170.223168,1,0,0,0,0,0
10569,Oligosoma aff. polychroma Clade 5,-44.85556752,170.204079,1,0,0,0,0,0
10570,Oligosoma aff. polychroma Clade 5,-45.00100042,170.1777447,1,0,0,0,0,0
10571,Oligosoma aff. polychroma Clade 5,-45.96255624,170.5892792,1,0,0,0,0,0
10572,Oligosoma aff. polychroma Clade 5,-46.44257833,168.3564385,1,0,0,0,0,0
10573,Oligosoma aff. polychroma Clade 5,-46.31756734,168.4034621,1,0,0,0,0,0
10574,Oligosoma aff. polychroma Clade 5,-46.50773594,168.3497433,1,0,0,0,0,0
10575,Oligosoma aff. polychroma Clade 5,-46.4456683,168.345012,1,0,0,0,0,0
10576,Oligosoma aff. polychroma Clade 5,-46.42337513,168.3573152,1,0,0,0,0,0
10577,Oligosoma aff. polychroma Clade 5,-46.00259697,168.5364546,1,0,0,0,0,0
10578,Oligosoma aff. polychroma Clade 5,-45.8769305,168.5123488,1,0,0,0,0,0
10579,Oligosoma aff. polychroma Clade 5,-46.17749012,168.0665011,1,0,0,0,0,0
10580,Oligosoma aff. polychroma Clade 5,-46.18650089,168.0603611,1,0,0,0,0,0
10581,Oligosoma aff. polychroma Clade 5,-45.91265125,170.5579657,1,0,0,0,0,0
10582,Oligosoma aff. polychroma Clade 5,-45.60043462,168.6098889,1,0,0,0,0,0
10583,Oligosoma aff. polychroma Clade 5,-46.48678746,168.4289282,1,0,0,0,0,0
10584,Oligosoma aff. polychroma Clade 5,-46.51590446,168.3548663,1,0,0,0,0,0
10585,Oligosoma aff. polychroma Clade 5,-46.36379152,168.6364857,1,0,0,0,0,0
10586,Oligosoma aff. polychroma Clade 5,-46.49821204,168.2691296,1,0,0,0,0,0
10587,Oligosoma aff. polychroma Clade 5,-46.37029037,168.3266013,1,0,0,0,0,0
10588,Oligosoma aff. polychroma Clade 5,-46.43763416,168.3240315,1,0,0,0,0,0
10589,Oligosoma aff. polychroma Clade 5,-46.52068862,168.4720441,1,0,0,0,0,0
10590,Oligosoma aff. polychroma Clade 5,-46.57172174,168.4960176,1,0,0,0,0,0
10591,Oligosoma aff. polychroma Clade 5,-46.39356301,167.6769662,1,0,0,0,0,0
10592,Oligosoma aff. polychroma Clade 5,-46.15765877,168.7717626,1,0,0,0,0,0
10593,Oligosoma aff. polychroma Clade 5,-45.95979083,168.8686128,1,0,0,0,0,0
10594,Oligosoma aff. polychroma Clade 5,-46.53041343,168.2727185,1,0,0,0,0,0
10595,Oligosoma aff. polychroma Clade 5,-46.03854053,167.7828238,1,0,0,0,0,0
10596,Oligosoma aff. polychroma Clade 5,-44.8643677,170.4022167,1,0,0,0,0,0
10597,Oligosoma aff. polychroma Clade 5,-45.06356451,170.3078768,1,0,0,0,0,0
10598,Oligosoma aff. polychroma Clade 5,-44.95471674,170.3036407,1,0,0,0,0,0
10599,Oligosoma aff. polychroma Clade 5,-46.62557953,168.216879,1,0,0,0,0,0
10600,Oligosoma aff. polychroma Clade 5,-44.9195237,169.8347875,1,0,0,0,0,0
10601,Oligosoma aff. polychroma Clade 5,-44.92027625,170.0861844,1,0,0,0,0,0
10602,Oligosoma aff. polychroma Clade 5,-44.9986191,170.204243,1,0,0,0,0,0
10603,Oligosoma aff. polychroma Clade 5,-45.14106932,170.4714865,1,0,0,0,0,0
10604,Oligosoma aff. polychroma Clade 5,-44.99043883,170.4135965,1,0,0,0,0,0
10605,Oligosoma aff. polychroma Clade 5,-45.03469938,170.5406354,1,0,0,0,0,0
10606,Oligosoma aff. polychroma Clade 5,-45.07330006,170.3823935,1,0,0,0,0,0
10607,Oligosoma aff. polychroma Clade 5,-45.61966286,167.80461,1,0,0,0,0,0
10608,Oligosoma aff. polychroma Clade 5,-45.67954084,168.5330212,1,0,0,0,0,0
10609,Oligosoma aff. polychroma Clade 5,-45.79659173,167.7842548,1,0,0,0,0,0
10610,Oligosoma aff. polychroma Clade 5,-45.76648058,167.7343311,1,0,0,0,0,0
10611,Oligosoma aff. polychroma Clade 5,-44.89429584,169.8660012,1,0,0,0,0,0
10612,Oligosoma aff. polychroma Clade 5,-46.00367153,170.3342924,1,0,0,0,0,0
10613,Oligosoma aff. polychroma Clade 5,-46.51181629,168.3035633,1,0,0,0,0,0
10614,Oligosoma aff. polychroma Clade 5,-45.97470008,170.4621113,1,0,0,0,0,0
10615,Oligosoma aff. polychroma Clade 5,-44.05388968,170.4711268,1,0,0,0,0,0
10616,Oligosoma aff. polychroma Clade 5,-43.88577568,170.3916999,1,0,0,0,0,0
10617,Oligosoma aff. polychroma Clade 5,-43.78587415,170.4992591,1,0,0,0,0,0
10618,Oligosoma aff. polychroma Clade 5,-45.66316318,170.6234317,1,0,0,0,0,0
10619,Oligosoma aff. polychroma Clade 5,-45.19932628,169.5343556,1,0,0,0,0,0
10620,Oligosoma aff. polychroma Clade 5,-45.18152834,169.5341297,1,0,0,0,0,0
10621,Oligosoma aff. polychroma Clade 5,-44.48161213,170.2143741,1,0,0,0,0,0
10622,Oligosoma aff. polychroma Clade 5,-44.64265476,170.0910381,1,0,0,0,0,0
10623,Oligosoma aff. polychroma Clade 5,-44.60695358,170.2133488,1,0,0,0,0,0
10624,Oligosoma aff. polychroma Clade 5,-44.64026297,169.6753688,1,0,0,0,0,0
10625,Oligosoma aff. polychroma Clade 5,-44.66813611,169.6001882,1,0,0,0,0,0
10626,Oligosoma aff. polychroma Clade 5,-44.5234702,170.2163773,1,0,0,0,0,0
10627,Oligosoma aff. polychroma Clade 5,-43.83585224,172.5764536,1,0,0,0,0,0
10628,Oligosoma aff. polychroma Clade 5,-43.98868456,173.0744416,1,0,0,0,0,0
10629,Oligosoma aff. polychroma Clade 5,-43.86735163,172.9233365,1,0,0,0,0,0
10630,Oligosoma aff. polychroma Clade 5,-43.78560142,173.055271,1,0,0,0,0,0
10631,Oligosoma aff. polychroma Clade 5,-43.9052105,173.0248534,1,0,0,0,0,0
10632,Oligosoma aff. polychroma Clade 5,-43.73420654,173.067077,1,0,0,0,0,0
10633,Oligosoma aff. polychroma Clade 5,-45.02344826,170.3821055,1,0,0,0,0,0
10634,Oligosoma aff. polychroma Clade 5,-45.249428,170.624857,1,0,0,0,0,0
10635,Oligosoma aff. polychroma Clade 5,-44.61827137,169.719942,1,0,0,0,0,0
10636,Oligosoma aff. polychroma Clade 5,-44.66482817,169.6145534,1,0,0,0,0,0
10637,Oligosoma aff. polychroma Clade 5,-43.50740908,172.5677045,1,0,0,0,0,0
10638,Oligosoma aff. polychroma Clade 5,-43.5827259,172.7179179,1,0,0,0,0,0
10639,Oligosoma aff. polychroma Clade 5,-45.32758421,170.0059107,1,0,0,0,0,0
10640,Oligosoma aff. polychroma Clade 5,-45.13088568,170.1420291,1,0,0,0,0,0
10641,Oligosoma aff. polychroma Clade 5,-43.64158421,172.8727725,1,0,0,0,0,0
10642,Oligosoma aff. polychroma Clade 5,-43.7453304,172.7226113,1,0,0,0,0,0
10643,Oligosoma aff. polychroma Clade 5,-46.85288276,168.1273338,1,0,0,0,0,0
10644,Oligosoma aff. polychroma Clade 5,-43.86856754,172.7883947,1,0,0,0,0,0
10645,Oligosoma aff. polychroma Clade 5,-45.26782464,169.1685661,1,0,0,0,0,0
10646,Oligosoma aff. polychroma Clade 5,-43.74263762,170.0065614,1,0,0,0,0,0
10647,Oligosoma aff. polychroma Clade 5,-43.72245804,170.173369,1,0,0,0,0,0
10648,Oligosoma aff. polychroma Clade 5,-43.55026858,172.4523276,1,0,0,0,0,0
10649,Oligosoma aff. polychroma Clade 5,-45.5740182,167.688676,1,0,0,0,0,0
10650,Oligosoma aff. polychroma Clade 5,-45.24090031,168.2243031,1,0,0,0,0,0
10651,Oligosoma aff. polychroma Clade 5,-44.15514329,171.3414489,1,0,0,0,0,0
10652,Oligosoma aff. polychroma Clade 5,-44.71746784,170.3801123,1,0,0,0,0,0
10653,Oligosoma aff. polychroma Clade 5,-44.81696271,170.3849517,1,0,0,0,0,0
10654,Oligosoma aff. polychroma Clade 5,-44.7230112,170.3056065,1,0,0,0,0,0
10655,Oligosoma aff. polychroma Clade 5,-43.70397289,170.3726317,1,0,0,0,0,0
10656,Oligosoma aff. polychroma Clade 5,-43.79489172,170.3260463,1,0,0,0,0,0
10657,Oligosoma aff. polychroma Clade 5,-43.62316019,170.41764,1,0,0,0,0,0
10658,Oligosoma aff. polychroma Clade 5,-43.58476564,170.4107831,1,0,0,0,0,0
10659,Oligosoma aff. polychroma Clade 5,-43.93180389,170.2660763,1,0,0,0,0,0
10660,Oligosoma aff. polychroma Clade 5,-43.6619199,170.3682694,1,0,0,0,0,0
10661,Oligosoma aff. polychroma Clade 5,-43.70674112,170.4042234,1,0,0,0,0,0
10662,Oligosoma aff. polychroma Clade 5,-43.75035028,170.4195661,1,0,0,0,0,0
10663,Oligosoma aff. polychroma Clade 5,-43.70790621,170.4233802,1,0,0,0,0,0
10664,Oligosoma aff. polychroma Clade 5,-43.8343908,170.4207311,1,0,0,0,0,0
10665,Oligosoma aff. polychroma Clade 5,-45.8694001,169.7844259,1,0,0,0,0,0
10666,Oligosoma aff. polychroma Clade 5,-43.78163321,170.4576635,1,0,0,0,0,0
10667,Oligosoma aff. polychroma Clade 5,-43.92469431,170.4279156,1,0,0,0,0,0
10668,Oligosoma aff. polychroma Clade 5,-43.82896279,170.3041068,1,0,0,0,0,0
10669,Oligosoma aff. polychroma Clade 5,-43.89967831,170.4276928,1,0,0,0,0,0
10670,Oligosoma aff. polychroma Clade 5,-43.96145216,170.4322109,1,0,0,0,0,0
10671,Oligosoma aff. polychroma Clade 5,-43.79863895,170.3229446,1,0,0,0,0,0
10672,Oligosoma aff. polychroma Clade 5,-43.79837975,170.3359102,1,0,0,0,0,0
10673,Oligosoma aff. polychroma Clade 5,-43.81370792,170.2919188,1,0,0,0,0,0
10674,Oligosoma aff. polychroma Clade 5,-43.81305934,170.3565342,1,0,0,0,0,0
10675,Oligosoma aff. polychroma Clade 5,-43.3903897,172.5221396,1,0,0,0,0,0
10676,Oligosoma aff. polychroma Clade 5,-43.52378254,172.5229877,1,0,0,0,0,0
10677,Oligosoma aff. polychroma Clade 5,-43.54680825,172.348446,1,0,0,0,0,0
10678,Oligosoma aff. polychroma Clade 5,-44.38423295,170.7484589,1,0,0,0,0,0
10679,Oligosoma aff. polychroma Clade 5,-44.54876582,170.7913492,1,0,0,0,0,0
10680,Oligosoma aff. polychroma Clade 5,-44.61584925,170.5729222,1,0,0,0,0,0
10681,Oligosoma aff. polychroma Clade 5,-44.36200727,170.6556919,1,0,0,0,0,0
10682,Oligosoma aff. polychroma Clade 5,-44.46083919,170.7314698,1,0,0,0,0,0
10683,Oligosoma aff. polychroma Clade 5,-44.4538971,170.7378158,1,0,0,0,0,0
10684,Oligosoma aff. polychroma Clade 5,-44.47513191,170.7325419,1,0,0,0,0,0
10685,Oligosoma aff. polychroma Clade 5,-43.40907987,172.3588937,1,0,0,0,0,0
10686,Oligosoma aff. polychroma Clade 5,-43.57151592,172.3495746,1,0,0,0,0,0
10687,Oligosoma aff. polychroma Clade 5,-43.36110423,172.481373,1,0,0,0,0,0
10688,Oligosoma aff. polychroma Clade 5,-43.36481219,172.3911738,1,0,0,0,0,0
10689,Oligosoma aff. polychroma Clade 5,-43.37525119,172.3647613,1,0,0,0,0,0
10690,Oligosoma aff. polychroma Clade 5,-43.41504876,172.3220105,1,0,0,0,0,0
10691,Oligosoma aff. polychroma Clade 5,-43.44471086,172.3929954,1,0,0,0,0,0
10692,Oligosoma aff. polychroma Clade 5,-43.53563583,172.3907949,1,0,0,0,0,0
10693,Oligosoma aff. polychroma Clade 5,-44.29298856,170.6597653,1,0,0,0,0,0
10694,Oligosoma aff. polychroma Clade 5,-44.47325407,170.599169,1,0,0,0,0,0
10695,Oligosoma aff. polychroma Clade 5,-44.08142313,170.5675209,1,0,0,0,0,0
10696,Oligosoma aff. polychroma Clade 5,-43.49709436,172.3646006,1,0,0,0,0,0
10697,Oligosoma aff. polychroma Clade 5,-43.5348418,172.2523758,1,0,0,0,0,0
10698,Oligosoma aff. polychroma Clade 5,-43.38690216,172.3837078,1,0,0,0,0,0
10699,Oligosoma aff. polychroma Clade 5,-43.40431748,172.3357713,1,0,0,0,0,0
10700,Oligosoma aff. polychroma Clade 5,-43.38140836,172.2907364,1,0,0,0,0,0
10701,Oligosoma aff. polychroma Clade 5,-43.38262493,172.4054515,1,0,0,0,0,0
10702,Oligosoma aff. polychroma Clade 5,-43.37794644,172.3158535,1,0,0,0,0,0
10703,Oligosoma aff. polychroma Clade 5,-43.57815458,172.3569454,1,0,0,0,0,0
10704,Oligosoma aff. polychroma Clade 5,-43.44582878,172.441282,1,0,0,0,0,0
10705,Oligosoma aff. polychroma Clade 5,-43.38942109,172.485034,1,0,0,0,0,0
10706,Oligosoma aff. polychroma Clade 5,-43.426838,172.44183,1,0,0,0,0,0
10707,Oligosoma aff. polychroma Clade 5,-43.45971084,172.2411197,1,0,0,0,0,0
10708,Oligosoma aff. polychroma Clade 5,-43.53471312,172.25112,1,0,0,0,0,0
10709,Oligosoma aff. polychroma Clade 5,-43.49223089,172.2631589,1,0,0,0,0,0
10710,Oligosoma aff. polychroma Clade 5,-43.3711868,172.2856846,1,0,0,0,0,0
10711,Oligosoma aff. polychroma Clade 5,-43.57626722,172.3374224,1,0,0,0,0,0
10712,Oligosoma aff. polychroma Clade 5,-43.54388446,172.3587372,1,0,0,0,0,0
10713,Oligosoma aff. polychroma Clade 5,-43.43599766,172.5081671,1,0,0,0,0,0
10714,Oligosoma aff. polychroma Clade 5,-43.57992631,172.4050304,1,0,0,0,0,0
10715,Oligosoma aff. polychroma Clade 5,-43.52523953,172.2818894,1,0,0,0,0,0
10716,Oligosoma aff. polychroma Clade 5,-43.44037111,172.4132879,1,0,0,0,0,0
10717,Oligosoma aff. polychroma Clade 5,-44.2506853,170.649958,1,0,0,0,0,0
10718,Oligosoma aff. polychroma Clade 5,-44.17394079,170.5925584,1,0,0,0,0,0
10719,Oligosoma aff. polychroma Clade 5,-44.16997631,170.5572999,1,0,0,0,0,0
10720,Oligosoma aff. polychroma Clade 5,-43.38726112,172.3316352,1,0,0,0,0,0
10721,Oligosoma aff. polychroma Clade 5,-44.31274516,170.6221591,1,0,0,0,0,0
10722,Oligosoma aff. polychroma Clade 5,-44.31571249,170.6574588,1,0,0,0,0,0
10723,Oligosoma aff. polychroma Clade 5,-44.33491264,170.4932349,1,0,0,0,0,0
10724,Oligosoma aff. polychroma Clade 5,-44.19200123,170.6770643,1,0,0,0,0,0
10725,Oligosoma aff. polychroma Clade 5,-43.65346582,170.6142092,1,0,0,0,0,0
10726,Oligosoma aff. polychroma Clade 5,-43.70798913,170.637433,1,0,0,0,0,0
10727,Oligosoma aff. polychroma Clade 5,-44.07817148,170.5258197,1,0,0,0,0,0
10728,Oligosoma aff. polychroma Clade 5,-43.87789339,170.6265807,1,0,0,0,0,0
10729,Oligosoma aff. polychroma Clade 5,-43.45788551,172.5406582,1,0,0,0,0,0
10730,Oligosoma aff. polychroma Clade 5,-43.52280024,172.5246993,1,0,0,0,0,0
10731,Oligosoma aff. polychroma Clade 5,-43.52380622,172.55153,1,0,0,0,0,0
10732,Oligosoma aff. polychroma Clade 5,-44.14927828,170.2662647,1,0,0,0,0,0
10733,Oligosoma aff. polychroma Clade 5,-44.2338338,170.2559942,1,0,0,0,0,0
10734,Oligosoma aff. polychroma Clade 5,-44.25782108,170.1738889,1,0,0,0,0,0
10735,Oligosoma aff. polychroma Clade 5,-44.20631525,170.1957809,1,0,0,0,0,0
10736,Oligosoma aff. polychroma Clade 5,-44.21921776,170.1145805,1,0,0,0,0,0
10737,Oligosoma aff. polychroma Clade 5,-43.52138636,172.3865516,1,0,0,0,0,0
10738,Oligosoma aff. polychroma Clade 5,-44.39920825,170.4840129,1,0,0,0,0,0
10739,Oligosoma aff. polychroma Clade 5,-44.28837752,170.5705475,1,0,0,0,0,0
10740,Oligosoma aff. polychroma Clade 5,-44.32344942,170.4404958,1,0,0,0,0,0
10741,Oligosoma aff. polychroma Clade 5,-44.40593869,170.4586826,1,0,0,0,0,0
10742,Oligosoma aff. polychroma Clade 5,-44.42967391,170.3615753,1,0,0,0,0,0
10743,Oligosoma aff. polychroma Clade 5,-44.45810455,170.3907772,1,0,0,0,0,0
10744,Oligosoma aff. polychroma Clade 5,-44.37247147,170.324603,1,0,0,0,0,0
10745,Oligosoma aff. polychroma Clade 5,-44.42581641,170.4617299,1,0,0,0,0,0
10746,Oligosoma aff. polychroma Clade 5,-44.18278371,170.5080181,1,0,0,0,0,0
10747,Oligosoma aff. polychroma Clade 5,-44.36734563,170.3540786,1,0,0,0,0,0
10748,Oligosoma aff. polychroma Clade 5,-44.29404238,170.4912154,1,0,0,0,0,0
10749,Oligosoma aff. polychroma Clade 5,-44.30659372,170.4693498,1,0,0,0,0,0
10750,Oligosoma aff. polychroma Clade 5,-44.36215898,170.5222633,1,0,0,0,0,0
10751,Oligosoma aff. polychroma Clade 5,-44.42576409,170.4600667,1,0,0,0,0,0
10752,Oligosoma aff. polychroma Clade 5,-44.48015313,170.4275541,1,0,0,0,0,0
10753,Oligosoma aff. polychroma Clade 5,-45.36516065,168.7042477,1,0,0,0,0,0
10754,Oligosoma aff. polychroma Clade 5,-45.25579667,168.8038192,1,0,0,0,0,0
10755,Oligosoma aff. polychroma Clade 5,-45.19031948,168.8901121,1,0,0,0,0,0
10756,Oligosoma aff. polychroma Clade 5,-45.10333406,168.7566711,1,0,0,0,0,0
10757,Oligosoma aff. polychroma Clade 5,-45.35640102,168.8420499,1,0,0,0,0,0
10758,Oligosoma aff. polychroma Clade 5,-45.19232437,168.8606605,1,0,0,0,0,0
10759,Oligosoma aff. polychroma Clade 5,-45.23238311,168.8390856,1,0,0,0,0,0
10760,Oligosoma aff. polychroma Clade 5,-45.39264215,168.8567553,1,0,0,0,0,0
10761,Oligosoma aff. polychroma Clade 5,-45.64715727,167.4644254,1,0,0,0,0,0
10762,Oligosoma aff. polychroma Clade 5,-45.75382304,167.5188479,1,0,0,0,0,0
10763,Oligosoma aff. polychroma Clade 5,-45.24541119,168.224245,1,0,0,0,0,0
10764,Oligosoma aff. polychroma Clade 5,-45.72638246,170.6513328,1,0,0,0,0,0
10765,Oligosoma aff. polychroma Clade 5,-44.55942504,171.0636611,1,0,0,0,0,0
10766,Oligosoma aff. polychroma Clade 5,-44.2578369,171.1120277,1,0,0,0,0,0
10767,Oligosoma aff. polychroma Clade 5,-44.28061956,171.0576955,1,0,0,0,0,0
10768,Oligosoma aff. polychroma Clade 5,-44.30956419,171.0373341,1,0,0,0,0,0
10769,Oligosoma aff. polychroma Clade 5,-44.40772708,171.0620892,1,0,0,0,0,0
10770,Oligosoma aff. polychroma Clade 5,-44.47977527,171.0289474,1,0,0,0,0,0
10771,Oligosoma aff. polychroma Clade 5,-44.38232516,171.0370638,1,0,0,0,0,0
10772,Oligosoma aff. polychroma Clade 5,-44.46857837,171.0667439,1,0,0,0,0,0
10773,Oligosoma aff. polychroma Clade 5,-44.05544251,171.2542491,1,0,0,0,0,0
10774,Oligosoma aff. polychroma Clade 5,-44.54502036,171.0551432,1,0,0,0,0,0
10775,Oligosoma aff. polychroma Clade 5,-44.46945976,171.1393145,1,0,0,0,0,0
10776,Oligosoma aff. polychroma Clade 5,-43.96602593,171.3272945,1,0,0,0,0,0
10777,Oligosoma aff. polychroma Clade 5,-44.13618679,171.311554,1,0,0,0,0,0
10778,Oligosoma aff. polychroma Clade 5,-44.00546362,171.3110078,1,0,0,0,0,0
10779,Oligosoma aff. polychroma Clade 5,-44.08588962,171.2968514,1,0,0,0,0,0
10780,Oligosoma aff. polychroma Clade 5,-44.05334127,171.3516888,1,0,0,0,0,0
10781,Oligosoma aff. polychroma Clade 5,-43.96660994,171.3303429,1,0,0,0,0,0
10782,Oligosoma aff. polychroma Clade 5,-43.98221528,171.3284098,1,0,0,0,0,0
10783,Oligosoma aff. polychroma Clade 5,-44.18948877,171.3752002,1,0,0,0,0,0
10784,Oligosoma aff. polychroma Clade 5,-44.00954831,171.2876066,1,0,0,0,0,0
10785,Oligosoma aff. polychroma Clade 5,-44.08075901,171.4133063,1,0,0,0,0,0
10786,Oligosoma aff. polychroma Clade 5,-44.08163763,171.3278451,1,0,0,0,0,0
10787,Oligosoma aff. polychroma Clade 5,-44.21258912,171.2940011,1,0,0,0,0,0
10788,Oligosoma aff. polychroma Clade 5,-44.19428624,171.4023075,1,0,0,0,0,0
10789,Oligosoma aff. polychroma Clade 5,-44.01697577,171.2767078,1,0,0,0,0,0
10790,Oligosoma aff. polychroma Clade 5,-44.030982,171.2736019,1,0,0,0,0,0
10791,Oligosoma aff. polychroma Clade 5,-44.78098091,169.7768511,1,0,0,0,0,0
10792,Oligosoma aff. polychroma Clade 5,-46.53173167,168.5652332,1,0,0,0,0,0
10793,Oligosoma aff. polychroma Clade 5,-46.48611164,168.5037694,1,0,0,0,0,0
10794,Oligosoma aff. polychroma Clade 5,-46.54024944,168.5836832,1,0,0,0,0,0
10795,Oligosoma aff. polychroma Clade 5,-46.5632964,168.5204228,1,0,0,0,0,0
10796,Oligosoma aff. polychroma Clade 5,-46.56496767,168.4756442,1,0,0,0,0,0
10797,Oligosoma aff. polychroma Clade 5,-44.44763102,171.0233987,1,0,0,0,0,0
10798,Oligosoma aff. polychroma Clade 5,-44.43766576,170.9510401,1,0,0,0,0,0
10799,Oligosoma aff. polychroma Clade 5,-46.53852488,168.4679112,1,0,0,0,0,0
10800,Oligosoma aff. polychroma Clade 5,-46.51568088,168.7775351,1,0,0,0,0,0
10801,Oligosoma aff. polychroma Clade 5,-46.70327075,168.6923363,1,0,0,0,0,0
10802,Oligosoma aff. polychroma Clade 5,-46.63713893,168.8015493,1,0,0,0,0,0
10803,Oligosoma aff. polychroma Clade 5,-46.46993022,168.7912763,1,0,0,0,0,0
10804,Oligosoma aff. polychroma Clade 5,-46.53192414,168.4473279,1,0,0,0,0,0
10805,Oligosoma aff. polychroma Clade 5,-46.62577356,168.4488614,1,0,0,0,0,0
10806,Oligosoma aff. polychroma Clade 5,-44.49212928,171.2046268,1,0,0,0,0,0
10807,Oligosoma aff. polychroma Clade 5,-44.47387685,171.106917,1,0,0,0,0,0
10808,Oligosoma aff. polychroma Clade 5,-44.50552675,170.9159543,1,0,0,0,0,0
10809,Oligosoma aff. polychroma Clade 5,-44.34144308,171.0661394,1,0,0,0,0,0
10810,Oligosoma aff. polychroma Clade 5,-44.32184492,170.9802822,1,0,0,0,0,0
10811,Oligosoma aff. polychroma Clade 5,-44.45818608,171.0933119,1,0,0,0,0,0
10812,Oligosoma aff. polychroma Clade 5,-44.33649773,170.9852267,1,0,0,0,0,0
10813,Oligosoma aff. polychroma Clade 5,-44.44012542,171.1383172,1,0,0,0,0,0
10814,Oligosoma aff. polychroma Clade 5,-44.307245,170.9605921,1,0,0,0,0,0
10815,Oligosoma aff. polychroma Clade 5,-44.44370251,170.9909579,1,0,0,0,0,0
10816,Oligosoma aff. polychroma Clade 5,-44.38582929,171.068937,1,0,0,0,0,0
10817,Oligosoma aff. polychroma Clade 5,-44.42980261,171.0561033,1,0,0,0,0,0
10818,Oligosoma aff. polychroma Clade 5,-44.39858467,171.0758983,1,0,0,0,0,0
10819,Oligosoma aff. polychroma Clade 5,-44.46280309,171.0872375,1,0,0,0,0,0
10820,Oligosoma aff. polychroma Clade 5,-44.38344723,171.0100848,1,0,0,0,0,0
10821,Oligosoma aff. polychroma Clade 5,-44.44132323,171.0762062,1,0,0,0,0,0
10822,Oligosoma aff. polychroma Clade 5,-44.45333221,171.1692411,1,0,0,0,0,0
10823,Oligosoma aff. polychroma Clade 5,-44.31771259,170.9735755,1,0,0,0,0,0
10824,Oligosoma aff. polychroma Clade 5,-44.31626102,170.9717675,1,0,0,0,0,0
10825,Oligosoma aff. polychroma Clade 5,-44.47417304,171.0367896,1,0,0,0,0,0
10826,Oligosoma aff. polychroma Clade 5,-44.48948973,170.9721132,1,0,0,0,0,0
10827,Oligosoma aff. polychroma Clade 5,-44.33407084,171.0544651,1,0,0,0,0,0
10828,Oligosoma aff. polychroma Clade 5,-44.22369802,170.9548215,1,0,0,0,0,0
10829,Oligosoma aff. polychroma Clade 5,-44.26034412,170.9422377,1,0,0,0,0,0
10830,Oligosoma aff. polychroma Clade 5,-44.24000309,171.0582961,1,0,0,0,0,0
10831,Oligosoma aff. polychroma Clade 5,-44.39977299,171.0857208,1,0,0,0,0,0
10832,Oligosoma aff. polychroma Clade 5,-44.22744895,170.9676754,1,0,0,0,0,0
10833,Oligosoma aff. polychroma Clade 5,-44.45200571,170.9536337,1,0,0,0,0,0
10834,Oligosoma aff. polychroma Clade 5,-44.32854188,170.925339,1,0,0,0,0,0
10835,Oligosoma aff. polychroma Clade 5,-44.25852084,171.0073308,1,0,0,0,0,0
10836,Oligosoma aff. polychroma Clade 5,-44.10719893,171.1159282,1,0,0,0,0,0
10837,Oligosoma aff. polychroma Clade 5,-44.08618061,171.1133498,1,0,0,0,0,0
10838,Oligosoma aff. polychroma Clade 5,-44.51086676,171.1583416,1,0,0,0,0,0
10839,Oligosoma aff. polychroma Clade 5,-44.1889653,171.0905785,1,0,0,0,0,0
10840,Oligosoma aff. polychroma Clade 5,-44.11721991,170.9537159,1,0,0,0,0,0
10841,Oligosoma aff. polychroma Clade 5,-44.20288104,170.9821831,1,0,0,0,0,0
10842,Oligosoma aff. polychroma Clade 5,-44.39698782,171.2619488,1,0,0,0,0,0
10843,Oligosoma aff. polychroma Clade 5,-44.50984234,171.0353107,1,0,0,0,0,0
10844,Oligosoma aff. polychroma Clade 5,-44.24957209,170.9355154,1,0,0,0,0,0
10845,Oligosoma aff. polychroma Clade 5,-44.09291965,170.9680291,1,0,0,0,0,0
10846,Oligosoma aff. polychroma Clade 5,-44.1999162,170.99148,1,0,0,0,0,0
10847,Oligosoma aff. polychroma Clade 5,-44.09765913,171.1248279,1,0,0,0,0,0
10848,Oligosoma aff. polychroma Clade 5,-44.22387141,171.0458297,1,0,0,0,0,0
10849,Oligosoma aff. polychroma Clade 5,-44.0122506,171.0958904,1,0,0,0,0,0
10850,Oligosoma aff. polychroma Clade 5,-44.0997732,171.1173703,1,0,0,0,0,0
10851,Oligosoma aff. polychroma Clade 5,-44.1564782,171.0979378,1,0,0,0,0,0
10852,Oligosoma aff. polychroma Clade 5,-44.29360112,171.0645038,1,0,0,0,0,0
10853,Oligosoma aff. polychroma Clade 5,-44.24974985,171.0618076,1,0,0,0,0,0
10854,Oligosoma aff. polychroma Clade 5,-44.21412167,171.0396793,1,0,0,0,0,0
10855,Oligosoma aff. polychroma Clade 5,-44.54537459,170.9625876,1,0,0,0,0,0
10856,Oligosoma aff. polychroma Clade 5,-44.52521962,171.0665095,1,0,0,0,0,0
10857,Oligosoma aff. polychroma Clade 5,-44.51232383,171.0164135,1,0,0,0,0,0
10858,Oligosoma aff. polychroma Clade 5,-44.40412036,171.0103293,1,0,0,0,0,0
10859,Oligosoma aff. polychroma Clade 5,-44.40009017,170.9962013,1,0,0,0,0,0
10860,Oligosoma aff. polychroma Clade 5,-44.52318354,171.0443108,1,0,0,0,0,0
10861,Oligosoma aff. polychroma Clade 5,-44.38471459,171.0331477,1,0,0,0,0,0
10862,Oligosoma aff. polychroma Clade 5,-44.31265566,171.0529713,1,0,0,0,0,0
10863,Oligosoma aff. polychroma Clade 5,-44.26173214,170.9596862,1,0,0,0,0,0
10864,Oligosoma aff. polychroma Clade 5,-44.22347602,170.9292056,1,0,0,0,0,0
10865,Oligosoma aff. polychroma Clade 5,-44.08062959,171.0508453,1,0,0,0,0,0
10866,Oligosoma aff. polychroma Clade 5,-44.19259303,171.182645,1,0,0,0,0,0
10867,Oligosoma aff. polychroma Clade 5,-44.09902684,171.1319521,1,0,0,0,0,0
10868,Oligosoma aff. polychroma Clade 5,-44.30143465,171.0169349,1,0,0,0,0,0
10869,Oligosoma aff. polychroma Clade 5,-44.33258647,171.0035603,1,0,0,0,0,0
10870,Oligosoma aff. polychroma Clade 5,-44.32994774,170.9903532,1,0,0,0,0,0
10871,Oligosoma aff. polychroma Clade 5,-44.35868272,170.944524,1,0,0,0,0,0
10872,Oligosoma aff. polychroma Clade 5,-44.40303243,170.9107559,1,0,0,0,0,0
10873,Oligosoma aff. polychroma Clade 5,-44.40238822,170.9810412,1,0,0,0,0,0
10874,Oligosoma aff. polychroma Clade 5,-44.52869662,170.9325579,1,0,0,0,0,0
10875,Oligosoma aff. polychroma Clade 5,-44.49530705,171.0816134,1,0,0,0,0,0
10876,Oligosoma aff. polychroma Clade 5,-44.3740973,170.8912823,1,0,0,0,0,0
10877,Oligosoma aff. polychroma Clade 5,-44.38478807,171.2014793,1,0,0,0,0,0
10878,Oligosoma aff. polychroma Clade 5,-44.4364469,170.9117593,1,0,0,0,0,0
10879,Oligosoma aff. polychroma Clade 5,-44.35709973,170.4897228,1,0,0,0,0,0
10880,Oligosoma aff. polychroma Clade 5,-44.53074993,170.4185794,1,0,0,0,0,0
10881,Oligosoma aff. polychroma Clade 5,-44.53946819,170.4716876,1,0,0,0,0,0
10882,Oligosoma aff. polychroma Clade 5,-43.845087,172.3249266,1,0,0,0,0,0
10883,Oligosoma aff. polychroma Clade 5,-43.81354741,172.5958193,1,0,0,0,0,0
10884,Oligosoma aff. polychroma Clade 5,-43.94825983,172.386813,1,0,0,0,0,0
10885,Oligosoma aff. polychroma Clade 5,-43.73162575,172.3196004,1,0,0,0,0,0
10886,Oligosoma aff. polychroma Clade 5,-43.80744744,172.3925102,1,0,0,0,0,0
10887,Oligosoma aff. polychroma Clade 5,-43.75829924,172.3489706,1,0,0,0,0,0
10888,Oligosoma aff. polychroma Clade 5,-43.83958661,172.3570767,1,0,0,0,0,0
10889,Oligosoma aff. polychroma Clade 5,-43.74711111,172.3306464,1,0,0,0,0,0
10890,Oligosoma aff. polychroma Clade 5,-43.78935524,172.4624919,1,0,0,0,0,0
10891,Oligosoma aff. polychroma Clade 5,-43.78559415,172.3171556,1,0,0,0,0,0
10892,Oligosoma aff. polychroma Clade 5,-43.74785931,172.4646352,1,0,0,0,0,0
10893,Oligosoma aff. polychroma Clade 5,-43.86269345,172.4985442,1,0,0,0,0,0
10894,Oligosoma aff. polychroma Clade 5,-43.84800979,172.408848,1,0,0,0,0,0
10895,Oligosoma aff. polychroma Clade 5,-43.9746663,172.4747372,1,0,0,0,0,0
10896,Oligosoma aff. polychroma Clade 5,-43.91830616,172.4435393,1,0,0,0,0,0
10897,Oligosoma aff. polychroma Clade 5,-43.72974074,172.3399901,1,0,0,0,0,0
10898,Oligosoma aff. polychroma Clade 5,-43.9237874,172.7308954,1,0,0,0,0,0
10899,Oligosoma aff. polychroma Clade 5,-43.83627873,172.7403283,1,0,0,0,0,0
10900,Oligosoma aff. polychroma Clade 5,-43.87356461,172.3369569,1,0,0,0,0,0
10901,Oligosoma aff. polychroma Clade 5,-43.78779109,172.3862899,1,0,0,0,0,0
10902,Oligosoma aff. polychroma Clade 5,-43.80021633,172.4421973,1,0,0,0,0,0
10903,Oligosoma aff. polychroma Clade 5,-43.83039409,172.3594721,1,0,0,0,0,0
10904,Oligosoma aff. polychroma Clade 5,-43.88295686,172.3679496,1,0,0,0,0,0
10905,Oligosoma aff. polychroma Clade 5,-43.75546167,172.4276852,1,0,0,0,0,0
10906,Oligosoma aff. polychroma Clade 5,-43.8468631,172.4703799,1,0,0,0,0,0
10907,Oligosoma aff. polychroma Clade 5,-43.91061813,172.4106083,1,0,0,0,0,0
10908,Oligosoma aff. polychroma Clade 5,-43.73834665,172.4349789,1,0,0,0,0,0
10909,Oligosoma aff. polychroma Clade 5,-43.92257361,172.412212,1,0,0,0,0,0
10910,Oligosoma aff. polychroma Clade 5,-43.86048973,172.4361453,1,0,0,0,0,0
10911,Oligosoma aff. polychroma Clade 5,-43.77412567,172.7370977,1,0,0,0,0,0
10912,Oligosoma aff. polychroma Clade 5,-44.29130014,171.3384023,1,0,0,0,0,0
10913,Oligosoma aff. polychroma Clade 5,-46.41992683,167.8414458,1,0,0,0,0,0
10914,Oligosoma aff. polychroma Clade 5,-43.69459573,172.6145488,1,0,0,0,0,0
10915,Oligosoma aff. polychroma Clade 5,-44.33937739,170.8342237,1,0,0,0,0,0
10916,Oligosoma aff. polychroma Clade 5,-44.33704573,170.7868925,1,0,0,0,0,0
10917,Oligosoma aff. polychroma Clade 5,-44.05971817,171.4223473,1,0,0,0,0,0
10918,Oligosoma aff. polychroma Clade 5,-44.09819071,171.3622609,1,0,0,0,0,0
10919,Oligosoma aff. polychroma Clade 5,-44.0506941,171.3988267,1,0,0,0,0,0
10920,Oligosoma aff. polychroma Clade 5,-44.02140826,171.3573782,1,0,0,0,0,0
10921,Oligosoma aff. polychroma Clade 5,-44.20921651,171.4122917,1,0,0,0,0,0
10922,Oligosoma aff. polychroma Clade 5,-44.19661417,171.4202458,1,0,0,0,0,0
10923,Oligosoma aff. polychroma Clade 5,-44.06360873,171.3433131,1,0,0,0,0,0
10924,Oligosoma aff. polychroma Clade 5,-44.00400789,171.3569953,1,0,0,0,0,0
10925,Oligosoma aff. polychroma Clade 5,-44.16233659,171.3164388,1,0,0,0,0,0
10926,Oligosoma aff. polychroma Clade 5,-44.17420764,171.2960451,1,0,0,0,0,0
10927,Oligosoma aff. polychroma Clade 5,-44.01131609,171.1424841,1,0,0,0,0,0
10928,Oligosoma aff. polychroma Clade 5,-44.18436367,171.3955606,1,0,0,0,0,0
10929,Oligosoma aff. polychroma Clade 5,-44.14869904,171.3624382,1,0,0,0,0,0
10930,Oligosoma aff. polychroma Clade 5,-44.20582654,171.3222333,1,0,0,0,0,0
10931,Oligosoma aff. polychroma Clade 5,-45.43180987,169.6722923,1,0,0,0,0,0
10932,Oligosoma aff. polychroma Clade 5,-45.52697135,169.5810364,1,0,0,0,0,0
10933,Oligosoma aff. polychroma Clade 5,-44.18174608,171.4201618,1,0,0,0,0,0
10934,Oligosoma aff. polychroma Clade 5,-44.05370486,171.3667134,1,0,0,0,0,0
10935,Oligosoma aff. polychroma Clade 5,-44.04641925,171.4202726,1,0,0,0,0,0
10936,Oligosoma aff. polychroma Clade 5,-45.57288544,169.7785075,1,0,0,0,0,0
10937,Oligosoma aff. polychroma Clade 5,-45.71814547,169.74752,1,0,0,0,0,0
10938,Oligosoma aff. polychroma Clade 5,-45.31393424,169.4114494,1,0,0,0,0,0
10939,Oligosoma aff. polychroma Clade 5,-44.05854706,171.3138558,1,0,0,0,0,0
10940,Oligosoma aff. polychroma Clade 5,-44.17256293,171.347851,1,0,0,0,0,0
10941,Oligosoma aff. polychroma Clade 5,-44.13080263,171.3245037,1,0,0,0,0,0
10942,Oligosoma aff. polychroma Clade 5,-44.11547551,171.4460263,1,0,0,0,0,0
10943,Oligosoma aff. polychroma Clade 5,-44.03864938,171.4058509,1,0,0,0,0,0
10944,Oligosoma aff. polychroma Clade 5,-44.01185319,171.3677596,1,0,0,0,0,0
10945,Oligosoma aff. polychroma Clade 5,-44.03108474,171.4338752,1,0,0,0,0,0
10946,Oligosoma aff. polychroma Clade 5,-43.96061767,171.369529,1,0,0,0,0,0
10947,Oligosoma aff. polychroma Clade 5,-44.22641883,171.2863168,1,0,0,0,0,0
10948,Oligosoma aff. polychroma Clade 5,-44.04582239,171.2246354,1,0,0,0,0,0
10949,Oligosoma aff. polychroma Clade 5,-44.12639123,171.4458809,1,0,0,0,0,0
10950,Oligosoma aff. polychroma Clade 5,-44.00055596,171.2568545,1,0,0,0,0,0
10951,Oligosoma aff. polychroma Clade 5,-43.99902825,171.2190935,1,0,0,0,0,0
10952,Oligosoma aff. polychroma Clade 5,-43.50881749,172.5237621,1,0,0,0,0,0
10953,Oligosoma aff. polychroma Clade 5,-44.34177233,170.1512387,1,0,0,0,0,0
10954,Oligosoma aff. polychroma Clade 5,-43.9871714,171.443508,1,0,0,0,0,0
10955,Oligosoma aff. polychroma Clade 5,-44.01594697,171.222227,1,0,0,0,0,0
10956,Oligosoma aff. polychroma Clade 5,-44.0002299,171.2564764,1,0,0,0,0,0
10957,Oligosoma aff. polychroma Clade 5,-44.31330643,171.1004837,1,0,0,0,0,0
10958,Oligosoma aff. polychroma Clade 5,-44.05463844,171.4149295,1,0,0,0,0,0
10959,Oligosoma aff. polychroma Clade 5,-43.74261764,172.5403832,1,0,0,0,0,0
10960,Oligosoma aff. polychroma Clade 5,-43.75923094,172.4600008,1,0,0,0,0,0
10961,Oligosoma aff. polychroma Clade 5,-43.81665604,172.5509799,1,0,0,0,0,0
10962,Oligosoma aff. polychroma Clade 5,-43.81447371,172.5489765,1,0,0,0,0,0
10963,Oligosoma aff. polychroma Clade 5,-44.04807295,171.2239829,1,0,0,0,0,0
10964,Oligosoma aff. polychroma Clade 5,-44.18721798,171.2934817,1,0,0,0,0,0
10965,Oligosoma aff. polychroma Clade 5,-44.09299449,171.3371496,1,0,0,0,0,0
10966,Oligosoma aff. polychroma Clade 5,-44.14354557,171.3938452,1,0,0,0,0,0
10967,Oligosoma aff. polychroma Clade 5,-43.97701018,171.4406298,1,0,0,0,0,0
10968,Oligosoma aff. polychroma Clade 5,-44.19654043,171.4054133,1,0,0,0,0,0
10969,Oligosoma aff. polychroma Clade 5,-44.02094757,171.4036101,1,0,0,0,0,0
10970,Oligosoma aff. polychroma Clade 5,-43.9488206,171.4709571,1,0,0,0,0,0
10971,Oligosoma aff. polychroma Clade 5,-43.93372731,171.1097912,1,0,0,0,0,0
10972,Oligosoma aff. polychroma Clade 5,-43.80539359,171.1180998,1,0,0,0,0,0
10973,Oligosoma aff. polychroma Clade 5,-43.90444604,171.087973,1,0,0,0,0,0
10974,Oligosoma aff. polychroma Clade 5,-44.94068085,169.5201121,1,0,0,0,0,0
10975,Oligosoma aff. polychroma Clade 5,-43.80441915,172.5650098,1,0,0,0,0,0
10976,Oligosoma aff. polychroma Clade 5,-44.13138463,171.3646889,1,0,0,0,0,0
10977,Oligosoma aff. polychroma Clade 5,-44.37343339,171.2111092,1,0,0,0,0,0
10978,Oligosoma aff. polychroma Clade 5,-43.89992232,171.320935,1,0,0,0,0,0
10979,Oligosoma aff. polychroma Clade 5,-43.93097609,172.4849992,1,0,0,0,0,0
10980,Oligosoma aff. polychroma Clade 5,-43.91760966,172.5855686,1,0,0,0,0,0
10982,Oligosoma aff. polychroma Clade 5,-44.03817658,171.3007244,1,0,0,0,0,0
10983,Oligosoma aff. polychroma Clade 5,-46.65674877,168.4563532,1,0,0,0,0,0
10984,Oligosoma aff. polychroma Clade 5,-44.03433911,171.4615147,1,0,0,0,0,0
10985,Oligosoma aff. polychroma Clade 5,-44.17207182,171.2986453,1,0,0,0,0,0
10986,Oligosoma aff. polychroma Clade 5,-44.07112121,171.3234787,1,0,0,0,0,0
10987,Oligosoma aff. polychroma Clade 5,-44.00543843,171.3551522,1,0,0,0,0,0
10988,Oligosoma aff. polychroma Clade 5,-44.11767015,171.2954429,1,0,0,0,0,0
10989,Oligosoma aff. polychroma Clade 5,-43.955741,171.3819486,1,0,0,0,0,0
10990,Oligosoma aff. polychroma Clade 5,-43.88395277,172.5620378,1,0,0,0,0,0
10991,Oligosoma aff. polychroma Clade 5,-43.96046371,171.2845912,1,0,0,0,0,0
10992,Oligosoma aff. polychroma Clade 5,-43.84163703,171.0803372,1,0,0,0,0,0
10993,Oligosoma aff. polychroma Clade 5,-44.13071874,171.3973938,1,0,0,0,0,0
10994,Oligosoma aff. polychroma Clade 5,-43.9228187,172.4996169,1,0,0,0,0,0
10995,Oligosoma aff. polychroma Clade 5,-43.91275927,172.4926393,1,0,0,0,0,0
10996,Oligosoma aff. polychroma Clade 5,-44.17124958,171.2466356,1,0,0,0,0,0
10997,Oligosoma aff. polychroma Clade 5,-44.00342624,171.3967507,1,0,0,0,0,0
10998,Oligosoma aff. polychroma Clade 5,-44.04197768,171.3320546,1,0,0,0,0,0
10999,Oligosoma aff. polychroma Clade 5,-44.16217832,171.4124484,1,0,0,0,0,0
11000,Oligosoma aff. polychroma Clade 5,-44.2203909,170.982376,1,0,0,0,0,0
11001,Oligosoma aff. polychroma Clade 5,-44.2989469,170.9396899,1,0,0,0,0,0
11002,Oligosoma aff. polychroma Clade 5,-44.3758668,171.0513012,1,0,0,0,0,0
11003,Oligosoma aff. polychroma Clade 5,-44.3450665,170.9941058,1,0,0,0,0,0
11004,Oligosoma aff. polychroma Clade 5,-43.82947051,172.4571287,1,0,0,0,0,0
11006,Oligosoma aff. polychroma Clade 5,-43.85814226,172.446222,1,0,0,0,0,0
11007,Oligosoma aff. polychroma Clade 5,-43.92362946,172.4376297,1,0,0,0,0,0
11008,Oligosoma aff. polychroma Clade 5,-44.72756983,171.2210502,1,0,0,0,0,0
11009,Oligosoma aff. polychroma Clade 5,-43.44740562,172.4871138,1,0,0,0,0,0
11010,Oligosoma aff. polychroma Clade 5,-44.07059941,171.3342274,1,0,0,0,0,0
11011,Oligosoma aff. polychroma Clade 5,-44.01913016,171.2584465,1,0,0,0,0,0
11012,Oligosoma aff. polychroma Clade 5,-43.89418601,171.0868458,1,0,0,0,0,0
11013,Oligosoma aff. polychroma Clade 5,-43.8198805,171.1905584,1,0,0,0,0,0
11014,Oligosoma aff. polychroma Clade 5,-43.99709175,171.080179,1,0,0,0,0,0
11015,Oligosoma aff. polychroma Clade 5,-46.79195108,168.5432843,1,0,0,0,0,0
11016,Oligosoma aff. polychroma Clade 5,-46.81777233,168.527926,1,0,0,0,0,0
11017,Oligosoma aff. polychroma Clade 5,-46.93959829,167.7553873,1,0,0,0,0,0
11018,Oligosoma aff. polychroma Clade 5,-43.99093152,171.4043041,1,0,0,0,0,0
11019,Oligosoma aff. polychroma Clade 5,-44.18958332,171.3865115,1,0,0,0,0,0
11020,Oligosoma aff. polychroma Clade 5,-44.25006762,171.3021082,1,0,0,0,0,0
11021,Oligosoma aff. polychroma Clade 5,-44.01041368,171.2721105,1,0,0,0,0,0
11022,Oligosoma aff. polychroma Clade 5,-44.04798207,171.3651188,1,0,0,0,0,0
11023,Oligosoma aff. polychroma Clade 5,-44.13874753,171.3161204,1,0,0,0,0,0
11024,Oligosoma aff. polychroma Clade 5,-43.8338931,171.2029254,1,0,0,0,0,0
11025,Oligosoma aff. polychroma Clade 5,-43.87145664,171.0724248,1,0,0,0,0,0
11026,Oligosoma aff. polychroma Clade 5,-43.98157982,171.374293,1,0,0,0,0,0
11027,Oligosoma aff. polychroma Clade 5,-43.96941051,171.3055072,1,0,0,0,0,0
11028,Oligosoma aff. polychroma Clade 5,-44.49194762,170.7777671,1,0,0,0,0,0
11029,Oligosoma aff. polychroma Clade 5,-44.19677802,171.4347977,1,0,0,0,0,0
11030,Oligosoma aff. polychroma Clade 5,-44.09699168,171.2252768,1,0,0,0,0,0
11031,Oligosoma aff. polychroma Clade 5,-43.43996587,172.4631179,1,0,0,0,0,0
11032,Oligosoma aff. polychroma Clade 5,-44.08044666,171.134732,1,0,0,0,0,0
11033,Oligosoma aff. polychroma Clade 5,-44.09138551,171.1777629,1,0,0,0,0,0
11034,Oligosoma aff. polychroma Clade 5,-43.85602424,170.0589722,1,0,0,0,0,0
11035,Oligosoma aff. polychroma Clade 5,-43.47772496,172.3775961,1,0,0,0,0,0
11036,Oligosoma aff. polychroma Clade 5,-43.64395111,172.5701083,1,0,0,0,0,0
11037,Oligosoma aff. polychroma Clade 5,-43.66525394,172.5001479,1,0,0,0,0,0
11038,Oligosoma aff. polychroma Clade 5,-43.45698082,172.5336353,1,0,0,0,0,0
11039,Oligosoma aff. polychroma Clade 5,-43.69166291,172.4238779,1,0,0,0,0,0
11040,Oligosoma aff. polychroma Clade 5,-45.70258347,170.7370846,1,0,0,0,0,0
11041,Oligosoma aff. polychroma Clade 5,-43.67590462,172.5788176,1,0,0,0,0,0
11042,Oligosoma aff. polychroma Clade 5,-43.5668004,172.3928166,1,0,0,0,0,0
11043,Oligosoma aff. polychroma Clade 5,-43.53090645,172.7082385,1,0,0,0,0,0
11044,Oligosoma aff. polychroma Clade 5,-43.62731455,172.5646829,1,0,0,0,0,0
11045,Oligosoma aff. polychroma Clade 5,-43.652156,172.4230092,1,0,0,0,0,0
11046,Oligosoma aff. polychroma Clade 5,-43.4917712,172.464317,1,0,0,0,0,0
11047,Oligosoma aff. polychroma Clade 5,-43.51457659,172.4567087,1,0,0,0,0,0
11048,Oligosoma aff. polychroma Clade 5,-43.59223207,172.5257564,1,0,0,0,0,0
11049,Oligosoma aff. polychroma Clade 5,-43.46817375,172.7157075,1,0,0,0,0,0
11050,Oligosoma aff. polychroma Clade 5,-43.4610262,172.6946313,1,0,0,0,0,0
11051,Oligosoma aff. polychroma Clade 5,-43.54958376,172.6835327,1,0,0,0,0,0
11052,Oligosoma aff. polychroma Clade 5,-43.5764723,172.7594624,1,0,0,0,0,0
11053,Oligosoma aff. polychroma Clade 5,-43.70803928,172.7235197,1,0,0,0,0,0
11054,Oligosoma aff. polychroma Clade 5,-43.53588946,172.8184555,1,0,0,0,0,0
11055,Oligosoma aff. polychroma Clade 5,-45.88792612,170.593349,1,0,0,0,0,0
11056,Oligosoma aff. polychroma Clade 5,-45.86233669,170.6624297,1,0,0,0,0,0
11057,Oligosoma aff. polychroma Clade 5,-45.85603353,170.5904637,1,0,0,0,0,0
11058,Oligosoma aff. polychroma Clade 5,-45.72835344,170.5557644,1,0,0,0,0,0
11059,Oligosoma aff. polychroma Clade 5,-45.8524571,170.673429,1,0,0,0,0,0
11060,Oligosoma aff. polychroma Clade 5,-45.67265827,170.5648487,1,0,0,0,0,0
11061,Oligosoma aff. polychroma Clade 5,-45.8520638,170.6523195,1,0,0,0,0,0
11062,Oligosoma aff. polychroma Clade 5,-45.6618207,170.5473577,1,0,0,0,0,0
11063,Oligosoma aff. polychroma Clade 5,-45.8413943,170.5684338,1,0,0,0,0,0
11064,Oligosoma aff. polychroma Clade 5,-45.67063542,170.5294871,1,0,0,0,0,0
11065,Oligosoma aff. polychroma Clade 5,-45.80193843,170.6135653,1,0,0,0,0,0
11066,Oligosoma aff. polychroma Clade 5,-45.67960787,170.5841198,1,0,0,0,0,0
11067,Oligosoma aff. polychroma Clade 5,-45.7568928,170.6443759,1,0,0,0,0,0
11068,Oligosoma aff. polychroma Clade 5,-45.70178514,170.6494059,1,0,0,0,0,0
11069,Oligosoma aff. polychroma Clade 5,-45.89882977,170.5706589,1,0,0,0,0,0
11070,Oligosoma aff. polychroma Clade 5,-45.7769087,170.556966,1,0,0,0,0,0
11071,Oligosoma aff. polychroma Clade 5,-45.72299131,170.6676941,1,0,0,0,0,0
11072,Oligosoma aff. polychroma Clade 5,-45.76897257,170.6765558,1,0,0,0,0,0
11073,Oligosoma aff. polychroma Clade 5,-45.79696366,170.6655666,1,0,0,0,0,0
11074,Oligosoma aff. polychroma Clade 5,-45.8576023,170.6594288,1,0,0,0,0,0
11075,Oligosoma aff. polychroma Clade 5,-45.82433866,170.6843034,1,0,0,0,0,0
11076,Oligosoma aff. polychroma Clade 5,-45.69264167,170.5200231,1,0,0,0,0,0
11077,Oligosoma aff. polychroma Clade 5,-45.84736383,170.5303101,1,0,0,0,0,0
11078,Oligosoma aff. polychroma Clade 5,-45.7261646,170.5487905,1,0,0,0,0,0
11079,Oligosoma aff. polychroma Clade 5,-45.70574222,170.6666744,1,0,0,0,0,0
11080,Oligosoma aff. polychroma Clade 5,-43.59037281,172.7387566,1,0,0,0,0,0
11081,Oligosoma aff. polychroma Clade 5,-45.72449686,170.6134861,1,0,0,0,0,0
11082,Oligosoma aff. polychroma Clade 5,-45.76588624,170.5775407,1,0,0,0,0,0
11083,Oligosoma aff. polychroma Clade 5,-45.78007884,170.6122836,1,0,0,0,0,0
11084,Oligosoma aff. polychroma Clade 5,-45.69581756,170.6529578,1,0,0,0,0,0
11085,Oligosoma aff. polychroma Clade 5,-45.64844333,170.6322399,1,0,0,0,0,0
11086,Oligosoma aff. polychroma Clade 5,-45.89569382,170.6558715,1,0,0,0,0,0
11087,Oligosoma aff. polychroma Clade 5,-45.89039093,170.5386181,1,0,0,0,0,0
11088,Oligosoma aff. polychroma Clade 5,-45.90339994,170.6782296,1,0,0,0,0,0
11089,Oligosoma aff. polychroma Clade 5,-45.75757754,170.6216841,1,0,0,0,0,0
11090,Oligosoma aff. polychroma Clade 5,-45.76006062,170.6317191,1,0,0,0,0,0
11091,Oligosoma aff. polychroma Clade 5,-45.77033393,170.6128632,1,0,0,0,0,0
11092,Oligosoma aff. polychroma Clade 5,-45.81330384,170.613505,1,0,0,0,0,0
11093,Oligosoma aff. polychroma Clade 5,-45.7913099,170.5866774,1,0,0,0,0,0
11094,Oligosoma aff. polychroma Clade 5,-45.76099509,170.6089852,1,0,0,0,0,0
11095,Oligosoma aff. polychroma Clade 5,-45.89855952,170.5633724,1,0,0,0,0,0
11096,Oligosoma aff. polychroma Clade 5,-45.74315269,170.5365727,1,0,0,0,0,0
11097,Oligosoma aff. polychroma Clade 5,-45.89355638,170.5373369,1,0,0,0,0,0
11098,Oligosoma aff. polychroma Clade 5,-45.71394597,170.5652465,1,0,0,0,0,0
11099,Oligosoma aff. polychroma Clade 5,-45.66048525,170.5284835,1,0,0,0,0,0
11100,Oligosoma aff. polychroma Clade 5,-45.70940551,170.5221884,1,0,0,0,0,0
11101,Oligosoma aff. polychroma Clade 5,-45.82903962,170.517874,1,0,0,0,0,0
11102,Oligosoma aff. polychroma Clade 5,-45.75147097,170.6590437,1,0,0,0,0,0
11103,Oligosoma aff. polychroma Clade 5,-45.67200851,170.6567137,1,0,0,0,0,0
11104,Oligosoma aff. polychroma Clade 5,-45.73731656,170.63321,1,0,0,0,0,0
11105,Oligosoma aff. polychroma Clade 5,-45.79178888,170.5509702,1,0,0,0,0,0
11106,Oligosoma aff. polychroma Clade 5,-45.85670812,170.5547115,1,0,0,0,0,0
11107,Oligosoma aff. polychroma Clade 5,-45.76834844,170.6435974,1,0,0,0,0,0
11108,Oligosoma aff. polychroma Clade 5,-45.78498367,170.6777997,1,0,0,0,0,0
11109,Oligosoma aff. polychroma Clade 5,-45.75975052,170.5391863,1,0,0,0,0,0
11110,Oligosoma aff. polychroma Clade 5,-45.69232884,170.6538581,1,0,0,0,0,0
11111,Oligosoma aff. polychroma Clade 5,-45.75502537,170.6545399,1,0,0,0,0,0
11112,Oligosoma aff. polychroma Clade 5,-43.69491244,170.1626356,1,0,0,0,0,0
11113,Oligosoma aff. polychroma Clade 5,-45.27320606,169.2905415,1,0,0,0,0,0
11114,Oligosoma aff. polychroma Clade 5,-45.88853944,170.6351955,1,0,0,0,0,0
11115,Oligosoma aff. polychroma Clade 5,-45.833775,170.659854,1,0,0,0,0,0
11116,Oligosoma aff. polychroma Clade 5,-45.88325144,170.5753916,1,0,0,0,0,0
11117,Oligosoma aff. polychroma Clade 5,-45.71064323,170.5937444,1,0,0,0,0,0
11118,Oligosoma aff. polychroma Clade 5,-45.81263914,170.5213195,1,0,0,0,0,0
11119,Oligosoma aff. polychroma Clade 5,-45.6757211,170.6510228,1,0,0,0,0,0
11120,Oligosoma aff. polychroma Clade 5,-45.82213729,170.6059004,1,0,0,0,0,0
11121,Oligosoma aff. polychroma Clade 5,-45.87226327,170.6589373,1,0,0,0,0,0
11122,Oligosoma aff. polychroma Clade 5,-45.72316984,170.6416901,1,0,0,0,0,0
11123,Oligosoma aff. polychroma Clade 5,-45.66438384,170.5300315,1,0,0,0,0,0
11124,Oligosoma aff. polychroma Clade 5,-43.51199404,172.7100385,1,0,0,0,0,0
11125,Oligosoma aff. polychroma Clade 5,-43.45272593,172.7076186,1,0,0,0,0,0
11126,Oligosoma aff. polychroma Clade 5,-43.68661555,172.6663793,1,0,0,0,0,0
11127,Oligosoma aff. polychroma Clade 5,-43.45449066,172.6988096,1,0,0,0,0,0
11128,Oligosoma aff. polychroma Clade 5,-43.53118905,172.7917435,1,0,0,0,0,0
11129,Oligosoma aff. polychroma Clade 5,-43.5755383,172.8367238,1,0,0,0,0,0
11130,Oligosoma aff. polychroma Clade 5,-45.81757884,170.5446448,1,0,0,0,0,0
11131,Oligosoma aff. polychroma Clade 5,-45.83107308,170.6029644,1,0,0,0,0,0
11132,Oligosoma aff. polychroma Clade 5,-45.8951961,170.5217362,1,0,0,0,0,0
11133,Oligosoma aff. polychroma Clade 5,-45.69603488,170.5612585,1,0,0,0,0,0
11134,Oligosoma aff. polychroma Clade 5,-45.73826754,170.6622449,1,0,0,0,0,0
11135,Oligosoma aff. polychroma Clade 5,-45.8646595,170.5180253,1,0,0,0,0,0
11136,Oligosoma aff. polychroma Clade 5,-43.68208167,172.7982822,1,0,0,0,0,0
11137,Oligosoma aff. polychroma Clade 5,-43.54969409,172.7214683,1,0,0,0,0,0
11138,Oligosoma aff. polychroma Clade 5,-43.57638464,172.8234018,1,0,0,0,0,0
11139,Oligosoma aff. polychroma Clade 5,-45.82636816,170.6085571,1,0,0,0,0,0
11140,Oligosoma aff. polychroma Clade 5,-45.78150712,170.5692774,1,0,0,0,0,0
11141,Oligosoma aff. polychroma Clade 5,-45.69121883,170.5937978,1,0,0,0,0,0
11142,Oligosoma aff. polychroma Clade 5,-45.74936414,170.6076034,1,0,0,0,0,0
11143,Oligosoma aff. polychroma Clade 5,-45.87121025,170.6394977,1,0,0,0,0,0
11144,Oligosoma aff. polychroma Clade 5,-43.49923495,172.7158447,1,0,0,0,0,0
11145,Oligosoma aff. polychroma Clade 5,-43.65496715,172.8080276,1,0,0,0,0,0
11146,Oligosoma aff. polychroma Clade 5,-43.48629227,172.6732841,1,0,0,0,0,0
11147,Oligosoma aff. polychroma Clade 5,-43.42177065,172.3849601,1,0,0,0,0,0
11148,Oligosoma aff. polychroma Clade 5,-43.52557066,172.5306518,1,0,0,0,0,0
11149,Oligosoma aff. polychroma Clade 5,-43.48353745,172.4616457,1,0,0,0,0,0
11150,Oligosoma aff. polychroma Clade 5,-43.45581362,172.2584481,1,0,0,0,0,0
11151,Oligosoma aff. polychroma Clade 5,-45.80042746,170.5281432,1,0,0,0,0,0
11152,Oligosoma aff. polychroma Clade 5,-45.85224116,170.6287812,1,0,0,0,0,0
11153,Oligosoma aff. polychroma Clade 5,-45.66248275,170.6838313,1,0,0,0,0,0
11154,Oligosoma aff. polychroma Clade 5,-45.86693371,170.6108035,1,0,0,0,0,0
11155,Oligosoma aff. polychroma Clade 5,-45.72632847,170.6151059,1,0,0,0,0,0
11156,Oligosoma aff. polychroma Clade 5,-45.78081022,170.5179556,1,0,0,0,0,0
11157,Oligosoma aff. polychroma Clade 5,-45.93078984,170.6071286,1,0,0,0,0,0
11158,Oligosoma aff. polychroma Clade 5,-45.7397258,170.638274,1,0,0,0,0,0
11159,Oligosoma aff. polychroma Clade 5,-45.69010896,170.5625867,1,0,0,0,0,0
11160,Oligosoma aff. polychroma Clade 5,-45.87121061,170.5472158,1,0,0,0,0,0
11161,Oligosoma aff. polychroma Clade 5,-45.73687997,170.6737979,1,0,0,0,0,0
11162,Oligosoma aff. polychroma Clade 5,-45.87236771,170.613582,1,0,0,0,0,0
11163,Oligosoma aff. polychroma Clade 5,-45.68039541,170.5863989,1,0,0,0,0,0
11164,Oligosoma aff. polychroma Clade 5,-45.64991045,170.6787148,1,0,0,0,0,0
11165,Oligosoma aff. polychroma Clade 5,-45.69100386,170.6446726,1,0,0,0,0,0
11166,Oligosoma aff. polychroma Clade 5,-45.02753893,168.095139,1,0,0,0,0,0
11167,Oligosoma aff. polychroma Clade 5,-45.87246784,170.6494587,1,0,0,0,0,0
11168,Oligosoma aff. polychroma Clade 5,-45.87994024,170.6470975,1,0,0,0,0,0
11169,Oligosoma aff. polychroma Clade 5,-45.689595,170.5166929,1,0,0,0,0,0
11170,Oligosoma aff. polychroma Clade 5,-45.80741056,170.539817,1,0,0,0,0,0
11171,Oligosoma aff. polychroma Clade 5,-45.86903867,170.6218938,1,0,0,0,0,0
11172,Oligosoma aff. polychroma Clade 5,-45.66748959,170.5475114,1,0,0,0,0,0
11173,Oligosoma aff. polychroma Clade 5,-45.74535946,170.5722111,1,0,0,0,0,0
11174,Oligosoma aff. polychroma Clade 5,-45.74446096,170.675379,1,0,0,0,0,0
11175,Oligosoma aff. polychroma Clade 5,-45.86688396,170.680134,1,0,0,0,0,0
11176,Oligosoma aff. polychroma Clade 5,-45.67903307,170.5334507,1,0,0,0,0,0
11177,Oligosoma aff. polychroma Clade 5,-45.85566864,170.5884004,1,0,0,0,0,0
11178,Oligosoma aff. polychroma Clade 5,-45.82046452,170.5874761,1,0,0,0,0,0
11179,Oligosoma aff. polychroma Clade 5,-45.79376013,170.6252262,1,0,0,0,0,0
11180,Oligosoma aff. polychroma Clade 5,-45.87641528,170.6192492,1,0,0,0,0,0
11181,Oligosoma aff. polychroma Clade 5,-45.72647895,170.5673318,1,0,0,0,0,0
11182,Oligosoma aff. polychroma Clade 5,-44.92361337,168.869038,1,0,0,0,0,0
11183,Oligosoma aff. polychroma Clade 5,-43.48011775,172.8186519,1,0,0,0,0,0
11184,Oligosoma aff. polychroma Clade 5,-43.60720277,172.8317624,1,0,0,0,0,0
11185,Oligosoma aff. polychroma Clade 5,-45.88551059,170.6287234,1,0,0,0,0,0
11186,Oligosoma aff. polychroma Clade 5,-45.75389908,170.6646023,1,0,0,0,0,0
11187,Oligosoma aff. polychroma Clade 5,-45.69595779,170.6565427,1,0,0,0,0,0
11188,Oligosoma aff. polychroma Clade 5,-43.48115398,172.8227595,1,0,0,0,0,0
11189,Oligosoma aff. polychroma Clade 5,-43.61221663,172.8262814,1,0,0,0,0,0
11190,Oligosoma aff. polychroma Clade 5,-43.68992298,172.6817056,1,0,0,0,0,0
11191,Oligosoma aff. polychroma Clade 5,-43.61065141,172.7344281,1,0,0,0,0,0
11192,Oligosoma aff. polychroma Clade 5,-43.48372882,172.7335346,1,0,0,0,0,0
11193,Oligosoma aff. polychroma Clade 5,-43.4522505,172.8145932,1,0,0,0,0,0
11194,Oligosoma aff. polychroma Clade 5,-43.58416644,172.3627883,1,0,0,0,0,0
11195,Oligosoma aff. polychroma Clade 5,-43.65865394,172.764583,1,0,0,0,0,0
11196,Oligosoma aff. polychroma Clade 5,-43.49171009,172.8342458,1,0,0,0,0,0
11197,Oligosoma aff. polychroma Clade 5,-45.95849097,170.6257124,1,0,0,0,0,0
11198,Oligosoma aff. polychroma Clade 5,-43.56724334,172.8326211,1,0,0,0,0,0
11199,Oligosoma aff. polychroma Clade 5,-45.77313088,170.5754795,1,0,0,0,0,0
11200,Oligosoma aff. polychroma Clade 5,-43.63267661,172.5582069,1,0,0,0,0,0
11201,Oligosoma aff. polychroma Clade 5,-43.60191164,172.5563532,1,0,0,0,0,0
11202,Oligosoma aff. polychroma Clade 5,-43.53146851,172.6165025,1,0,0,0,0,0
11203,Oligosoma aff. polychroma Clade 5,-43.68020201,172.5819869,1,0,0,0,0,0
11204,Oligosoma aff. polychroma Clade 5,-43.59384507,172.6495888,1,0,0,0,0,0
11205,Oligosoma aff. polychroma Clade 5,-45.66073261,169.7588903,1,0,0,0,0,0
11206,Oligosoma aff. polychroma Clade 5,-44.82273578,170.3035713,1,0,0,0,0,0
11207,Oligosoma aff. polychroma Clade 5,-43.48830636,172.6575662,1,0,0,0,0,0
11208,Oligosoma aff. polychroma Clade 5,-43.52333503,172.5834687,1,0,0,0,0,0
11209,Oligosoma aff. polychroma Clade 5,-43.68206132,171.8895204,1,0,0,0,0,0
11210,Oligosoma aff. polychroma Clade 5,-43.6782016,171.7964382,1,0,0,0,0,0
11211,Oligosoma aff. polychroma Clade 5,-43.58475597,171.930064,1,0,0,0,0,0
11212,Oligosoma aff. polychroma Clade 5,-43.53979117,171.7921034,1,0,0,0,0,0
11213,Oligosoma aff. polychroma Clade 5,-43.72937236,171.8044498,1,0,0,0,0,0
11214,Oligosoma aff. polychroma Clade 5,-43.53161222,171.8572494,1,0,0,0,0,0
11215,Oligosoma aff. polychroma Clade 5,-43.58805561,171.930744,1,0,0,0,0,0
11216,Oligosoma aff. polychroma Clade 5,-43.57926591,171.9007396,1,0,0,0,0,0
11217,Oligosoma aff. polychroma Clade 5,-43.67710176,171.8542083,1,0,0,0,0,0
11218,Oligosoma aff. polychroma Clade 5,-43.82611915,172.0021359,1,0,0,0,0,0
11219,Oligosoma aff. polychroma Clade 5,-43.77614508,171.9881911,1,0,0,0,0,0
11220,Oligosoma aff. polychroma Clade 5,-43.7105994,171.8531632,1,0,0,0,0,0
11221,Oligosoma aff. polychroma Clade 5,-43.46316745,172.679391,1,0,0,0,0,0
11222,Oligosoma aff. polychroma Clade 5,-43.84270826,173.0036785,1,0,0,0,0,0
11223,Oligosoma aff. polychroma Clade 5,-43.70026567,173.0291745,1,0,0,0,0,0
11224,Oligosoma aff. polychroma Clade 5,-43.71257554,170.1100412,1,0,0,0,0,0
11225,Oligosoma aff. polychroma Clade 5,-43.6941502,170.0496942,1,0,0,0,0,0
11226,Oligosoma aff. polychroma Clade 5,-43.81142157,170.0609641,1,0,0,0,0,0
11227,Oligosoma aff. polychroma Clade 5,-43.8334738,170.1387745,1,0,0,0,0,0
11228,Oligosoma aff. polychroma Clade 5,-44.01906078,170.4809183,1,0,0,0,0,0
11229,Oligosoma aff. polychroma Clade 5,-43.72150652,170.3471973,1,0,0,0,0,0
11230,Oligosoma aff. polychroma Clade 5,-43.51041499,171.7630456,1,0,0,0,0,0
11231,Oligosoma aff. polychroma Clade 5,-43.66873698,171.75605,1,0,0,0,0,0
11232,Oligosoma aff. polychroma Clade 5,-43.87105247,172.0490211,1,0,0,0,0,0
11233,Oligosoma aff. polychroma Clade 5,-43.87368636,172.0144574,1,0,0,0,0,0
11234,Oligosoma aff. polychroma Clade 5,-43.75058759,172.1168131,1,0,0,0,0,0
11235,Oligosoma aff. polychroma Clade 5,-43.83125483,171.9988923,1,0,0,0,0,0
11236,Oligosoma aff. polychroma Clade 5,-43.69135585,172.0300141,1,0,0,0,0,0
11237,Oligosoma aff. polychroma Clade 5,-43.83604695,172.1156745,1,0,0,0,0,0
11238,Oligosoma aff. polychroma Clade 5,-43.68018527,172.0221759,1,0,0,0,0,0
11239,Oligosoma aff. polychroma Clade 5,-43.6712526,172.0137103,1,0,0,0,0,0
11240,Oligosoma aff. polychroma Clade 5,-43.82258096,172.0246336,1,0,0,0,0,0
11241,Oligosoma aff. polychroma Clade 5,-42.95707068,173.1005247,1,0,0,0,0,0
11242,Oligosoma aff. polychroma Clade 5,-46.13484331,169.9920143,1,0,0,0,0,0
11243,Oligosoma aff. polychroma Clade 5,-43.49702333,172.659349,1,0,0,0,0,0
16467,Oligosoma prasinum,-44.514942,171.2101798,0,1,0,0,0,0
16468,Oligosoma prasinum,-44.04189564,170.6250062,0,1,0,0,0,0
16469,Oligosoma prasinum,-44.08754254,170.4808354,0,1,0,0,0,0
16470,Oligosoma prasinum,-44.16399598,170.4969386,0,1,0,0,0,0
16471,Oligosoma prasinum,-44.03103935,170.4490379,0,1,0,0,0,0
16472,Oligosoma prasinum,-44.09761024,170.5515297,0,1,0,0,0,0
16473,Oligosoma prasinum,-43.95216024,170.4876419,0,1,0,0,0,0
16474,Oligosoma prasinum,-43.93735371,170.5636515,0,1,0,0,0,0
16475,Oligosoma prasinum,-43.85947863,170.4828927,0,1,0,0,0,0
16476,Oligosoma prasinum,-44.37905369,170.5300324,0,1,0,0,0,0
16477,Oligosoma prasinum,-43.81035925,170.6938137,0,1,0,0,0,0
16478,Oligosoma prasinum,-43.78730497,170.7086009,0,1,0,0,0,0
16479,Oligosoma prasinum,-43.69413294,170.8102847,0,1,0,0,0,0
16480,Oligosoma prasinum,-43.58182665,170.7788821,0,1,0,0,0,0
16481,Oligosoma prasinum,-43.90650213,170.3330858,0,1,0,0,0,0
16482,Oligosoma prasinum,-43.84947376,170.6296565,0,1,0,0,0,0
16483,Oligosoma prasinum,-43.75750159,170.5836788,0,1,0,0,0,0
16484,Oligosoma prasinum,-44.08597565,170.3759884,0,1,0,0,0,0
17795,Oligosoma waimatense,-45.25321861,169.5219158,0,0,0,0,0,1
17796,Oligosoma waimatense,-44.88130878,171.046847,0,0,0,0,0,1
17797,Oligosoma waimatense,-44.0244429,170.5313611,0,0,0,0,0,1
17798,Oligosoma waimatense,-43.2371969,171.6387042,0,0,0,0,0,1
17799,Oligosoma waimatense,-42.0507094,172.8232005,0,0,0,0,0,1
17800,Oligosoma waimatense,-42.16221848,172.8681827,0,0,0,0,0,1
17801,Oligosoma waimatense,-42.04030373,172.9068358,0,0,0,0,0,1
17802,Oligosoma waimatense,-42.19308993,172.8286952,0,0,0,0,0,1
17803,Oligosoma waimatense,-42.27150568,172.891947,0,0,0,0,0,1
17804,Oligosoma waimatense,-42.03156388,173.3142174,0,0,0,0,0,1
17805,Oligosoma waimatense,-43.94586832,169.9808557,0,0,0,0,0,1
17806,Oligosoma waimatense,-43.93453085,170.5646741,0,0,0,0,0,1
17807,Oligosoma waimatense,-42.30147502,172.5343922,0,0,0,0,0,1
17808,Oligosoma waimatense,-44.52818868,170.1664181,0,0,0,0,0,1
17809,Oligosoma waimatense,-44.45258878,170.1626214,0,0,0,0,0,1
17810,Oligosoma waimatense,-44.92146274,170.1484827,0,0,0,0,0,1
17811,Oligosoma waimatense,-44.96649686,170.139339,0,0,0,0,0,1
17812,Oligosoma waimatense,-44.84257127,170.109221,0,0,0,0,0,1
17813,Oligosoma waimatense,-45.01870396,170.0884362,0,0,0,0,0,1
17814,Oligosoma waimatense,-44.95900843,170.0679392,0,0,0,0,0,1
17815,Oligosoma waimatense,-44.9057529,169.998051,0,0,0,0,0,1
17816,Oligosoma waimatense,-44.87341017,170.00654,0,0,0,0,0,1
17817,Oligosoma waimatense,-44.52692647,170.1905886,0,0,0,0,0,1
17818,Oligosoma waimatense,-44.89993377,170.2020175,0,0,0,0,0,1
17819,Oligosoma waimatense,-45.02305988,170.2127644,0,0,0,0,0,1
17820,Oligosoma waimatense,-45.09697537,170.2084553,0,0,0,0,0,1
17821,Oligosoma waimatense,-44.9322149,170.0586543,0,0,0,0,0,1
17822,Oligosoma waimatense,-44.56418153,170.1071867,0,0,0,0,0,1
17823,Oligosoma waimatense,-42.33881076,173.3707119,0,0,0,0,0,1
17824,Oligosoma waimatense,-42.42844332,173.4649209,0,0,0,0,0,1
17825,Oligosoma waimatense,-42.32155908,173.6070188,0,0,0,0,0,1
17826,Oligosoma waimatense,-42.18698714,172.8084838,0,0,0,0,0,1
17827,Oligosoma waimatense,-42.27253432,172.86052,0,0,0,0,0,1
17828,Oligosoma waimatense,-44.86499199,170.1040645,0,0,0,0,0,1
17829,Oligosoma waimatense,-44.98721604,170.1112515,0,0,0,0,0,1
17830,Oligosoma waimatense,-44.85119822,170.1393115,0,0,0,0,0,1
17831,Oligosoma waimatense,-44.95471911,170.1470648,0,0,0,0,0,1
17832,Oligosoma waimatense,-42.43411155,173.445328,0,0,0,0,0,1
17833,Oligosoma waimatense,-42.31575614,173.5306666,0,0,0,0,0,1
17834,Oligosoma waimatense,-44.84578741,169.8732181,0,0,0,0,0,1
17835,Oligosoma waimatense,-44.67449687,169.7582231,0,0,0,0,0,1
17836,Oligosoma waimatense,-44.79342156,169.816587,0,0,0,0,0,1
17837,Oligosoma waimatense,-44.74026091,169.8226562,0,0,0,0,0,1
17838,Oligosoma waimatense,-44.73985382,169.7226983,0,0,0,0,0,1
17839,Oligosoma waimatense,-44.76941287,169.8106359,0,0,0,0,0,1
17840,Oligosoma waimatense,-41.95864412,173.9590909,0,0,0,0,0,1
17841,Oligosoma waimatense,-42.22580665,172.8991232,0,0,0,0,0,1
17842,Oligosoma waimatense,-41.7784316,173.9868238,0,0,0,0,0,1
17843,Oligosoma waimatense,-44.92908163,170.0012546,0,0,0,0,0,1
17844,Oligosoma waimatense,-42.21332671,173.3452858,0,0,0,0,0,1
17845,Oligosoma waimatense,-42.20731916,173.4285438,0,0,0,0,0,1
17846,Oligosoma waimatense,-42.1366355,172.9059471,0,0,0,0,0,1
17847,Oligosoma waimatense,-44.47611905,170.2431464,0,0,0,0,0,1
17848,Oligosoma waimatense,-44.36116148,170.2402489,0,0,0,0,0,1
17849,Oligosoma waimatense,-42.18606763,173.539016,0,0,0,0,0,1
17850,Oligosoma waimatense,-44.23703853,169.755796,0,0,0,0,0,1
17851,Oligosoma waimatense,-42.0478232,172.7569507,0,0,0,0,0,1
17852,Oligosoma waimatense,-42.12222096,172.780302,0,0,0,0,0,1
17853,Oligosoma waimatense,-44.8809044,170.2356197,0,0,0,0,0,1
17854,Oligosoma waimatense,-44.9109669,170.1903113,0,0,0,0,0,1
17855,Oligosoma waimatense,-44.93933028,170.1572292,0,0,0,0,0,1
17856,Oligosoma waimatense,-44.91834122,170.2427449,0,0,0,0,0,1
17857,Oligosoma waimatense,-44.95578017,170.1098292,0,0,0,0,0,1
17858,Oligosoma waimatense,-44.97742145,170.0555921,0,0,0,0,0,1
17859,Oligosoma waimatense,-43.93838162,170.5632662,0,0,0,0,0,1
17860,Oligosoma waimatense,-44.87293412,170.1853801,0,0,0,0,0,1
17861,Oligosoma waimatense,-44.9738136,170.0776492,0,0,0,0,0,1
17862,Oligosoma waimatense,-44.95018485,170.0647793,0,0,0,0,0,1
17863,Oligosoma waimatense,-43.73565398,170.9848443,0,0,0,0,0,1
17864,Oligosoma waimatense,-43.52707415,171.0835899,0,0,0,0,0,1
17865,Oligosoma waimatense,-43.74136502,171.122012,0,0,0,0,0,1
17866,Oligosoma waimatense,-43.75813562,171.2088547,0,0,0,0,0,1
17867,Oligosoma waimatense,-44.32837853,170.5593358,0,0,0,0,0,1
17868,Oligosoma waimatense,-44.29158267,170.5269743,0,0,0,0,0,1
17869,Oligosoma waimatense,-44.18654143,170.6306229,0,0,0,0,0,1
17870,Oligosoma waimatense,-43.37588344,171.2194468,0,0,0,0,0,1
17871,Oligosoma waimatense,-42.14137324,172.7634889,0,0,0,0,0,1
17872,Oligosoma waimatense,-44.83507676,170.0526129,0,0,0,0,0,1
17873,Oligosoma waimatense,-44.83066065,170.0269508,0,0,0,0,0,1
17874,Oligosoma waimatense,-44.96960354,170.0716676,0,0,0,0,0,1
17875,Oligosoma waimatense,-45.04821341,169.9934245,0,0,0,0,0,1
17876,Oligosoma waimatense,-42.27436565,173.0927534,0,0,0,0,0,1
17877,Oligosoma waimatense,-43.60987667,170.9822525,0,0,0,0,0,1
17878,Oligosoma waimatense,-43.52325783,171.3012478,0,0,0,0,0,1
17879,Oligosoma waimatense,-43.54934702,171.1457421,0,0,0,0,0,1
17880,Oligosoma waimatense,-43.68066596,171.1319042,0,0,0,0,0,1
17881,Oligosoma waimatense,-43.5967685,171.1036429,0,0,0,0,0,1
17882,Oligosoma waimatense,-43.5264553,171.0963423,0,0,0,0,0,1
17883,Oligosoma waimatense,-44.27506471,170.1104916,0,0,0,0,0,1
17884,Oligosoma waimatense,-44.2891419,170.2382396,0,0,0,0,0,1
17885,Oligosoma waimatense,-42.9071313,172.3581123,0,0,0,0,0,1
17886,Oligosoma waimatense,-42.33281091,173.266443,0,0,0,0,0,1
17887,Oligosoma waimatense,-43.53653604,171.1062339,0,0,0,0,0,1
17888,Oligosoma waimatense,-43.68696473,171.1349246,0,0,0,0,0,1
17889,Oligosoma waimatense,-43.70231568,171.1484571,0,0,0,0,0,1
17890,Oligosoma waimatense,-43.43096296,171.2046743,0,0,0,0,0,1
17891,Oligosoma waimatense,-43.45176133,171.1715687,0,0,0,0,0,1
17892,Oligosoma waimatense,-44.04547744,170.485995,0,0,0,0,0,1
17893,Oligosoma waimatense,-43.97223944,170.4974277,0,0,0,0,0,1
17894,Oligosoma waimatense,-43.98368871,170.6269566,0,0,0,0,0,1
17895,Oligosoma waimatense,-43.42246118,171.3356843,0,0,0,0,0,1
17896,Oligosoma waimatense,-45.02298909,170.1284058,0,0,0,0,0,1
17897,Oligosoma waimatense,-42.20773832,173.5957231,0,0,0,0,0,1
17898,Oligosoma waimatense,-43.37595354,171.3221965,0,0,0,0,0,1
17899,Oligosoma waimatense,-43.8397867,170.62745,0,0,0,0,0,1
17900,Oligosoma waimatense,-43.9013655,170.6317386,0,0,0,0,0,1
17901,Oligosoma waimatense,-43.80449172,170.7257501,0,0,0,0,0,1
17902,Oligosoma waimatense,-43.61507351,170.9821521,0,0,0,0,0,1
17903,Oligosoma waimatense,-43.66370101,171.1076548,0,0,0,0,0,1
17904,Oligosoma waimatense,-43.70142809,171.0167166,0,0,0,0,0,1
17905,Oligosoma waimatense,-42.21492793,173.5610605,0,0,0,0,0,1
22140,SAG,-44.61668432,170.3778351,0,0,0,0,1,0
22141,SAG,-44.16934556,170.7316117,0,0,0,0,1,0
22142,SAG,-44.53435847,169.6084253,0,0,0,0,1,0
22143,SAG,-44.66174076,169.2243827,0,0,0,0,1,0
22144,SAG,-44.56374171,169.5792987,0,0,0,0,1,0
22145,SAG,-42.78961597,172.669223,0,0,0,0,1,0
22146,SAG,-42.78934116,172.4335423,0,0,0,0,1,0
22147,SAG,-42.71089733,172.6632763,0,0,0,0,1,0
22148,SAG,-42.59217325,172.72794,0,0,0,0,1,0
22149,SAG,-42.6754861,172.6765336,0,0,0,0,1,0
22150,SAG,-42.56703644,173.2327337,0,0,0,0,1,0
22151,SAG,-42.21407575,173.3823576,0,0,0,0,1,0
22152,SAG,-42.68537975,173.3285544,0,0,0,0,1,0
22153,SAG,-42.639688,173.402184,0,0,0,0,1,0
22154,SAG,-42.41855303,173.3381662,0,0,0,0,1,0
22155,SAG,-44.49801407,169.6820567,0,0,0,0,1,0
22156,SAG,-44.93588423,170.9522969,0,0,0,0,1,0
22157,SAG,-44.73708201,170.9487331,0,0,0,0,1,0
22158,SAG,-44.02640248,170.4641287,0,0,0,0,1,0
22159,SAG,-44.00346507,170.4877219,0,0,0,0,1,0
22160,SAG,-42.18901958,173.2355182,0,0,0,0,1,0
22161,SAG,-42.17133019,173.1119765,0,0,0,0,1,0
22162,SAG,-42.18183834,173.7012137,0,0,0,0,1,0
22163,SAG,-42.64065455,172.481387,0,0,0,0,1,0
22164,SAG,-44.27551658,170.164089,0,0,0,0,1,0
22165,SAG,-43.6334672,170.5744413,0,0,0,0,1,0
22166,SAG,-44.44794046,169.8098757,0,0,0,0,1,0
22167,SAG,-44.2412276,170.0411113,0,0,0,0,1,0
22168,SAG,-44.18474426,170.4823941,0,0,0,0,1,0
22169,SAG,-43.13202712,171.746557,0,0,0,0,1,0
22170,SAG,-44.75541023,170.4455715,0,0,0,0,1,0
22171,SAG,-44.79968509,170.4341452,0,0,0,0,1,0
22172,SAG,-44.43564319,170.0797356,0,0,0,0,1,0
22173,SAG,-44.02297968,170.5542757,0,0,0,0,1,0
22174,SAG,-43.89142544,170.5268249,0,0,0,0,1,0
22175,SAG,-44.74333729,171.0064043,0,0,0,0,1,0
22176,SAG,-44.76805622,170.8537505,0,0,0,0,1,0
22177,SAG,-44.7400567,170.8758675,0,0,0,0,1,0
22178,SAG,-44.85811448,169.9284856,0,0,0,0,1,0
22179,SAG,-44.93669442,169.9597041,0,0,0,0,1,0
22180,SAG,-43.97739505,170.512026,0,0,0,0,1,0
22181,SAG,-44.07121217,170.5090934,0,0,0,0,1,0
22182,SAG,-44.31510153,170.9865101,0,0,0,0,1,0
22183,SAG,-44.11218208,170.860663,0,0,0,0,1,0
22184,SAG,-44.17447155,170.8207152,0,0,0,0,1,0
22185,SAG,-44.13222414,170.8046621,0,0,0,0,1,0
22186,SAG,-43.8272031,170.0544396,0,0,0,0,1,0
22187,SAG,-43.79889523,171.1456552,0,0,0,0,1,0
22188,SAG,-44.23399239,170.8234971,0,0,0,0,1,0
22189,SAG,-44.55332631,170.803406,0,0,0,0,1,0
22190,SAG,-44.72850247,170.7285642,0,0,0,0,1,0
22191,SAG,-44.72448724,170.7399761,0,0,0,0,1,0
22192,SAG,-44.74294104,170.7602545,0,0,0,0,1,0
22193,SAG,-44.3591404,170.3717582,0,0,0,0,1,0
22194,SAG,-44.50765621,170.4694049,0,0,0,0,1,0
22195,SAG,-44.57072361,170.450873,0,0,0,0,1,0
22196,SAG,-44.61689166,170.8517614,0,0,0,0,1,0
22197,SAG,-44.70121996,170.798138,0,0,0,0,1,0
22198,SAG,-44.42731427,170.081924,0,0,0,0,1,0
22199,SAG,-44.35807273,169.6570252,0,0,0,0,1,0
22200,SAG,-44.32917972,169.6019685,0,0,0,0,1,0
22201,SAG,-43.718182,170.1375404,0,0,0,0,1,0
22202,SAG,-44.59772525,169.6529007,0,0,0,0,1,0
22203,SAG,-44.56528772,169.6668587,0,0,0,0,1,0
22204,SAG,-44.65375132,169.4151768,0,0,0,0,1,0
22205,SAG,-44.29016566,170.147201,0,0,0,0,1,0
22206,SAG,-43.3258231,171.3824263,0,0,0,0,1,0
22207,SAG,-44.0722294,169.9103873,0,0,0,0,1,0
22208,SAG,-43.96325348,170.3801114,0,0,0,0,1,0
22209,SAG,-43.8798944,170.418841,0,0,0,0,1,0
22210,SAG,-44.13276112,170.2929564,0,0,0,0,1,0
22211,SAG,-44.15599414,170.2039807,0,0,0,0,1,0
22212,SAG,-44.10069179,170.2497291,0,0,0,0,1,0
22213,SAG,-44.13269637,170.0896691,0,0,0,0,1,0
22214,SAG,-44.53569029,170.2743534,0,0,0,0,1,0
22215,SAG,-44.40110033,170.209088,0,0,0,0,1,0
22216,SAG,-44.60633252,170.2157883,0,0,0,0,1,0
22217,SAG,-44.55284714,170.1256678,0,0,0,0,1,0
22218,SAG,-44.58242168,170.0517952,0,0,0,0,1,0
22219,SAG,-44.7736354,170.3080411,0,0,0,0,1,0
22220,SAG,-44.78395327,170.2456752,0,0,0,0,1,0
22221,SAG,-44.87168338,170.133468,0,0,0,0,1,0
22222,SAG,-44.8148504,170.2319978,0,0,0,0,1,0
22223,SAG,-44.73957153,170.1260596,0,0,0,0,1,0
22224,SAG,-44.80322654,170.050199,0,0,0,0,1,0
22225,SAG,-44.77444152,170.0947859,0,0,0,0,1,0
22226,SAG,-45.06761516,170.0054626,0,0,0,0,1,0
22227,SAG,-44.8936717,170.1357593,0,0,0,0,1,0
22228,SAG,-44.9815608,169.999624,0,0,0,0,1,0
22229,SAG,-44.72760625,170.2667966,0,0,0,0,1,0
22230,SAG,-44.88346707,169.9816569,0,0,0,0,1,0
22231,SAG,-44.97922898,170.0246467,0,0,0,0,1,0
22232,SAG,-44.58984913,170.3940012,0,0,0,0,1,0
22233,SAG,-44.63049009,170.2706142,0,0,0,0,1,0
22234,SAG,-44.46137728,170.1212638,0,0,0,0,1,0
22235,SAG,-44.42215928,170.2810132,0,0,0,0,1,0
22236,SAG,-44.56817212,170.1676887,0,0,0,0,1,0
22237,SAG,-44.74190743,170.5012958,0,0,0,0,1,0
22238,SAG,-44.68262065,170.0666695,0,0,0,0,1,0
22239,SAG,-44.84832874,170.2133527,0,0,0,0,1,0
22240,SAG,-44.62959841,170.180629,0,0,0,0,1,0
22241,SAG,-44.77508169,170.510139,0,0,0,0,1,0
22242,SAG,-44.85340126,170.3747229,0,0,0,0,1,0
22243,SAG,-44.74393513,170.415849,0,0,0,0,1,0
22244,SAG,-44.1880203,170.2316252,0,0,0,0,1,0
22245,SAG,-43.99464224,170.1862195,0,0,0,0,1,0
22246,SAG,-45.10690691,169.2743445,0,0,0,0,1,0
22247,SAG,-44.02689044,170.5115823,0,0,0,0,1,0
22248,SAG,-44.14862782,170.5438583,0,0,0,0,1,0
22249,SAG,-44.09652624,170.6136959,0,0,0,0,1,0
22250,SAG,-43.17862846,171.4486894,0,0,0,0,1,0
22251,SAG,-43.99621211,170.4443057,0,0,0,0,1,0
22252,SAG,-44.8189634,169.3501449,0,0,0,0,1,0
22253,SAG,-44.63127979,169.419603,0,0,0,0,1,0
22254,SAG,-44.67213036,169.0551652,0,0,0,0,1,0
22255,SAG,-44.47701972,169.1652633,0,0,0,0,1,0
22256,SAG,-44.63330455,169.2254789,0,0,0,0,1,0
22257,SAG,-44.62868357,169.4032701,0,0,0,0,1,0
22258,SAG,-44.61255306,169.2614433,0,0,0,0,1,0
22259,SAG,-44.63640996,169.3358918,0,0,0,0,1,0
22260,SAG,-44.61540146,169.273655,0,0,0,0,1,0
22261,SAG,-44.56569689,169.3113467,0,0,0,0,1,0
22262,SAG,-44.54783739,169.4220738,0,0,0,0,1,0
22263,SAG,-44.47285431,169.4264129,0,0,0,0,1,0
22264,SAG,-44.71705412,169.2911559,0,0,0,0,1,0
22265,SAG,-44.59072628,169.4484383,0,0,0,0,1,0
22266,SAG,-44.55028538,169.2697157,0,0,0,0,1,0
22267,SAG,-44.53661856,169.3266306,0,0,0,0,1,0
22268,SAG,-44.64378831,169.3888077,0,0,0,0,1,0
22269,SAG,-44.54565119,169.201851,0,0,0,0,1,0
22270,SAG,-44.6243018,169.2706774,0,0,0,0,1,0
22271,SAG,-44.5879782,169.5948441,0,0,0,0,1,0
22272,SAG,-44.0541109,170.4138087,0,0,0,0,1,0
22273,SAG,-44.36480068,170.6511244,0,0,0,0,1,0
22274,SAG,-43.87736891,170.0892901,0,0,0,0,1,0
22275,SAG,-44.33320219,170.1131092,0,0,0,0,1,0
22276,SAG,-44.65448851,169.4749885,0,0,0,0,1,0
22277,SAG,-44.75533637,169.9357671,0,0,0,0,1,0
22278,SAG,-44.86949351,169.8957414,0,0,0,0,1,0
22279,SAG,-45.03853533,170.0401821,0,0,0,0,1,0
22280,SAG,-43.35437264,171.5540117,0,0,0,0,1,0
22281,SAG,-43.20593996,171.6092174,0,0,0,0,1,0
22282,SAG,-43.37340327,171.5459993,0,0,0,0,1,0
22283,SAG,-42.59388235,172.9066032,0,0,0,0,1,0
22284,SAG,-43.31106808,171.6353722,0,0,0,0,1,0
22285,SAG,-43.47205531,171.5909084,0,0,0,0,1,0
22286,SAG,-42.56123025,172.4363928,0,0,0,0,1,0
22287,SAG,-42.54770241,172.921386,0,0,0,0,1,0
22288,SAG,-42.36420567,172.7746573,0,0,0,0,1,0
22289,SAG,-42.37925017,172.7705908,0,0,0,0,1,0
22290,SAG,-42.31942027,172.7268043,0,0,0,0,1,0
22291,SAG,-43.36279123,171.8701811,0,0,0,0,1,0
22292,SAG,-43.36566144,171.6914894,0,0,0,0,1,0
22293,SAG,-44.75135556,170.9510585,0,0,0,0,1,0
22294,SAG,-43.61418634,171.3469944,0,0,0,0,1,0
22295,SAG,-44.95803128,170.7220286,0,0,0,0,1,0
22296,SAG,-44.68031013,170.7435814,0,0,0,0,1,0
22297,SAG,-44.7091703,170.4684276,0,0,0,0,1,0
22298,SAG,-44.30603898,170.6120398,0,0,0,0,1,0
22299,SAG,-43.43957727,171.382914,0,0,0,0,1,0
22300,SAG,-43.59167285,171.2063398,0,0,0,0,1,0
22301,SAG,-43.2070222,171.2077914,0,0,0,0,1,0
22302,SAG,-43.48192696,171.3509039,0,0,0,0,1,0
22303,SAG,-43.5511123,171.3868578,0,0,0,0,1,0
22304,SAG,-43.43432364,171.3156311,0,0,0,0,1,0
22305,SAG,-43.481957,171.3795589,0,0,0,0,1,0
22306,SAG,-43.47173008,171.4805471,0,0,0,0,1,0
22307,SAG,-44.94489352,169.7377028,0,0,0,0,1,0
22308,SAG,-44.6710061,169.735163,0,0,0,0,1,0
22309,SAG,-44.72484966,169.8567336,0,0,0,0,1,0
22310,SAG,-44.86066053,169.7786656,0,0,0,0,1,0
22311,SAG,-44.6474767,169.7888804,0,0,0,0,1,0
22312,SAG,-44.84908385,169.7331301,0,0,0,0,1,0
22313,SAG,-44.7615107,169.6524074,0,0,0,0,1,0
22314,SAG,-44.65177852,169.7954341,0,0,0,0,1,0
22315,SAG,-43.24680896,171.1088554,0,0,0,0,1,0
22316,SAG,-43.31033311,171.1543207,0,0,0,0,1,0
22317,SAG,-44.08574185,170.4945618,0,0,0,0,1,0
22318,SAG,-42.86427616,171.5607622,0,0,0,0,1,0
22319,SAG,-43.90217662,170.0621092,0,0,0,0,1,0
22320,SAG,-44.3837483,169.9246764,0,0,0,0,1,0
22321,SAG,-44.26707062,169.903061,0,0,0,0,1,0
22322,SAG,-44.20740475,170.1213922,0,0,0,0,1,0
22323,SAG,-43.77074722,170.0159952,0,0,0,0,1,0
22324,SAG,-44.34317285,170.1653133,0,0,0,0,1,0
22325,SAG,-44.20364511,170.2062596,0,0,0,0,1,0
22326,SAG,-44.22668357,169.9311966,0,0,0,0,1,0
22327,SAG,-44.21001922,169.9888137,0,0,0,0,1,0
22328,SAG,-44.24569374,169.9356958,0,0,0,0,1,0
22329,SAG,-44.35778118,169.9028269,0,0,0,0,1,0
22330,SAG,-44.19488325,169.9869642,0,0,0,0,1,0
22331,SAG,-44.21073235,170.0542054,0,0,0,0,1,0
22332,SAG,-43.78195595,170.1156669,0,0,0,0,1,0
22333,SAG,-44.3732739,169.8471597,0,0,0,0,1,0
22334,SAG,-43.16852493,171.7675868,0,0,0,0,1,0
22335,SAG,-43.06277707,171.671985,0,0,0,0,1,0
22336,SAG,-43.13978251,171.8049152,0,0,0,0,1,0
22337,SAG,-43.02651673,171.8348195,0,0,0,0,1,0
22338,SAG,-44.2912512,169.6378274,0,0,0,0,1,0
22339,SAG,-43.77159825,170.4371219,0,0,0,0,1,0
22340,SAG,-43.98882992,170.1026868,0,0,0,0,1,0
22341,SAG,-43.89151956,170.0017208,0,0,0,0,1,0
22342,SAG,-43.78909031,170.0090237,0,0,0,0,1,0
22343,SAG,-42.25493366,172.8936315,0,0,0,0,1,0
22344,SAG,-44.1161982,170.0261174,0,0,0,0,1,0
22345,SAG,-44.14008233,169.9077002,0,0,0,0,1,0
22346,SAG,-45.00398041,170.0168447,0,0,0,0,1,0
22347,SAG,-44.14381402,170.0840826,0,0,0,0,1,0
22348,SAG,-44.45374459,169.6365624,0,0,0,0,1,0
22349,SAG,-44.58067436,169.5738382,0,0,0,0,1,0
22350,SAG,-44.44102284,169.7293378,0,0,0,0,1,0
22351,SAG,-42.18630422,173.3640194,0,0,0,0,1,0
22352,SAG,-42.27148437,173.399256,0,0,0,0,1,0
22353,SAG,-42.30409688,173.4561348,0,0,0,0,1,0
22354,SAG,-44.6429445,169.054655,0,0,0,0,1,0
22355,SAG,-44.65634147,169.1583234,0,0,0,0,1,0
22356,SAG,-44.55669675,169.0704673,0,0,0,0,1,0
22357,SAG,-44.67711222,169.1398634,0,0,0,0,1,0
22358,SAG,-44.48696047,169.1134265,0,0,0,0,1,0
22359,SAG,-44.71079405,169.2140757,0,0,0,0,1,0
22360,SAG,-44.7684967,169.0136441,0,0,0,0,1,0
22361,SAG,-44.73261128,169.1931506,0,0,0,0,1,0
22362,SAG,-44.63074171,169.2018855,0,0,0,0,1,0
22363,SAG,-44.69492847,169.115528,0,0,0,0,1,0
22364,SAG,-44.48053419,169.3895512,0,0,0,0,1,0
22365,SAG,-44.81984332,169.9021809,0,0,0,0,1,0
22366,SAG,-44.35477163,170.0828987,0,0,0,0,1,0
22367,SAG,-44.40862616,170.1441326,0,0,0,0,1,0
22368,SAG,-44.65678187,169.6308566,0,0,0,0,1,0
22369,SAG,-44.6699312,169.532797,0,0,0,0,1,0
22370,SAG,-44.7342569,169.6159453,0,0,0,0,1,0
22371,SAG,-44.75908994,169.4850755,0,0,0,0,1,0
22372,SAG,-44.54047976,169.5071013,0,0,0,0,1,0
22373,SAG,-44.650668,169.5151084,0,0,0,0,1,0
22374,SAG,-44.65490856,169.412621,0,0,0,0,1,0
22375,SAG,-44.70815226,169.6288328,0,0,0,0,1,0
22376,SAG,-44.59151642,169.6105881,0,0,0,0,1,0
22377,SAG,-44.63952612,169.504562,0,0,0,0,1,0
22378,SAG,-44.85823263,169.9367857,0,0,0,0,1,0
22379,SAG,-44.51622099,169.5113915,0,0,0,0,1,0
22380,SAG,-44.5749496,169.5778358,0,0,0,0,1,0
22381,SAG,-44.67204989,169.5696687,0,0,0,0,1,0
22382,SAG,-44.67081558,169.586536,0,0,0,0,1,0
22383,SAG,-44.67318733,169.4812634,0,0,0,0,1,0
22384,SAG,-44.55718276,169.6015596,0,0,0,0,1,0
22385,SAG,-44.74945553,169.4905198,0,0,0,0,1,0
22386,SAG,-43.60290014,170.5104123,0,0,0,0,1,0
22387,SAG,-44.76100475,169.6337983,0,0,0,0,1,0
22388,SAG,-44.68263631,169.6409455,0,0,0,0,1,0
22389,SAG,-44.22457473,170.8476497,0,0,0,0,1,0
22390,SAG,-44.28584359,169.7730602,0,0,0,0,1,0
22391,SAG,-44.23852742,170.1899483,0,0,0,0,1,0
22392,SAG,-44.78348288,170.2544935,0,0,0,0,1,0
22393,SAG,-44.51056045,169.1832478,0,0,0,0,1,0
22394,SAG,-43.66023801,170.1284604,0,0,0,0,1,0
22395,SAG,-43.97778649,170.5340303,0,0,0,0,1,0
22396,SAG,-44.87059277,170.1725001,0,0,0,0,1,0
22397,SAG,-44.79395283,169.4761495,0,0,0,0,1,0
22398,SAG,-43.67377714,170.6988763,0,0,0,0,1,0
22399,SAG,-44.8748664,169.9521702,0,0,0,0,1,0
22400,SAG,-44.79489153,169.9094422,0,0,0,0,1,0
22401,SAG,-44.96018754,169.8433349,0,0,0,0,1,0
22402,SAG,-44.89042559,170.228452,0,0,0,0,1,0
22403,SAG,-44.89142927,170.2031821,0,0,0,0,1,0
22404,SAG,-44.81710464,170.1390575,0,0,0,0,1,0
22405,SAG,-44.77280918,169.843286,0,0,0,0,1,0
22406,SAG,-44.17210503,170.3879051,0,0,0,0,1,0
22407,SAG,-43.99170004,170.4904197,0,0,0,0,1,0
22408,SAG,-43.89327262,170.5780001,0,0,0,0,1,0
22409,SAG,-43.83027237,170.486677,0,0,0,0,1,0
22410,SAG,-43.88566682,170.4269073,0,0,0,0,1,0
22411,SAG,-43.63928252,170.5380488,0,0,0,0,1,0
22412,SAG,-43.54573207,170.4460403,0,0,0,0,1,0
22413,SAG,-43.81478458,170.5387123,0,0,0,0,1,0
22414,SAG,-43.77295542,170.5439176,0,0,0,0,1,0
22415,SAG,-44.19205434,170.7756246,0,0,0,0,1,0
22416,SAG,-44.28962322,170.7837127,0,0,0,0,1,0
22417,SAG,-43.45379038,171.5050227,0,0,0,0,1,0
22418,SAG,-44.65123273,170.1170553,0,0,0,0,1,0
22419,SAG,-44.65724608,169.5352455,0,0,0,0,1,0
22420,SAG,-44.47239254,169.5259374,0,0,0,0,1,0
22421,SAG,-44.52336549,170.17472,0,0,0,0,1,0
22422,SAG,-44.53268587,169.5788166,0,0,0,0,1,0
22423,SAG,-44.59740341,169.5490929,0,0,0,0,1,0
22424,SAG,-44.44337443,169.5291673,0,0,0,0,1,0
22425,SAG,-44.52287625,169.6406159,0,0,0,0,1,0
22426,SAG,-44.54399795,169.5664665,0,0,0,0,1,0
22427,SAG,-44.5806853,169.5409161,0,0,0,0,1,0
22428,SAG,-44.44241021,170.2220781,0,0,0,0,1,0
22429,SAG,-44.69394125,170.2427092,0,0,0,0,1,0
22430,SAG,-44.66839367,170.1607167,0,0,0,0,1,0
22431,SAG,-44.73804558,169.5961474,0,0,0,0,1,0
22432,SAG,-44.2239023,170.6252741,0,0,0,0,1,0
22433,SAG,-44.5698457,169.6915071,0,0,0,0,1,0
22434,SAG,-44.70269078,169.7052832,0,0,0,0,1,0
22435,SAG,-44.55277511,169.5782617,0,0,0,0,1,0
22436,SAG,-44.67466642,169.5222415,0,0,0,0,1,0
22437,SAG,-44.6597611,169.6535305,0,0,0,0,1,0
22438,SAG,-44.56298124,169.5169794,0,0,0,0,1,0
22439,SAG,-44.76781885,169.4451422,0,0,0,0,1,0
22440,SAG,-43.65752193,171.1668132,0,0,0,0,1,0
22441,SAG,-43.68523508,171.0669187,0,0,0,0,1,0
22442,SAG,-43.71451318,171.1433192,0,0,0,0,1,0
22443,SAG,-43.62350953,171.1176831,0,0,0,0,1,0
22444,SAG,-43.75554285,171.0912197,0,0,0,0,1,0
22445,SAG,-43.57082477,171.1157603,0,0,0,0,1,0
22446,SAG,-43.45943768,170.9474626,0,0,0,0,1,0
22447,SAG,-43.52022737,171.1237906,0,0,0,0,1,0
22448,SAG,-43.65511023,170.9558072,0,0,0,0,1,0
22449,SAG,-43.59277288,171.0538813,0,0,0,0,1,0
22450,SAG,-43.10983174,172.2499597,0,0,0,0,1,0
22451,SAG,-43.39735026,171.586455,0,0,0,0,1,0
22452,SAG,-43.34863216,171.7454509,0,0,0,0,1,0
22453,SAG,-43.79849804,170.1357961,0,0,0,0,1,0
22454,SAG,-43.37578064,171.7681744,0,0,0,0,1,0
22455,SAG,-43.45813271,170.1811923,0,0,0,0,1,0
22456,SAG,-43.64221492,170.3147284,0,0,0,0,1,0
22457,SAG,-43.86644194,170.1693682,0,0,0,0,1,0
22458,SAG,-43.42066706,171.787093,0,0,0,0,1,0
22459,SAG,-43.49383918,171.7947979,0,0,0,0,1,0
22460,SAG,-43.99721972,170.4988518,0,0,0,0,1,0
22461,SAG,-43.66997233,171.3002518,0,0,0,0,1,0
22462,SAG,-42.62609633,172.3975439,0,0,0,0,1,0
22463,SAG,-42.54808982,172.3524176,0,0,0,0,1,0
22464,SAG,-42.4972468,172.4142308,0,0,0,0,1,0
22465,SAG,-42.66956318,172.3304867,0,0,0,0,1,0
22466,SAG,-44.74184557,170.2998639,0,0,0,0,1,0
22467,SAG,-44.82580925,170.2642482,0,0,0,0,1,0
22468,SAG,-44.79780259,170.4035025,0,0,0,0,1,0
22469,SAG,-43.77822619,170.3818854,0,0,0,0,1,0
22470,SAG,-43.67818097,170.4597495,0,0,0,0,1,0
22471,SAG,-43.65411189,170.3604529,0,0,0,0,1,0
22472,SAG,-43.62928721,170.468879,0,0,0,0,1,0
22473,SAG,-43.61302392,170.3299281,0,0,0,0,1,0
22474,SAG,-43.73698362,170.3163227,0,0,0,0,1,0
22475,SAG,-43.77057342,170.4592955,0,0,0,0,1,0
22476,SAG,-43.61413717,170.3625714,0,0,0,0,1,0
22477,SAG,-43.60889603,170.4716496,0,0,0,0,1,0
22478,SAG,-43.81957336,170.475302,0,0,0,0,1,0
22479,SAG,-43.83276353,170.3207381,0,0,0,0,1,0
22480,SAG,-43.640154,170.3317582,0,0,0,0,1,0
22481,SAG,-43.76968309,170.4700996,0,0,0,0,1,0
22482,SAG,-43.60210133,170.4683898,0,0,0,0,1,0
22483,SAG,-43.77042998,170.4104143,0,0,0,0,1,0
22484,SAG,-43.71651174,170.4193488,0,0,0,0,1,0
22485,SAG,-43.78586743,170.370717,0,0,0,0,1,0
22486,SAG,-43.74681133,170.447652,0,0,0,0,1,0
22487,SAG,-43.72368947,170.3477045,0,0,0,0,1,0
22488,SAG,-43.73994934,170.3303506,0,0,0,0,1,0
22489,SAG,-43.93070277,170.3260057,0,0,0,0,1,0
22490,SAG,-43.91073724,170.3727826,0,0,0,0,1,0
22491,SAG,-43.96552484,170.4487811,0,0,0,0,1,0
22492,SAG,-43.92941559,170.2985422,0,0,0,0,1,0
22493,SAG,-43.78224362,170.384615,0,0,0,0,1,0
22494,SAG,-44.01185293,170.40941,0,0,0,0,1,0
22495,SAG,-44.16220866,170.5558439,0,0,0,0,1,0
22496,SAG,-44.10946102,170.6216455,0,0,0,0,1,0
22497,SAG,-44.08073707,170.6403291,0,0,0,0,1,0
22498,SAG,-44.27797659,170.5948787,0,0,0,0,1,0
22499,SAG,-44.1966142,170.6661851,0,0,0,0,1,0
22500,SAG,-44.17491238,170.7090364,0,0,0,0,1,0
22501,SAG,-44.2256068,170.6299535,0,0,0,0,1,0
22502,SAG,-44.06851496,170.7576461,0,0,0,0,1,0
22503,SAG,-44.19609396,170.5709898,0,0,0,0,1,0
22504,SAG,-44.09178904,170.5570497,0,0,0,0,1,0
22505,SAG,-44.12806394,170.6682094,0,0,0,0,1,0
22506,SAG,-44.12061383,170.6758044,0,0,0,0,1,0
22507,SAG,-44.18966552,170.7147624,0,0,0,0,1,0
22508,SAG,-44.00563507,170.7363808,0,0,0,0,1,0
22509,SAG,-44.18220296,170.6614259,0,0,0,0,1,0
22510,SAG,-44.08047296,170.628449,0,0,0,0,1,0
22511,SAG,-44.16825982,170.5477488,0,0,0,0,1,0
22512,SAG,-44.08369227,170.6315415,0,0,0,0,1,0
22513,SAG,-44.048148,170.7577053,0,0,0,0,1,0
22514,SAG,-44.14501881,170.7612081,0,0,0,0,1,0
22515,SAG,-44.21701396,170.7159888,0,0,0,0,1,0
22516,SAG,-41.60818412,173.2964732,0,0,0,0,1,0
22517,SAG,-41.66875333,173.2161229,0,0,0,0,1,0
22518,SAG,-42.61152805,173.0522025,0,0,0,0,1,0
22519,SAG,-43.61140522,170.0236816,0,0,0,0,1,0
22520,SAG,-43.05228701,171.6532323,0,0,0,0,1,0
22521,SAG,-43.04739714,171.7124766,0,0,0,0,1,0
22522,SAG,-43.08995182,171.5714569,0,0,0,0,1,0
22523,SAG,-43.113647,171.6730965,0,0,0,0,1,0
22524,SAG,-43.11570362,171.6522551,0,0,0,0,1,0
22525,SAG,-42.99880928,171.5726112,0,0,0,0,1,0
22526,SAG,-42.9355107,171.6479611,0,0,0,0,1,0
22527,SAG,-42.91761119,171.6856285,0,0,0,0,1,0
22528,SAG,-42.8970256,171.5743587,0,0,0,0,1,0
22529,SAG,-42.90765534,171.6479465,0,0,0,0,1,0
22530,SAG,-43.0186911,171.7913677,0,0,0,0,1,0
22531,SAG,-42.97169585,171.6506562,0,0,0,0,1,0
22532,SAG,-44.67812959,170.3880409,0,0,0,0,1,0
22533,SAG,-44.56252349,170.4935341,0,0,0,0,1,0
22534,SAG,-44.67753878,170.4874081,0,0,0,0,1,0
22535,SAG,-44.55724953,170.4937761,0,0,0,0,1,0
22536,SAG,-44.64744099,170.566886,0,0,0,0,1,0
22537,SAG,-44.45047688,170.5026604,0,0,0,0,1,0
22538,SAG,-44.60665806,170.5079675,0,0,0,0,1,0
22539,SAG,-44.68265163,170.604928,0,0,0,0,1,0
22540,SAG,-44.69436347,170.5421484,0,0,0,0,1,0
22541,SAG,-44.51422292,170.7804,0,0,0,0,1,0
22542,SAG,-44.40200697,170.7491965,0,0,0,0,1,0
22543,SAG,-44.52306019,170.6993252,0,0,0,0,1,0
22544,SAG,-44.43326886,170.7006795,0,0,0,0,1,0
22545,SAG,-44.44062909,170.6887987,0,0,0,0,1,0
22546,SAG,-44.3045705,170.6751609,0,0,0,0,1,0
22547,SAG,-44.45679192,170.7150781,0,0,0,0,1,0
22548,SAG,-41.74781321,173.3017804,0,0,0,0,1,0
22549,SAG,-44.14119396,170.6414705,0,0,0,0,1,0
22550,SAG,-44.33838733,170.5424035,0,0,0,0,1,0
22551,SAG,-44.17474209,170.6231518,0,0,0,0,1,0
22552,SAG,-44.38369244,170.5374881,0,0,0,0,1,0
22553,SAG,-44.48065754,170.5627699,0,0,0,0,1,0
22554,SAG,-44.28840278,170.6043261,0,0,0,0,1,0
22555,SAG,-44.3170156,170.6130942,0,0,0,0,1,0
22556,SAG,-44.23832437,170.5659191,0,0,0,0,1,0
22557,SAG,-44.26506452,170.5781234,0,0,0,0,1,0
22558,SAG,-44.35106696,170.6136495,0,0,0,0,1,0
22559,SAG,-44.37518462,170.4268033,0,0,0,0,1,0
22560,SAG,-44.28871286,170.4830273,0,0,0,0,1,0
22561,SAG,-44.21814278,170.4824761,0,0,0,0,1,0
22562,SAG,-44.31654106,170.5270737,0,0,0,0,1,0
22563,SAG,-44.34326018,170.6422541,0,0,0,0,1,0
22564,SAG,-44.31819047,170.5977628,0,0,0,0,1,0
22565,SAG,-44.27135973,170.4953185,0,0,0,0,1,0
22566,SAG,-44.30046019,170.5925319,0,0,0,0,1,0
22567,SAG,-44.34705184,170.6089724,0,0,0,0,1,0
22568,SAG,-44.66296715,169.8990365,0,0,0,0,1,0
22569,SAG,-44.83867185,169.7219972,0,0,0,0,1,0
22570,SAG,-44.74699074,169.9344743,0,0,0,0,1,0
22571,SAG,-44.75606144,169.7368604,0,0,0,0,1,0
22572,SAG,-44.65441289,169.8837101,0,0,0,0,1,0
22573,SAG,-44.79457856,169.7633119,0,0,0,0,1,0
22574,SAG,-44.79882417,169.697856,0,0,0,0,1,0
22575,SAG,-44.88812665,169.7820342,0,0,0,0,1,0
22576,SAG,-44.90066733,169.6597689,0,0,0,0,1,0
22577,SAG,-43.27311326,171.1447873,0,0,0,0,1,0
22578,SAG,-43.18221778,171.29114,0,0,0,0,1,0
22579,SAG,-43.30518044,171.1990547,0,0,0,0,1,0
22580,SAG,-43.27007646,171.0924168,0,0,0,0,1,0
22581,SAG,-43.79612886,170.5443031,0,0,0,0,1,0
22582,SAG,-43.61609895,170.61429,0,0,0,0,1,0
22583,SAG,-43.7420127,170.70482,0,0,0,0,1,0
22584,SAG,-43.57047141,170.6832029,0,0,0,0,1,0
22585,SAG,-43.87890989,170.683401,0,0,0,0,1,0
22586,SAG,-44.13395364,170.5371613,0,0,0,0,1,0
22587,SAG,-44.21124906,170.2265589,0,0,0,0,1,0
22588,SAG,-44.3116958,170.153911,0,0,0,0,1,0
22589,SAG,-44.16950777,170.22335,0,0,0,0,1,0
22590,SAG,-44.13272307,170.2587739,0,0,0,0,1,0
22591,SAG,-44.27477289,170.2033849,0,0,0,0,1,0
22592,SAG,-44.1019345,170.2110636,0,0,0,0,1,0
22593,SAG,-44.271353,170.2885795,0,0,0,0,1,0
22594,SAG,-44.25359595,170.4885522,0,0,0,0,1,0
22595,SAG,-44.38252599,170.453944,0,0,0,0,1,0
22596,SAG,-44.34376322,170.525742,0,0,0,0,1,0
22597,SAG,-44.26814446,170.4434788,0,0,0,0,1,0
22598,SAG,-44.27833268,170.4031554,0,0,0,0,1,0
22599,SAG,-44.4288579,170.3974882,0,0,0,0,1,0
22600,SAG,-44.39800647,170.5354447,0,0,0,0,1,0
22601,SAG,-44.46975421,170.5000961,0,0,0,0,1,0
22602,SAG,-44.25566273,170.4246194,0,0,0,0,1,0
22603,SAG,-44.31783225,170.5050463,0,0,0,0,1,0
22604,SAG,-44.32992208,170.4039932,0,0,0,0,1,0
22605,SAG,-44.45080391,170.5449566,0,0,0,0,1,0
22606,SAG,-44.4841616,170.5429709,0,0,0,0,1,0
22607,SAG,-44.26520174,170.4308688,0,0,0,0,1,0
22608,SAG,-44.18242739,170.4831613,0,0,0,0,1,0
22609,SAG,-44.46282843,170.4856507,0,0,0,0,1,0
22610,SAG,-44.31994308,170.4131942,0,0,0,0,1,0
22611,SAG,-44.17745717,170.3722313,0,0,0,0,1,0
22612,SAG,-44.35666102,170.4916913,0,0,0,0,1,0
22613,SAG,-44.24473198,170.4254658,0,0,0,0,1,0
22614,SAG,-44.20428602,170.4433033,0,0,0,0,1,0
22615,SAG,-44.31134679,170.4512952,0,0,0,0,1,0
22616,SAG,-44.29554805,170.4065222,0,0,0,0,1,0
22617,SAG,-44.41632312,170.5847714,0,0,0,0,1,0
22618,SAG,-44.24120391,170.4180171,0,0,0,0,1,0
22619,SAG,-44.24307478,170.514342,0,0,0,0,1,0
22620,SAG,-44.39494016,170.4271548,0,0,0,0,1,0
22621,SAG,-44.39511603,170.4819258,0,0,0,0,1,0
22622,SAG,-44.44210277,170.5023019,0,0,0,0,1,0
22623,SAG,-44.42882039,170.5164007,0,0,0,0,1,0
22624,SAG,-44.25926501,170.5870408,0,0,0,0,1,0
22625,SAG,-44.34043231,170.5841563,0,0,0,0,1,0
22626,SAG,-44.34803826,170.5813281,0,0,0,0,1,0
22627,SAG,-44.25439084,170.4368281,0,0,0,0,1,0
22628,SAG,-44.34756014,170.4172303,0,0,0,0,1,0
22629,SAG,-44.48074966,170.365375,0,0,0,0,1,0
22630,SAG,-44.34385261,170.3652745,0,0,0,0,1,0
22631,SAG,-44.35832785,170.4054899,0,0,0,0,1,0
22632,SAG,-44.39962891,170.4558819,0,0,0,0,1,0
22633,SAG,-44.45645872,170.3670272,0,0,0,0,1,0
22634,SAG,-44.37258787,170.4610851,0,0,0,0,1,0
22635,SAG,-44.40228606,170.3569524,0,0,0,0,1,0
22636,SAG,-44.33409359,170.4242918,0,0,0,0,1,0
22637,SAG,-44.40940532,170.4037074,0,0,0,0,1,0
22638,SAG,-44.15865859,170.3776932,0,0,0,0,1,0
22639,SAG,-44.3020029,170.4230875,0,0,0,0,1,0
22640,SAG,-44.27207861,170.4483211,0,0,0,0,1,0
22641,SAG,-44.38590972,170.5177083,0,0,0,0,1,0
22642,SAG,-44.34580363,170.5162107,0,0,0,0,1,0
22643,SAG,-44.20023392,170.4379875,0,0,0,0,1,0
22644,SAG,-44.19951853,170.3711615,0,0,0,0,1,0
22645,SAG,-44.44251618,170.4154463,0,0,0,0,1,0
22646,SAG,-44.35811129,170.428479,0,0,0,0,1,0
22647,SAG,-44.23779838,170.449054,0,0,0,0,1,0
22648,SAG,-44.26906083,170.5176268,0,0,0,0,1,0
22649,SAG,-44.25397267,170.4295768,0,0,0,0,1,0
22650,SAG,-44.43290675,170.4173913,0,0,0,0,1,0
22651,SAG,-44.39927297,170.416613,0,0,0,0,1,0
22652,SAG,-44.24759658,170.4931045,0,0,0,0,1,0
22653,SAG,-44.30953783,170.4370065,0,0,0,0,1,0
22654,SAG,-44.44488204,170.389734,0,0,0,0,1,0
22655,SAG,-44.43686554,170.507726,0,0,0,0,1,0
22656,SAG,-44.3687641,170.4051379,0,0,0,0,1,0
22657,SAG,-44.45761225,170.4082789,0,0,0,0,1,0
22658,SAG,-44.38922546,170.4326688,0,0,0,0,1,0
22659,SAG,-44.39188451,170.5364074,0,0,0,0,1,0
22660,SAG,-44.37079429,170.5297663,0,0,0,0,1,0
22661,SAG,-44.39249859,170.5628992,0,0,0,0,1,0
22662,SAG,-44.31395298,170.43571,0,0,0,0,1,0
22663,SAG,-44.3703726,170.6133436,0,0,0,0,1,0
22664,SAG,-44.36921,170.4841926,0,0,0,0,1,0
22665,SAG,-44.43131511,170.4740677,0,0,0,0,1,0
22666,SAG,-44.15158347,170.5340075,0,0,0,0,1,0
22667,SAG,-44.34042962,170.5894449,0,0,0,0,1,0
22668,SAG,-44.38515917,170.4847784,0,0,0,0,1,0
22669,SAG,-44.35511676,170.5603382,0,0,0,0,1,0
22670,SAG,-44.49207578,170.5343806,0,0,0,0,1,0
22671,SAG,-44.46221456,170.4642184,0,0,0,0,1,0
22672,SAG,-44.9528602,170.4058796,0,0,0,0,1,0
22673,SAG,-45.06042947,170.2992555,0,0,0,0,1,0
22674,SAG,-44.92948311,170.3030123,0,0,0,0,1,0
22675,SAG,-44.88512664,170.4502257,0,0,0,0,1,0
22676,SAG,-45.08875443,170.3611534,0,0,0,0,1,0
22677,SAG,-45.08305816,170.2851263,0,0,0,0,1,0
22678,SAG,-45.02699103,170.3915397,0,0,0,0,1,0
22679,SAG,-44.9733777,170.3463048,0,0,0,0,1,0
22680,SAG,-44.98267845,170.2417712,0,0,0,0,1,0
22681,SAG,-44.05676502,170.6862754,0,0,0,0,1,0
22682,SAG,-44.11915236,170.7498892,0,0,0,0,1,0
22683,SAG,-44.16036788,170.7439884,0,0,0,0,1,0
22684,SAG,-44.23491984,170.7697626,0,0,0,0,1,0
22685,SAG,-44.14299416,170.8483278,0,0,0,0,1,0
22686,SAG,-44.07146622,170.7639114,0,0,0,0,1,0
22687,SAG,-44.06046509,170.7613603,0,0,0,0,1,0
22688,SAG,-44.22716302,170.7491653,0,0,0,0,1,0
22689,SAG,-44.09433449,170.7256472,0,0,0,0,1,0
22690,SAG,-44.09408868,170.7735539,0,0,0,0,1,0
22691,SAG,-44.07731009,170.8057336,0,0,0,0,1,0
22692,SAG,-44.13768903,170.7491667,0,0,0,0,1,0
22693,SAG,-44.12215588,170.8113101,0,0,0,0,1,0
22694,SAG,-44.17983166,170.8091421,0,0,0,0,1,0
22695,SAG,-44.28461969,170.7582007,0,0,0,0,1,0
22696,SAG,-44.09237919,170.6921941,0,0,0,0,1,0
22697,SAG,-44.12480461,170.7494695,0,0,0,0,1,0
22698,SAG,-44.16809304,170.849754,0,0,0,0,1,0
22699,SAG,-44.03505393,170.7499963,0,0,0,0,1,0
22700,SAG,-44.14639818,170.7133891,0,0,0,0,1,0
22701,SAG,-44.22492834,170.8109677,0,0,0,0,1,0
22702,SAG,-44.23129013,170.7704093,0,0,0,0,1,0
22703,SAG,-44.08765132,170.7631375,0,0,0,0,1,0
22704,SAG,-44.06792456,170.6579075,0,0,0,0,1,0
22705,SAG,-44.22823221,170.7566179,0,0,0,0,1,0
22706,SAG,-44.10260776,170.6745148,0,0,0,0,1,0
22707,SAG,-44.17288129,170.8408462,0,0,0,0,1,0
22708,SAG,-44.1507587,170.7309321,0,0,0,0,1,0
22709,SAG,-44.21892526,170.5717526,0,0,0,0,1,0
22710,SAG,-44.30230667,170.5711436,0,0,0,0,1,0
22711,SAG,-44.26373658,170.6141825,0,0,0,0,1,0
22712,SAG,-44.26759752,170.6836059,0,0,0,0,1,0
22713,SAG,-44.23526117,170.7251541,0,0,0,0,1,0
22714,SAG,-44.20324887,170.5808413,0,0,0,0,1,0
22715,SAG,-44.16484012,170.634875,0,0,0,0,1,0
22716,SAG,-44.20451757,170.58116,0,0,0,0,1,0
22717,SAG,-44.22366297,170.5809167,0,0,0,0,1,0
22718,SAG,-44.19061571,170.6634919,0,0,0,0,1,0
22719,SAG,-44.284833,170.6405807,0,0,0,0,1,0
22720,SAG,-44.37902617,170.55057,0,0,0,0,1,0
22721,SAG,-44.29526676,170.6934335,0,0,0,0,1,0
22722,SAG,-44.2764929,170.6714246,0,0,0,0,1,0
22723,SAG,-44.27841994,170.5791225,0,0,0,0,1,0
22724,SAG,-44.2201825,170.6379574,0,0,0,0,1,0
22725,SAG,-44.1774594,170.5998613,0,0,0,0,1,0
22726,SAG,-44.13585608,170.5365102,0,0,0,0,1,0
22727,SAG,-44.26561828,170.5862126,0,0,0,0,1,0
22728,SAG,-44.08722624,170.5501624,0,0,0,0,1,0
22729,SAG,-44.32463099,170.688281,0,0,0,0,1,0
22730,SAG,-44.37975816,170.6465149,0,0,0,0,1,0
22731,SAG,-44.26795607,170.5651364,0,0,0,0,1,0
22732,SAG,-44.29567495,170.5304422,0,0,0,0,1,0
22733,SAG,-44.36407588,170.605347,0,0,0,0,1,0
22734,SAG,-44.33304247,170.5139319,0,0,0,0,1,0
22735,SAG,-44.34072094,170.5289366,0,0,0,0,1,0
22736,SAG,-42.87848983,171.9056322,0,0,0,0,1,0
22737,SAG,-44.25799336,170.6797252,0,0,0,0,1,0
22738,SAG,-44.08445661,170.6291494,0,0,0,0,1,0
22739,SAG,-44.32197252,170.7154423,0,0,0,0,1,0
22740,SAG,-44.28191326,170.7001565,0,0,0,0,1,0
22741,SAG,-44.31589845,170.6834228,0,0,0,0,1,0
22742,SAG,-44.25126032,170.687394,0,0,0,0,1,0
22743,SAG,-44.32661724,170.6207822,0,0,0,0,1,0
22744,SAG,-44.25055406,170.6554621,0,0,0,0,1,0
22745,SAG,-44.30422337,170.59686,0,0,0,0,1,0
22746,SAG,-44.28276934,170.693651,0,0,0,0,1,0
22747,SAG,-44.2068422,170.6657052,0,0,0,0,1,0
22748,SAG,-44.40630082,170.6215805,0,0,0,0,1,0
22749,SAG,-44.18384706,170.5964394,0,0,0,0,1,0
22750,SAG,-44.39841197,170.692097,0,0,0,0,1,0
22751,SAG,-44.29033727,170.7246882,0,0,0,0,1,0
22752,SAG,-44.20228386,170.592351,0,0,0,0,1,0
22753,SAG,-44.37286246,170.6027063,0,0,0,0,1,0
22754,SAG,-44.33678043,170.6173113,0,0,0,0,1,0
22755,SAG,-44.23162268,170.5990877,0,0,0,0,1,0
22756,SAG,-44.39171911,170.6266899,0,0,0,0,1,0
22757,SAG,-44.35697871,170.5985189,0,0,0,0,1,0
22758,SAG,-44.27987769,170.6584287,0,0,0,0,1,0
22759,SAG,-44.15728717,170.541318,0,0,0,0,1,0
22760,SAG,-44.46581843,170.5562095,0,0,0,0,1,0
22761,SAG,-44.28783035,170.5932539,0,0,0,0,1,0
22762,SAG,-44.23851566,170.5836811,0,0,0,0,1,0
22763,SAG,-44.42578115,170.6266973,0,0,0,0,1,0
22764,SAG,-44.32151996,170.553358,0,0,0,0,1,0
22765,SAG,-44.28920135,170.5317376,0,0,0,0,1,0
22766,SAG,-44.38198077,170.6231122,0,0,0,0,1,0
22767,SAG,-44.23951331,170.5919782,0,0,0,0,1,0
22768,SAG,-44.34434495,170.5630704,0,0,0,0,1,0
22769,SAG,-44.20663321,170.5288851,0,0,0,0,1,0
22770,SAG,-44.20839556,170.6259132,0,0,0,0,1,0
22771,SAG,-44.45161267,170.6119154,0,0,0,0,1,0
22772,SAG,-42.98917495,171.8357805,0,0,0,0,1,0
22773,SAG,-44.56424162,171.065843,0,0,0,0,1,0
22774,SAG,-44.3194236,171.011605,0,0,0,0,1,0
22775,SAG,-44.32014434,170.6835333,0,0,0,0,1,0
22776,SAG,-44.41525062,170.9524195,0,0,0,0,1,0
22777,SAG,-44.46076947,170.9685628,0,0,0,0,1,0
22778,SAG,-44.45764015,171.0327252,0,0,0,0,1,0
22779,SAG,-44.35898498,171.0085499,0,0,0,0,1,0
22780,SAG,-44.41869657,171.0957132,0,0,0,0,1,0
22781,SAG,-44.46709554,170.9717299,0,0,0,0,1,0
22782,SAG,-44.23552802,171.032477,0,0,0,0,1,0
22783,SAG,-44.23211309,170.7459545,0,0,0,0,1,0
22784,SAG,-44.51025329,171.0180095,0,0,0,0,1,0
22785,SAG,-44.33859315,171.0363923,0,0,0,0,1,0
22786,SAG,-43.51833924,171.2532153,0,0,0,0,1,0
22787,SAG,-43.54348088,171.2802729,0,0,0,0,1,0
22788,SAG,-43.44138973,170.9098575,0,0,0,0,1,0
22789,SAG,-44.81751698,169.9135145,0,0,0,0,1,0
22790,SAG,-44.79991263,169.8147135,0,0,0,0,1,0
22791,SAG,-44.6491161,169.8454145,0,0,0,0,1,0
22792,SAG,-44.62858779,169.8194934,0,0,0,0,1,0
22793,SAG,-43.48089605,171.2263846,0,0,0,0,1,0
22794,SAG,-43.89846135,171.1342664,0,0,0,0,1,0
22795,SAG,-44.35511824,171.0200181,0,0,0,0,1,0
22796,SAG,-43.71653095,171.1781212,0,0,0,0,1,0
22797,SAG,-44.38439032,170.8796733,0,0,0,0,1,0
22798,SAG,-44.44977139,170.9719306,0,0,0,0,1,0
22799,SAG,-44.4632003,171.0867789,0,0,0,0,1,0
22800,SAG,-44.28165724,170.9815031,0,0,0,0,1,0
22801,SAG,-44.28819616,171.0267356,0,0,0,0,1,0
22802,SAG,-44.46418333,170.9404297,0,0,0,0,1,0
22803,SAG,-44.39205034,171.0679215,0,0,0,0,1,0
22804,SAG,-44.47819248,170.9371436,0,0,0,0,1,0
22805,SAG,-44.32475289,170.913593,0,0,0,0,1,0
22806,SAG,-44.48281644,170.9645824,0,0,0,0,1,0
22807,SAG,-44.44835941,171.0338461,0,0,0,0,1,0
22808,SAG,-44.2455792,171.082895,0,0,0,0,1,0
22809,SAG,-44.45363354,171.0721575,0,0,0,0,1,0
22810,SAG,-44.48336995,170.9725427,0,0,0,0,1,0
22811,SAG,-44.42657316,170.9211173,0,0,0,0,1,0
22812,SAG,-44.31177606,170.9105638,0,0,0,0,1,0
22813,SAG,-44.39612017,170.9435586,0,0,0,0,1,0
22814,SAG,-44.37779555,170.9214892,0,0,0,0,1,0
22815,SAG,-44.49002408,171.0671556,0,0,0,0,1,0
22816,SAG,-44.43500445,170.9132062,0,0,0,0,1,0
22817,SAG,-44.39152157,170.9359996,0,0,0,0,1,0
22818,SAG,-43.17098651,171.9375848,0,0,0,0,1,0
22819,SAG,-44.5178259,171.0304589,0,0,0,0,1,0
22820,SAG,-44.160807,170.7510491,0,0,0,0,1,0
22821,SAG,-44.16762236,170.6861988,0,0,0,0,1,0
22822,SAG,-44.11888115,170.6839378,0,0,0,0,1,0
22823,SAG,-44.25491976,170.8102577,0,0,0,0,1,0
22824,SAG,-44.12537436,170.7939502,0,0,0,0,1,0
22825,SAG,-44.11281779,170.775817,0,0,0,0,1,0
22826,SAG,-44.27860671,171.0456899,0,0,0,0,1,0
22827,SAG,-44.08765742,170.7518614,0,0,0,0,1,0
22828,SAG,-44.06762735,170.7927381,0,0,0,0,1,0
22829,SAG,-44.23544512,170.7788676,0,0,0,0,1,0
22830,SAG,-44.2797146,170.7465155,0,0,0,0,1,0
22831,SAG,-44.07150319,170.7666488,0,0,0,0,1,0
22832,SAG,-44.10492915,170.8459696,0,0,0,0,1,0
22833,SAG,-44.21999132,170.9731969,0,0,0,0,1,0
22834,SAG,-44.41718014,171.0056647,0,0,0,0,1,0
22835,SAG,-44.39785968,171.0647725,0,0,0,0,1,0
22836,SAG,-44.4977708,170.9574398,0,0,0,0,1,0
22837,SAG,-44.28662464,170.9921319,0,0,0,0,1,0
22838,SAG,-44.51196716,170.9667451,0,0,0,0,1,0
22839,SAG,-44.41683022,171.0439521,0,0,0,0,1,0
22840,SAG,-44.42038566,171.0790438,0,0,0,0,1,0
22841,SAG,-44.21012118,170.7090299,0,0,0,0,1,0
22842,SAG,-44.27717122,170.8299736,0,0,0,0,1,0
22843,SAG,-44.21059317,170.732626,0,0,0,0,1,0
22844,SAG,-44.141851,170.8594682,0,0,0,0,1,0
22845,SAG,-44.2281587,170.8517901,0,0,0,0,1,0
22846,SAG,-44.20817661,170.7825129,0,0,0,0,1,0
22847,SAG,-44.21196984,170.8078799,0,0,0,0,1,0
22848,SAG,-44.32675669,171.0237951,0,0,0,0,1,0
22849,SAG,-44.03083369,171.1195108,0,0,0,0,1,0
22850,SAG,-44.07137379,171.0040696,0,0,0,0,1,0
22851,SAG,-44.39838665,171.0957522,0,0,0,0,1,0
22852,SAG,-44.29188047,171.0151688,0,0,0,0,1,0
22853,SAG,-44.15820843,170.9945221,0,0,0,0,1,0
22854,SAG,-44.22455718,170.9405767,0,0,0,0,1,0
22855,SAG,-44.04702562,171.0415487,0,0,0,0,1,0
22856,SAG,-44.12908241,171.0548508,0,0,0,0,1,0
22857,SAG,-44.0159161,171.1896349,0,0,0,0,1,0
22858,SAG,-44.048331,171.1533994,0,0,0,0,1,0
22859,SAG,-44.12317469,171.1911697,0,0,0,0,1,0
22860,SAG,-44.12998891,171.1625712,0,0,0,0,1,0
22861,SAG,-44.12555416,171.0004959,0,0,0,0,1,0
22862,SAG,-44.10784561,170.9667896,0,0,0,0,1,0
22863,SAG,-44.23949134,170.8891636,0,0,0,0,1,0
22864,SAG,-44.08576123,170.9581464,0,0,0,0,1,0
22865,SAG,-44.07148335,170.9340484,0,0,0,0,1,0
22866,SAG,-44.11859718,171.0098258,0,0,0,0,1,0
22867,SAG,-44.08771637,170.9192714,0,0,0,0,1,0
22868,SAG,-44.07592979,171.0438454,0,0,0,0,1,0
22869,SAG,-44.05663385,171.0804401,0,0,0,0,1,0
22870,SAG,-44.34227059,171.0965345,0,0,0,0,1,0
22871,SAG,-44.44553516,170.9802634,0,0,0,0,1,0
22872,SAG,-44.02145341,171.0756743,0,0,0,0,1,0
22873,SAG,-44.14537076,171.1539575,0,0,0,0,1,0
22874,SAG,-44.24296942,170.9640727,0,0,0,0,1,0
22875,SAG,-44.20769353,171.0266407,0,0,0,0,1,0
22876,SAG,-44.50392939,171.0436006,0,0,0,0,1,0
22877,SAG,-44.32758529,170.8923631,0,0,0,0,1,0
22878,SAG,-44.25120601,171.0042367,0,0,0,0,1,0
22879,SAG,-44.28644241,171.0374294,0,0,0,0,1,0
22880,SAG,-44.24312976,170.8833493,0,0,0,0,1,0
22881,SAG,-44.26079144,170.9751183,0,0,0,0,1,0
22882,SAG,-44.16697977,170.9105323,0,0,0,0,1,0
22883,SAG,-44.16646353,170.9421603,0,0,0,0,1,0
22884,SAG,-44.27737675,170.9396162,0,0,0,0,1,0
22885,SAG,-44.09404932,170.9399331,0,0,0,0,1,0
22886,SAG,-44.16721234,171.0138208,0,0,0,0,1,0
22887,SAG,-43.7998381,171.2556505,0,0,0,0,1,0
22888,SAG,-44.41110043,170.9505222,0,0,0,0,1,0
22889,SAG,-44.45219471,171.0364757,0,0,0,0,1,0
22890,SAG,-44.4808784,171.047254,0,0,0,0,1,0
22891,SAG,-44.20607476,171.038381,0,0,0,0,1,0
22892,SAG,-44.07398007,170.8861731,0,0,0,0,1,0
22893,SAG,-44.24030741,171.0206392,0,0,0,0,1,0
22894,SAG,-44.16764056,171.1081294,0,0,0,0,1,0
22895,SAG,-44.09603515,171.0425754,0,0,0,0,1,0
22896,SAG,-44.28845044,171.0324721,0,0,0,0,1,0
22897,SAG,-44.03977025,171.0443253,0,0,0,0,1,0
22898,SAG,-44.29805349,171.0124859,0,0,0,0,1,0
22899,SAG,-44.10088082,171.0961632,0,0,0,0,1,0
22900,SAG,-44.18612631,170.9424861,0,0,0,0,1,0
22901,SAG,-44.31815049,171.0225864,0,0,0,0,1,0
22902,SAG,-44.28017192,170.9990681,0,0,0,0,1,0
22903,SAG,-44.21162025,170.9490063,0,0,0,0,1,0
22904,SAG,-44.3685734,171.033869,0,0,0,0,1,0
22905,SAG,-44.51280284,171.0652066,0,0,0,0,1,0
22906,SAG,-44.53629795,170.9102002,0,0,0,0,1,0
22907,SAG,-44.31601052,170.9972548,0,0,0,0,1,0
22908,SAG,-44.45909493,171.071319,0,0,0,0,1,0
22909,SAG,-44.46599234,170.9863363,0,0,0,0,1,0
22910,SAG,-44.47753269,170.9290466,0,0,0,0,1,0
22911,SAG,-44.48174629,170.9849149,0,0,0,0,1,0
22912,SAG,-44.31255075,171.0165399,0,0,0,0,1,0
22913,SAG,-44.30209862,171.0053782,0,0,0,0,1,0
22914,SAG,-44.35529576,170.9614618,0,0,0,0,1,0
22915,SAG,-44.30169194,171.0823887,0,0,0,0,1,0
22916,SAG,-44.46435248,171.085589,0,0,0,0,1,0
22917,SAG,-44.2713145,171.0155462,0,0,0,0,1,0
22918,SAG,-44.14481423,170.9054013,0,0,0,0,1,0
22919,SAG,-44.10304713,170.9022467,0,0,0,0,1,0
22920,SAG,-44.1335623,170.9706665,0,0,0,0,1,0
22921,SAG,-44.09510734,170.9166383,0,0,0,0,1,0
22922,SAG,-44.33922248,170.8887921,0,0,0,0,1,0
22923,SAG,-44.49270571,171.0400682,0,0,0,0,1,0
22924,SAG,-44.53224082,170.969888,0,0,0,0,1,0
22925,SAG,-44.49798233,171.0861233,0,0,0,0,1,0
22926,SAG,-44.47383144,171.0299429,0,0,0,0,1,0
22927,SAG,-44.5080597,171.0028865,0,0,0,0,1,0
22928,SAG,-43.71707586,171.2021936,0,0,0,0,1,0
22929,SAG,-44.07140102,170.8421526,0,0,0,0,1,0
22930,SAG,-44.1077613,170.8213753,0,0,0,0,1,0
22931,SAG,-44.30782182,170.7964879,0,0,0,0,1,0
22932,SAG,-44.13897054,170.7773134,0,0,0,0,1,0
22933,SAG,-44.23871707,170.8472135,0,0,0,0,1,0
22934,SAG,-44.05158963,170.9373098,0,0,0,0,1,0
22935,SAG,-44.16121672,171.1712337,0,0,0,0,1,0
22936,SAG,-44.21253912,171.137268,0,0,0,0,1,0
22937,SAG,-44.07194954,171.1288692,0,0,0,0,1,0
22938,SAG,-44.2361064,171.0173232,0,0,0,0,1,0
22939,SAG,-44.52019486,170.9143279,0,0,0,0,1,0
22940,SAG,-44.01476468,171.025346,0,0,0,0,1,0
22941,SAG,-44.21558747,171.047376,0,0,0,0,1,0
22942,SAG,-44.13733526,171.02804,0,0,0,0,1,0
22943,SAG,-44.06175275,170.9942576,0,0,0,0,1,0
22944,SAG,-44.52718599,171.011507,0,0,0,0,1,0
22945,SAG,-44.30009351,170.969349,0,0,0,0,1,0
22946,SAG,-43.3201646,172.0754209,0,0,0,0,1,0
22947,SAG,-44.43273076,170.928361,0,0,0,0,1,0
22948,SAG,-44.31623132,171.0427426,0,0,0,0,1,0
22949,SAG,-44.48187743,170.9197648,0,0,0,0,1,0
22950,SAG,-43.41368365,171.1747636,0,0,0,0,1,0
22951,SAG,-44.35925709,170.9209197,0,0,0,0,1,0
22952,SAG,-44.1875652,170.8683733,0,0,0,0,1,0
22953,SAG,-44.30974268,170.961465,0,0,0,0,1,0
22954,SAG,-44.11882621,170.920132,0,0,0,0,1,0
22955,SAG,-44.29093891,171.0445191,0,0,0,0,1,0
22956,SAG,-44.1882728,171.0399885,0,0,0,0,1,0
22957,SAG,-44.32449955,171.0385252,0,0,0,0,1,0
22958,SAG,-43.64907208,171.0197385,0,0,0,0,1,0
22959,SAG,-44.35233473,171.066865,0,0,0,0,1,0
22960,SAG,-44.35950294,170.9638388,0,0,0,0,1,0
22961,SAG,-44.27486303,171.181931,0,0,0,0,1,0
22962,SAG,-44.54689154,170.4950218,0,0,0,0,1,0
22963,SAG,-44.27950521,170.5535412,0,0,0,0,1,0
22964,SAG,-44.3309394,170.5151496,0,0,0,0,1,0
22965,SAG,-44.36783318,170.4365411,0,0,0,0,1,0
22966,SAG,-44.35797474,170.5064092,0,0,0,0,1,0
22967,SAG,-44.34227489,170.4985329,0,0,0,0,1,0
22968,SAG,-44.48372233,170.4409247,0,0,0,0,1,0
22969,SAG,-44.35378637,170.488749,0,0,0,0,1,0
22970,SAG,-44.56174235,170.5815532,0,0,0,0,1,0
22971,SAG,-44.39270431,170.5993032,0,0,0,0,1,0
22972,SAG,-44.45763801,170.5533165,0,0,0,0,1,0
22973,SAG,-44.34052226,170.4677282,0,0,0,0,1,0
22974,SAG,-44.36041771,170.5173442,0,0,0,0,1,0
22975,SAG,-44.45973927,170.5595251,0,0,0,0,1,0
22976,SAG,-44.49483184,170.3824092,0,0,0,0,1,0
22977,SAG,-44.42540759,170.3757618,0,0,0,0,1,0
22978,SAG,-44.30267951,170.471697,0,0,0,0,1,0
22979,SAG,-44.53439976,170.4432822,0,0,0,0,1,0
22980,SAG,-44.486238,170.48296,0,0,0,0,1,0
22981,SAG,-44.50867028,170.4681943,0,0,0,0,1,0
22982,SAG,-44.36244501,170.4939877,0,0,0,0,1,0
22983,SAG,-44.42370062,170.5624543,0,0,0,0,1,0
22984,SAG,-44.42918662,170.6105938,0,0,0,0,1,0
22985,SAG,-44.40500762,170.4714294,0,0,0,0,1,0
22986,SAG,-43.58265757,171.2010184,0,0,0,0,1,0
22987,SAG,-44.4508501,170.5605568,0,0,0,0,1,0
22988,SAG,-44.36209259,170.4931761,0,0,0,0,1,0
22989,SAG,-43.6100781,171.334784,0,0,0,0,1,0
22990,SAG,-41.90165016,173.3173164,0,0,0,0,1,0
22991,SAG,-43.4486437,171.1693208,0,0,0,0,1,0
22992,SAG,-43.63329984,171.2461532,0,0,0,0,1,0
22993,SAG,-43.41893137,171.3197529,0,0,0,0,1,0
22994,SAG,-43.60150962,171.2404837,0,0,0,0,1,0
22995,SAG,-43.48376619,171.2114054,0,0,0,0,1,0
22996,SAG,-43.54546078,171.2582347,0,0,0,0,1,0
22997,SAG,-43.54151183,171.1867591,0,0,0,0,1,0
22998,SAG,-43.43258,171.2056107,0,0,0,0,1,0
22999,SAG,-43.54420929,171.2382493,0,0,0,0,1,0
23000,SAG,-43.42547154,171.3532632,0,0,0,0,1,0
23001,SAG,-43.66663897,171.199392,0,0,0,0,1,0
23002,SAG,-43.54104357,171.2272925,0,0,0,0,1,0
23003,SAG,-43.55073529,171.194572,0,0,0,0,1,0
23004,SAG,-43.55027084,171.3458406,0,0,0,0,1,0
23005,SAG,-43.4321225,171.3204192,0,0,0,0,1,0
23006,SAG,-43.55752449,171.3185178,0,0,0,0,1,0
23007,SAG,-43.63561313,171.2807938,0,0,0,0,1,0
23008,SAG,-43.42096824,171.1960649,0,0,0,0,1,0
23009,SAG,-43.42356879,171.2497319,0,0,0,0,1,0
23010,SAG,-43.54639288,171.2314846,0,0,0,0,1,0
23011,SAG,-43.45516047,171.2215344,0,0,0,0,1,0
23012,SAG,-43.44233463,171.1558795,0,0,0,0,1,0
23013,SAG,-43.29125165,171.0571364,0,0,0,0,1,0
23014,SAG,-43.2596099,171.1198657,0,0,0,0,1,0
23015,SAG,-43.25968802,171.152643,0,0,0,0,1,0
23016,SAG,-43.49139119,171.1768298,0,0,0,0,1,0
23017,SAG,-43.39291967,171.177616,0,0,0,0,1,0
23018,SAG,-43.32151632,171.1337191,0,0,0,0,1,0
23019,SAG,-43.38078658,171.0815605,0,0,0,0,1,0
23020,SAG,-43.30758232,171.1661443,0,0,0,0,1,0
23021,SAG,-43.24474512,171.0897956,0,0,0,0,1,0
23022,SAG,-43.31229174,171.191571,0,0,0,0,1,0
23023,SAG,-43.28821111,171.1573763,0,0,0,0,1,0
23024,SAG,-43.32226775,171.0766529,0,0,0,0,1,0
23025,SAG,-43.38526178,171.0578677,0,0,0,0,1,0
23026,SAG,-43.31054318,171.1351086,0,0,0,0,1,0
23027,SAG,-41.96802893,173.160763,0,0,0,0,1,0
23028,SAG,-42.06150137,173.2086621,0,0,0,0,1,0
23029,SAG,-41.92251747,173.264524,0,0,0,0,1,0
23030,SAG,-42.12812007,173.2241347,0,0,0,0,1,0
23031,SAG,-42.1372389,173.2710616,0,0,0,0,1,0
23032,SAG,-42.01113974,173.2427686,0,0,0,0,1,0
23033,SAG,-41.97965709,173.2493619,0,0,0,0,1,0
23034,SAG,-42.04338388,173.2482192,0,0,0,0,1,0
23035,SAG,-42.14391978,173.2683084,0,0,0,0,1,0
23036,SAG,-41.98473385,173.3143363,0,0,0,0,1,0
23037,SAG,-42.09922001,173.2460629,0,0,0,0,1,0
23038,SAG,-42.11013661,173.1920504,0,0,0,0,1,0
23039,SAG,-42.12226634,173.1561226,0,0,0,0,1,0
23040,SAG,-42.01621413,173.2715194,0,0,0,0,1,0
23041,SAG,-42.02568674,173.1221728,0,0,0,0,1,0
23042,SAG,-42.08455034,173.1813596,0,0,0,0,1,0
23043,SAG,-41.90748797,173.2338227,0,0,0,0,1,0
23044,SAG,-42.04105234,173.2687472,0,0,0,0,1,0
23045,SAG,-41.97668334,173.4077222,0,0,0,0,1,0
23046,SAG,-41.92574449,173.3861617,0,0,0,0,1,0
23047,SAG,-41.94844488,173.2703617,0,0,0,0,1,0
23048,SAG,-42.09119052,173.3743988,0,0,0,0,1,0
23049,SAG,-42.09846897,173.390124,0,0,0,0,1,0
23050,SAG,-41.96725306,173.4300971,0,0,0,0,1,0
23051,SAG,-41.90854193,173.3565848,0,0,0,0,1,0
23052,SAG,-42.07414362,173.3983808,0,0,0,0,1,0
23053,SAG,-43.83154848,171.1981004,0,0,0,0,1,0
23054,SAG,-43.80300965,171.2144316,0,0,0,0,1,0
23055,SAG,-43.79957748,171.310074,0,0,0,0,1,0
23056,SAG,-44.32805075,171.0507956,0,0,0,0,1,0
23057,SAG,-44.20904047,170.9513761,0,0,0,0,1,0
23058,SAG,-42.38723012,172.7857404,0,0,0,0,1,0
23059,SAG,-42.47611018,172.7281179,0,0,0,0,1,0
23060,SAG,-44.38798554,170.8953978,0,0,0,0,1,0
23061,SAG,-44.3972518,170.807537,0,0,0,0,1,0
23062,SAG,-44.28424649,170.9183871,0,0,0,0,1,0
23063,SAG,-44.38171395,170.794037,0,0,0,0,1,0
23064,SAG,-43.70736305,171.0745428,0,0,0,0,1,0
23065,SAG,-43.68859574,171.1052018,0,0,0,0,1,0
23066,SAG,-43.62519456,171.0859516,0,0,0,0,1,0
23067,SAG,-43.59773781,171.0209497,0,0,0,0,1,0
23068,SAG,-43.6942583,171.1240633,0,0,0,0,1,0
23069,SAG,-43.54222355,171.4238793,0,0,0,0,1,0
23070,SAG,-43.73637574,171.306223,0,0,0,0,1,0
23071,SAG,-43.51323319,171.3829074,0,0,0,0,1,0
23072,SAG,-43.6267251,171.2976563,0,0,0,0,1,0
23073,SAG,-43.68072826,171.3565171,0,0,0,0,1,0
23074,SAG,-44.25621744,170.1279458,0,0,0,0,1,0
23075,SAG,-42.66804831,172.0686153,0,0,0,0,1,0
23076,SAG,-44.00157431,171.2530163,0,0,0,0,1,0
23077,SAG,-44.08406278,171.0163612,0,0,0,0,1,0
23078,SAG,-43.32988843,171.5365972,0,0,0,0,1,0
23079,SAG,-43.41537889,171.2264739,0,0,0,0,1,0
23080,SAG,-43.71280245,171.241784,0,0,0,0,1,0
23081,SAG,-43.44650915,171.2633807,0,0,0,0,1,0
23082,SAG,-42.87960944,172.3868318,0,0,0,0,1,0
23083,SAG,-42.8326495,172.4244812,0,0,0,0,1,0
23084,SAG,-43.68539623,170.7397322,0,0,0,0,1,0
23085,SAG,-43.59180844,170.7038795,0,0,0,0,1,0
23086,SAG,-43.89817062,171.1851203,0,0,0,0,1,0
23087,SAG,-43.93394102,171.1120472,0,0,0,0,1,0
23088,SAG,-44.0550721,171.1020141,0,0,0,0,1,0
23089,SAG,-44.02895174,171.1282747,0,0,0,0,1,0
23090,SAG,-44.02166513,171.1108477,0,0,0,0,1,0
23091,SAG,-43.92476874,171.0741974,0,0,0,0,1,0
23092,SAG,-43.79743133,171.2921322,0,0,0,0,1,0
23093,SAG,-43.50090843,171.2626807,0,0,0,0,1,0
23094,SAG,-43.20089631,171.7180759,0,0,0,0,1,0
23095,SAG,-42.21988896,172.7866179,0,0,0,0,1,0
23096,SAG,-43.84674281,171.1756304,0,0,0,0,1,0
23097,SAG,-43.98599083,171.0776273,0,0,0,0,1,0
23098,SAG,-43.99974296,171.2032304,0,0,0,0,1,0
23099,SAG,-43.87417837,171.2706136,0,0,0,0,1,0
23100,SAG,-43.56999649,171.3624312,0,0,0,0,1,0
23101,SAG,-43.47537695,171.237594,0,0,0,0,1,0
23102,SAG,-43.47683812,171.2864481,0,0,0,0,1,0
23103,SAG,-44.13028368,170.738885,0,0,0,0,1,0
23104,SAG,-43.90766409,171.2085023,0,0,0,0,1,0
23105,SAG,-43.30347389,171.7054133,0,0,0,0,1,0
23106,SAG,-43.52772898,171.279338,0,0,0,0,1,0
23107,SAG,-43.50369594,171.3103652,0,0,0,0,1,0
23108,SAG,-43.49002768,171.2633197,0,0,0,0,1,0
23109,SAG,-43.32668659,171.1602735,0,0,0,0,1,0
23110,SAG,-43.55659851,171.2921235,0,0,0,0,1,0
23111,SAG,-43.59566093,171.3617628,0,0,0,0,1,0
23112,SAG,-43.45066662,171.203262,0,0,0,0,1,0
23113,SAG,-43.61510135,171.1888559,0,0,0,0,1,0
23114,SAG,-43.43487916,171.3222317,0,0,0,0,1,0
23115,SAG,-43.63468287,171.3082274,0,0,0,0,1,0
23116,SAG,-44.04611914,170.4487398,0,0,0,0,1,0
23117,SAG,-44.13208408,170.5914498,0,0,0,0,1,0
23118,SAG,-43.9803236,170.5629943,0,0,0,0,1,0
23119,SAG,-43.98958746,170.5126163,0,0,0,0,1,0
23120,SAG,-43.99819199,170.4782363,0,0,0,0,1,0
23121,SAG,-44.0287333,170.604928,0,0,0,0,1,0
23122,SAG,-44.16642011,170.6236782,0,0,0,0,1,0
23123,SAG,-44.02614879,170.4691591,0,0,0,0,1,0
23124,SAG,-44.06346629,170.4855791,0,0,0,0,1,0
23125,SAG,-43.98572832,170.5068462,0,0,0,0,1,0
23126,SAG,-44.02481436,170.5678664,0,0,0,0,1,0
23127,SAG,-44.12655862,170.6106365,0,0,0,0,1,0
23128,SAG,-43.39608074,170.4689911,0,0,0,0,1,0
23129,SAG,-43.97871772,170.3617018,0,0,0,0,1,0
23130,SAG,-44.17442575,170.4815545,0,0,0,0,1,0
23131,SAG,-43.96808033,170.599748,0,0,0,0,1,0
23132,SAG,-44.13849572,170.5387375,0,0,0,0,1,0
23133,SAG,-44.04946741,170.4293665,0,0,0,0,1,0
23134,SAG,-43.39926223,171.482047,0,0,0,0,1,0
23135,SAG,-43.39879575,171.4043609,0,0,0,0,1,0
23136,SAG,-43.40455157,171.3809341,0,0,0,0,1,0
23137,SAG,-43.37192186,171.5254668,0,0,0,0,1,0
23138,SAG,-42.96063206,171.6605195,0,0,0,0,1,0
23139,SAG,-41.60660809,173.0391242,0,0,0,0,1,0
23140,SAG,-43.67668904,171.1275019,0,0,0,0,1,0
23141,SAG,-42.8246133,172.2636956,0,0,0,0,1,0
23142,SAG,-44.90746558,169.9362492,0,0,0,0,1,0
23143,SAG,-43.50682641,171.2256538,0,0,0,0,1,0
23144,SAG,-43.72627811,170.1572202,0,0,0,0,1,0
23145,SAG,-43.68130544,171.1934494,0,0,0,0,1,0
23146,SAG,-43.47840179,171.2267713,0,0,0,0,1,0
23147,SAG,-43.62415832,171.2178042,0,0,0,0,1,0
23148,SAG,-43.44513006,171.3280705,0,0,0,0,1,0
23149,SAG,-43.63242108,171.3424961,0,0,0,0,1,0
23150,SAG,-43.54818385,170.7032365,0,0,0,0,1,0
23151,SAG,-43.62504993,170.7651139,0,0,0,0,1,0
23152,SAG,-43.64610762,170.7741541,0,0,0,0,1,0
23153,SAG,-43.73695467,170.7444453,0,0,0,0,1,0
23154,SAG,-43.19604099,172.010461,0,0,0,0,1,0
23155,SAG,-44.58155702,169.1092498,0,0,0,0,1,0
23156,SAG,-44.15846057,169.9168574,0,0,0,0,1,0
23157,SAG,-43.14927738,171.9531992,0,0,0,0,1,0
23158,SAG,-43.07651948,171.774642,0,0,0,0,1,0
23159,SAG,-43.02323051,171.9547412,0,0,0,0,1,0
23160,SAG,-43.01302016,171.9374317,0,0,0,0,1,0
23161,SAG,-43.02541871,172.1126884,0,0,0,0,1,0
23162,SAG,-42.82149942,172.0486627,0,0,0,0,1,0
23163,SAG,-42.97052235,172.1583332,0,0,0,0,1,0
23164,SAG,-43.0224061,171.9664319,0,0,0,0,1,0
23165,SAG,-43.06973116,171.7475713,0,0,0,0,1,0
23166,SAG,-43.14056088,172.0226638,0,0,0,0,1,0
23167,SAG,-43.11793521,171.8254853,0,0,0,0,1,0
23168,SAG,-43.11747017,171.8653056,0,0,0,0,1,0
23169,SAG,-44.63695488,170.9535337,0,0,0,0,1,0
23170,SAG,-45.01111102,170.5539463,0,0,0,0,1,0
23171,SAG,-43.51070018,171.3030577,0,0,0,0,1,0
23172,SAG,-43.87452681,170.0347636,0,0,0,0,1,0
23173,SAG,-43.69320433,171.3859681,0,0,0,0,1,0
23174,SAG,-43.50109571,171.2900424,0,0,0,0,1,0
23175,SAG,-44.37268097,170.6072855,0,0,0,0,1,0
23176,SAG,-44.96588588,170.5155216,0,0,0,0,1,0
23177,SAG,-44.93281301,170.533489,0,0,0,0,1,0
23178,SAG,-44.87668628,170.7189039,0,0,0,0,1,0
23179,SAG,-43.9397454,170.5178837,0,0,0,0,1,0
23180,SAG,-42.30464574,172.976716,0,0,0,0,1,0
23181,SAG,-42.7298783,172.547554,0,0,0,0,1,0
23182,SAG,-44.05180166,170.5416108,0,0,0,0,1,0
23183,SAG,-43.0253185,172.460434,0,0,0,0,1,0
23184,SAG,-43.90379571,170.5014158,0,0,0,0,1,0
23185,SAG,-44.10689913,170.4512429,0,0,0,0,1,0
23186,SAG,-44.14073664,170.4959686,0,0,0,0,1,0
23187,SAG,-44.02213177,170.4752253,0,0,0,0,1,0
23188,SAG,-44.04356648,170.3875779,0,0,0,0,1,0
23189,SAG,-44.05106642,170.5243676,0,0,0,0,1,0
23190,SAG,-44.05264517,170.4216849,0,0,0,0,1,0
23191,SAG,-44.1378299,170.5507339,0,0,0,0,1,0
23192,SAG,-43.90447362,170.5517898,0,0,0,0,1,0
23193,SAG,-44.05179324,170.5206357,0,0,0,0,1,0
23194,SAG,-42.61074591,170.8774303,0,0,0,0,1,0
23195,SAG,-43.52286045,171.2977624,0,0,0,0,1,0
23196,SAG,-43.37752969,171.275432,0,0,0,0,1,0
23197,SAG,-43.19606977,171.7116851,0,0,0,0,1,0
23198,SAG,-42.02065448,173.1454178,0,0,0,0,1,0
23199,SAG,-42.73919601,172.0702421,0,0,0,0,1,0
23200,SAG,-42.65718754,171.9784386,0,0,0,0,1,0
23201,SAG,-43.87319691,170.1971071,0,0,0,0,1,0
23202,SAG,-43.74830273,170.1080959,0,0,0,0,1,0
23203,SAG,-43.8704008,170.0249534,0,0,0,0,1,0
23204,SAG,-43.67428505,170.0804486,0,0,0,0,1,0
23205,SAG,-43.69712809,170.1444238,0,0,0,0,1,0
23206,SAG,-44.11975735,170.4985477,0,0,0,0,1,0
23207,SAG,-43.77368266,170.4408486,0,0,0,0,1,0
23208,SAG,-43.74147805,170.3658337,0,0,0,0,1,0
23209,SAG,-43.83412918,170.3361235,0,0,0,0,1,0
23210,SAG,-43.58200002,171.2067055,0,0,0,0,1,0
23211,SAG,-43.73718016,170.4212331,0,0,0,0,1,0
23212,SAG,-43.57321658,171.2896005,0,0,0,0,1,0
23213,SAG,-43.63683067,171.030412,0,0,0,0,1,0
23214,SAG,-43.67713394,171.0568377,0,0,0,0,1,0
23215,SAG,-44.44895368,169.2379619,0,0,0,0,1,0
23216,SAG,-44.38500319,169.8005637,0,0,0,0,1,0
9853,RMM,-43.96060298,170.5737866,0,0,0,1,0,0
9854,RMM,-43.89297602,170.5272006,0,0,0,1,0,0
9855,RMM,-44.13882556,170.5426342,0,0,0,1,0,0
9856,RMM,-44.09712814,170.4564031,0,0,0,1,0,0
9857,RMM,-43.24170149,171.6844494,0,0,0,1,0,0
9858,RMM,-43.2207701,171.6057005,0,0,0,1,0,0
9859,RMM,-43.15397427,171.5423799,0,0,0,1,0,0
9860,RMM,-44.16809505,170.6079585,0,0,0,1,0,0
9861,RMM,-43.73041483,171.0500489,0,0,0,1,0,0
9862,RMM,-43.59532457,171.1496498,0,0,0,1,0,0
9863,RMM,-43.27724377,171.2661865,0,0,0,1,0,0
9864,RMM,-43.52250984,171.1858034,0,0,0,1,0,0
9865,RMM,-43.33850977,171.2826993,0,0,0,1,0,0
9866,RMM,-43.40880752,171.3269609,0,0,0,1,0,0
9867,RMM,-43.63753956,170.9831941,0,0,0,1,0,0
9868,RMM,-43.64376779,171.3053864,0,0,0,1,0,0
9869,RMM,-43.64253317,171.209089,0,0,0,1,0,0
9870,RMM,-43.62622603,171.1331218,0,0,0,1,0,0
9871,RMM,-43.58386634,171.0512793,0,0,0,1,0,0
9872,RMM,-43.4419674,171.2934795,0,0,0,1,0,0
9873,RMM,-43.70402519,170.7342629,0,0,0,1,0,0
9874,RMM,-43.68024767,170.7590244,0,0,0,1,0,0
9875,RMM,-43.66957581,171.3086698,0,0,0,1,0,0
9876,RMM,-43.5315864,171.0321466,0,0,0,1,0,0
9877,RMM,-43.63891155,171.1492558,0,0,0,1,0,0
9878,RMM,-43.39968839,171.2851398,0,0,0,1,0,0
9879,RMM,-43.46291494,171.2064474,0,0,0,1,0,0
9880,RMM,-43.60758762,171.3456618,0,0,0,1,0,0
9881,RMM,-43.41860607,171.3644937,0,0,0,1,0,0
9882,RMM,-43.28752901,171.3754341,0,0,0,1,0,0
9883,RMM,-43.40458666,171.3686661,0,0,0,1,0,0
9884,RMM,-43.44701331,171.3855449,0,0,0,1,0,0
9885,RMM,-43.35496712,171.4040439,0,0,0,1,0,0
9886,RMM,-43.41839938,171.3417476,0,0,0,1,0,0
9887,RMM,-43.54218265,171.2038652,0,0,0,1,0,0
9888,RMM,-43.74895158,170.7528714,0,0,0,1,0,0
9889,RMM,-43.64402833,170.852095,0,0,0,1,0,0
9890,RMM,-43.78524618,170.7178499,0,0,0,1,0,0
9891,RMM,-43.68240422,170.8219335,0,0,0,1,0,0
9892,RMM,-43.58689377,170.8367223,0,0,0,1,0,0
9893,RMM,-43.90625252,170.3424998,0,0,0,1,0,0
9894,RMM,-43.53477764,171.2865195,0,0,0,1,0,0
9895,RMM,-43.8509211,170.6406089,0,0,0,1,0,0
9896,RMM,-43.70546579,170.6251872,0,0,0,1,0,0
9897,RMM,-43.78549266,170.6796757,0,0,0,1,0,0
9898,RMM,-43.79258114,170.6399511,0,0,0,1,0,0
9899,RMM,-43.45842346,171.2848943,0,0,0,1,0,0
9900,RMM,-43.57367869,171.1745054,0,0,0,1,0,0
9901,RMM,-43.86124894,170.4613604,0,0,0,1,0,0
9902,RMM,-43.65751851,171.2937764,0,0,0,1,0,0
9903,RMM,-43.62547122,171.0857112,0,0,0,1,0,0
12232,Oligosoma lineoocellatum,-44.29616885,170.5007937,0,1,0,0,0,0
12252,Oligosoma lineoocellatum,-44.07734303,170.4431373,0,1,0,0,0,0
12253,Oligosoma lineoocellatum,-44.03418088,170.5264619,0,1,0,0,0,0
12254,Oligosoma lineoocellatum,-44.03535746,170.5350739,0,1,0,0,0,0
12255,Oligosoma lineoocellatum,-44.05224548,170.4400611,0,1,0,0,0,0
12256,Oligosoma lineoocellatum,-44.04650383,170.4449893,0,1,0,0,0,0
12257,Oligosoma lineoocellatum,-44.04454499,170.4467711,0,1,0,0,0,0
12258,Oligosoma lineoocellatum,-44.04623533,170.4454627,0,1,0,0,0,0
12259,Oligosoma lineoocellatum,-44.04600566,170.4456598,0,1,0,0,0,0
