Date,Time,Latitude,Longitude,Altitude,Accuracy,Site,Type,Species
11/10/2022,13:59:55,-44.5240314,169.8471112,517.9667491,0.6,Twin Peaks,Absence,NA
11/10/2022,14:12:03,-44.58037829,169.8076952,519.6958443,0.6,Twin Peaks,Absence,NA
11/10/2022,14:23:34,-44.56423084,169.7679114,520.9999338,0.6,Twin Peaks,Absence,NA
11/10/2022,14:35:24,-44.49396681,169.7784326,516.9293249,0.4,Twin Peaks,Absence,NA
11/10/2022,14:53:17,-44.41790303,169.9015269,520.0740143,0.4,Twin Peaks,Absence,NA
11/10/2022,15:08:00,-44.59315029,169.891772,526.1529985,0.6,Twin Peaks,Absence,NA
11/10/2022,15:14:49,-44.51161805,169.8599406,525.0838589,0.4,Twin Peaks,Absence,NA
11/10/2022,15:24:21,-44.56844584,169.8591685,522.7345811,0.4,Twin Peaks,Absence,NA
11/10/2022,16:03:00,-44.41507827,169.7884606,528.7593856,0.4,Twin Peaks,Absence,NA
11/10/2022,16:08:46,-44.49730813,169.852304,530.757148,0.4,Twin Peaks,Absence,NA
11/10/2022,16:18:37,-44.5922981,169.9145399,529.8561354,0.4,Twin Peaks,Absence,NA
12/10/2022,9:18:45,-44.6364524,169.9088777,529.9489163,0.4,Twin Peaks,Absence,NA
12/10/2022,9:22:50,-44.61373673,169.8318763,529.5463388,0.4,Twin Peaks,Absence,NA
12/10/2022,9:47:15,-44.41927104,169.9193808,530.8706961,0.4,Twin Peaks,Absence,NA
12/10/2022,10:02:48,-44.46965771,169.7529548,534.383551,0.4,Twin Peaks,Absence,NA
12/10/2022,10:10:37,-44.41214533,169.8490756,531.5931674,0.4,Twin Peaks,Absence,NA
12/10/2022,10:17:33,-44.53433612,169.7634165,534.3627541,0.4,Twin Peaks,Absence,NA
12/10/2022,10:31:19,-44.42475933,169.8862891,531.0568199,0.4,Twin Peaks,Absence,NA
12/10/2022,11:02:19,-44.46942527,169.8739156,524.8207134,0.4,Twin Peaks,Absence,NA
12/10/2022,11:10:02,-44.52402366,169.9172052,521.6398508,0.4,Twin Peaks,Absence,NA
12/10/2022,11:21:28,-44.49084074,169.798773,523.0319662,0.4,Twin Peaks,Absence,NA
12/10/2022,11:33:42,-44.43558204,169.9155394,524.6780974,0.4,Twin Peaks,Absence,NA
12/10/2022,11:45:46,-44.48762403,169.8681912,527.1081456,0.4,Twin Peaks,Absence,NA
12/10/2022,11:52:58,-44.43312119,169.894103,527.5627732,0.4,Twin Peaks,Absence,NA
12/10/2022,12:16:44,-44.63589352,169.8370985,526.8954909,0.4,Twin Peaks,Absence,NA
12/10/2022,12:21:42,-44.52703755,169.9119198,525.9214204,0.4,Twin Peaks,Absence,NA
12/10/2022,12:32:52,-44.44979241,169.7991011,527.1047072,0.4,Twin Peaks,Absence,NA
12/10/2022,12:38:12,-44.48017574,169.7943872,527.7239615,0.4,Twin Peaks,Absence,NA
13/10/2022,9:22:23,-44.47037493,169.7866018,530.0167779,0.4,Twin Peaks,Absence,NA
13/10/2022,9:30:54,-44.63654957,169.8844601,530.8634406,0.4,Twin Peaks,Absence,NA
13/10/2022,9:39:19,-44.53877885,169.7645325,532.1631536,0.4,Twin Peaks,Absence,NA
13/10/2022,9:44:36,-44.62740511,169.8925469,532.0959348,0.4,Twin Peaks,Absence,NA
13/10/2022,9:51:20,-44.61599837,169.7986474,534.5864894,0.4,Twin Peaks,Absence,NA
13/10/2022,9:54:50,-44.50716435,169.794831,535.3180533,0.6,Twin Peaks,Absence,NA
13/10/2022,10:00:53,-44.59898999,169.7669725,531.2506697,0.4,Twin Peaks,Absence,NA
13/10/2022,10:06:35,-44.62791774,169.7531686,528.5809177,0.4,Twin Peaks,Absence,NA
13/10/2022,10:11:20,-44.52259554,169.8289891,525.6049453,0.6,Twin Peaks,Absence,NA
13/10/2022,10:18:06,-44.64521634,169.8200165,524.0295731,0.8,Twin Peaks,Absence,NA
13/10/2022,10:21:25,-44.45445666,169.8036683,524.5558966,0.6,Twin Peaks,Absence,NA
13/10/2022,10:26:12,-44.45817149,169.9256162,522.7570707,0.6,Twin Peaks,Absence,NA
13/10/2022,10:32:37,-44.5522794,169.8624429,522.5593996,0.4,Twin Peaks,Absence,NA
13/10/2022,10:35:24,-44.5331846,169.7595729,521.522189,0.4,Twin Peaks,Absence,NA
13/10/2022,10:43:23,-44.63788308,169.7626712,525.9124529,0.6,Twin Peaks,Absence,NA
13/10/2022,10:46:57,-44.55241898,169.9125097,522.0389262,0.4,Twin Peaks,Absence,NA
13/10/2022,10:51:24,-44.55636451,169.8675854,519.6000773,0.4,Twin Peaks,Absence,NA
13/10/2022,10:57:43,-44.55025833,169.838093,515.2107936,0.4,Twin Peaks,Absence,NA
13/10/2022,11:00:48,-44.4412154,169.8251159,516.5173385,0.4,Twin Peaks,Absence,NA
13/10/2022,11:10:08,-44.4470558,169.8093824,522.4479297,0.4,Twin Peaks,Absence,NA
13/10/2022,12:16:11,-44.59673416,170.001161,414.6311389,0.6,Lower Ahuriri,Absence,NA
13/10/2022,12:24:24,-44.37577532,169.988915,409.2035928,0.4,Lower Ahuriri,Absence,NA
13/10/2022,12:32:52,-44.43081912,170.0607888,408.6431685,0.6,Lower Ahuriri,Absence,NA
13/10/2022,12:46:02,-44.37167625,169.9974438,410.9895213,0.6,Lower Ahuriri,Absence,NA
13/10/2022,13:04:23,-44.46222066,170.005037,406.0112428,0.6,Lower Ahuriri,Absence,NA
13/10/2022,13:07:47,-44.4694805,170.0510152,410.6229982,0.6,Lower Ahuriri,Absence,NA
13/10/2022,13:21:44,-44.45849379,169.9188712,403.8101726,0.4,Lower Ahuriri,Absence,NA
13/10/2022,13:34:09,-44.36165053,169.9331902,409.4276502,0.6,Lower Ahuriri,Absence,NA
13/10/2022,13:39:56,-44.51030478,170.0502524,408.6757776,0.6,Lower Ahuriri,Absence,NA
13/10/2022,13:55:20,-44.36749361,170.0822352,405.6972337,0.6,Lower Ahuriri,Absence,NA
13/10/2022,14:17:10,-44.35748156,169.9956626,405.5430197,0.6,Lower Ahuriri,Absence,NA
13/10/2022,14:35:44,-44.40372987,170.0794777,399.8079584,0.4,Lower Ahuriri,Absence,NA
13/10/2022,14:42:35,-44.53679188,169.9825054,400.4098594,0.6,Lower Ahuriri,Absence,NA
13/10/2022,14:45:35,-44.48772399,169.9683556,399.6331157,0.4,Lower Ahuriri,Absence,NA
13/10/2022,14:49:10,-44.48059726,169.980317,401.118574,0.6,Lower Ahuriri,Absence,NA
14/10/2022,13:25:53,-44.37829552,169.9990208,407.7564339,0.6,Lower Ahuriri,Absence,NA
14/10/2022,13:34:32,-44.34563119,170.0250676,406.1869139,0.8,Lower Ahuriri,Presence,MCC
14/10/2022,13:45:02,-44.43092846,169.9450699,406.7032053,0.4,Lower Ahuriri,Absence,NA
14/10/2022,13:59:44,-44.3480602,170.088021,405.8269526,0.4,Lower Ahuriri,Absence,NA
14/10/2022,14:10:00,-44.46583384,169.9718741,408.485528,0.6,Lower Ahuriri,Absence,NA
14/10/2022,14:17:45,-44.59260955,170.0552496,400.7752092,0.4,Lower Ahuriri,Absence,NA
14/10/2022,14:23:38,-44.44262316,170.0546823,402.7227622,0.6,Lower Ahuriri,Absence,NA
14/10/2022,14:30:23,-44.50824497,170.0244096,405.5198002,0.6,Lower Ahuriri,Absence,NA
14/10/2022,14:36:16,-44.55284531,170.0546359,403.5688691,0.4,Lower Ahuriri,Absence,NA
14/10/2022,14:40:21,-44.4053669,170.0275272,404.9134337,0.4,Lower Ahuriri,Absence,NA
14/10/2022,14:45:51,-44.54219085,170.0324618,407.0548056,0.6,Lower Ahuriri,Absence,NA
14/10/2022,14:49:51,-44.41599072,169.9282496,404.7284252,0.4,Lower Ahuriri,Presence,GRA
14/10/2022,14:58:48,-44.55267919,170.0153028,404.236619,0.4,Lower Ahuriri,Absence,NA
14/10/2022,15:09:34,-44.52304867,169.9817585,406.0638573,0.6,Lower Ahuriri,Absence,NA
14/10/2022,15:13:52,-44.42257542,170.0009228,409.7755916,0.4,Lower Ahuriri,Absence,NA
14/10/2022,15:20:41,-44.45708337,170.0047266,412.5047506,0.6,Lower Ahuriri,Absence,NA
14/10/2022,15:24:43,-44.56378371,170.0488733,411.4812219,0.6,Lower Ahuriri,Absence,NA
14/10/2022,15:28:09,-44.37802847,169.9735255,410.61215,0.6,Lower Ahuriri,Absence,NA
15/10/2022,9:55:06,-44.2065341,170.1367866,444.4953352,0.6,Ruataniwha wetlands,Absence,NA
15/10/2022,10:01:25,-44.35513383,170.043052,440.1930262,0.8,Ruataniwha wetlands,Absence,NA
15/10/2022,10:10:34,-44.31572438,170.0902602,438.6879242,0.6,Ruataniwha wetlands,Absence,NA
15/10/2022,10:14:20,-44.16897171,170.0278327,444.6335974,0.6,Ruataniwha wetlands,Absence,NA
15/10/2022,10:17:33,-44.32715416,170.1474198,427.7334256,1.6,Ruataniwha wetlands,Absence,NA
15/10/2022,10:35:12,-44.40321461,170.1775006,435.5431326,0.6,Ruataniwha wetlands,Presence,MCC
15/10/2022,10:41:26,-44.23664373,170.0951291,436.7671391,0.6,Ruataniwha wetlands,Presence,MCC
15/10/2022,10:43:20,-44.20126459,170.1702754,435.0294272,0.4,Ruataniwha wetlands,Presence,MCC
15/10/2022,10:52:02,-44.40152519,170.0155069,447.1854971,0.8,Ruataniwha wetlands,Absence,NA
15/10/2022,11:01:01,-44.17540141,170.079604,434.876474,0.4,Ruataniwha wetlands,Presence,MCC
15/10/2022,11:13:29,-44.28002357,170.0241671,431.8170101,0.4,Ruataniwha wetlands,Presence,MCC
15/10/2022,11:13:29,-44.22504791,170.1753004,431.8170101,0.4,Ruataniwha wetlands,Presence,MCC
15/10/2022,11:26:10,-44.27853309,170.1938045,430.5293758,0.4,Ruataniwha wetlands,Absence,NA
15/10/2022,11:33:21,-44.17082508,170.0385482,432.6768583,0.6,Ruataniwha wetlands,Absence,NA
15/10/2022,11:38:30,-44.24457039,170.065124,446.2424228,0.4,Ruataniwha wetlands,Absence,NA
15/10/2022,11:54:59,-44.38742895,170.0303464,428.7404904,0.6,Ruataniwha wetlands,Presence,MCC
15/10/2022,12:06:18,-44.22645947,170.0635036,441.1250552,0.6,Ruataniwha wetlands,Absence,NA
15/10/2022,12:12:12,-44.19565148,170.0348387,443.688805,0.6,Ruataniwha wetlands,Presence,MCC
15/10/2022,12:25:55,-44.25032015,170.1833708,428.3956418,0.4,Ruataniwha wetlands,Presence,MCC
15/10/2022,12:37:51,-44.28557944,170.1388922,427.5241128,0.6,Ruataniwha wetlands,Presence,MCC
15/10/2022,13:02:45,-44.19467665,170.184889,426.5438167,0.6,Ruataniwha wetlands,Presence,MCC
15/10/2022,13:05:16,-44.39006161,170.142129,427.4623053,0.4,Ruataniwha wetlands,Presence,MCC
15/10/2022,13:11:17,-44.32428148,170.0284222,425.0067748,0.4,Ruataniwha wetlands,Presence,MCC
17/10/2022,12:46:27,-44.22905035,170.023705,440.4354932,0.6,Ruataniwha wetlands,Presence,MCC
17/10/2022,12:54:21,-44.17096239,170.1861461,440.5491279,0.6,Ruataniwha wetlands,Presence,MCC
18/10/2022,8:10:10,-44.29033221,170.135932,448.0257157,0.6,Ruataniwha wetlands,Absence,NA
18/10/2022,8:25:57,-44.24783013,170.1181035,437.2311106,0.4,Ruataniwha wetlands,Presence,MCC
18/10/2022,9:06:18,-44.38242046,170.1268684,436.4937334,0.6,Ruataniwha wetlands,Presence,MCC
18/10/2022,9:17:32,-44.24978852,170.079114,435.2522902,0.4,Ruataniwha wetlands,Presence,MCC
18/10/2022,9:22:42,-44.24211133,170.1529999,438.2976272,0.6,Ruataniwha wetlands,Absence,NA
18/10/2022,9:33:41,-44.24184876,170.1571521,438.9908094,0.6,Ruataniwha wetlands,Absence,NA
18/10/2022,10:05:29,-44.30458455,170.0303847,438.2350755,0.4,Ruataniwha wetlands,Absence,NA
18/10/2022,10:23:17,-44.27623288,170.1553705,432.5713309,0.4,Ruataniwha wetlands,Absence,NA
18/10/2022,10:41:50,-44.16777932,170.0341758,431.8228362,0.4,Ruataniwha wetlands,Absence,NA
18/10/2022,10:52:09,-44.28810016,170.1795054,431.8746541,0.4,Ruataniwha wetlands,Absence,NA
18/10/2022,11:03:08,-44.22627519,170.1079573,429.4820167,0.4,Ruataniwha wetlands,Absence,NA
18/10/2022,11:06:24,-44.1961586,170.1431297,431.6226738,0.4,Ruataniwha wetlands,Absence,NA
18/10/2022,11:12:22,-44.39954478,170.0284087,431.353701,0.4,Ruataniwha wetlands,Presence,MCC
18/10/2022,11:14:02,-44.32089759,170.0259208,430.0588358,0.4,Ruataniwha wetlands,Presence,GRA
18/10/2022,11:16:11,-44.33226895,170.1566057,428.3423307,0.4,Ruataniwha wetlands,Presence,MCC
18/10/2022,11:22:49,-44.35072798,170.0398386,427.8732753,0.4,Ruataniwha wetlands,Absence,NA
18/10/2022,11:32:22,-44.26978969,170.0339992,427.0013304,0.4,Ruataniwha wetlands,Absence,NA
18/10/2022,11:36:51,-44.41859732,170.0981205,428.4287446,0.4,Ruataniwha wetlands,Absence,NA
18/10/2022,12:07:41,-44.25860021,170.1887769,436.9298131,0.6,Ruataniwha wetlands,Absence,NA
18/10/2022,12:27:27,-44.26800476,170.0628711,451.4821721,0.6,Ruataniwha wetlands,Absence,NA
19/10/2022,8:33:07,-44.22279378,170.1729342,436.1266326,0.4,Ruataniwha wetlands,Presence,MCC
19/10/2022,8:44:12,-44.31791832,170.0778435,437.1254269,0.4,Ruataniwha wetlands,Absence,NA
19/10/2022,8:49:05,-44.20846521,170.1252151,438.6789271,0.4,Ruataniwha wetlands,Absence,NA
19/10/2022,9:03:25,-44.17970803,170.1491904,447.9847081,0.6,Ruataniwha wetlands,Absence,NA
19/10/2022,9:05:23,-44.4141956,170.0705783,445.9346158,0.4,Ruataniwha wetlands,Presence,GRA
19/10/2022,9:08:16,-44.36502355,170.1820146,447.1297749,0.4,Ruataniwha wetlands,Presence,MCC
19/10/2022,9:20:41,-44.30867676,170.1277178,453.8707707,0.8,Ruataniwha wetlands,Absence,NA
19/10/2022,9:29:49,-44.22329263,170.1759479,436.9499055,0.8,Ruataniwha wetlands,Presence,MCC
19/10/2022,9:40:45,-44.34080121,170.038436,449.8392995,0.6,Ruataniwha wetlands,Presence,GRA
19/10/2022,10:01:28,-44.34032304,170.1658922,426.2434794,0.6,Ruataniwha wetlands,Absence,NA
19/10/2022,10:13:23,-44.34869507,170.0734005,433.1219099,0.4,Ruataniwha wetlands,Absence,NA
19/10/2022,10:18:03,-44.38876605,170.094418,429.2299706,0.4,Ruataniwha wetlands,Absence,NA
19/10/2022,10:28:53,-44.32085582,170.1153584,432.9368142,0.6,Ruataniwha wetlands,Presence,MCC
19/10/2022,10:40:25,-44.38631195,170.0258254,434.9497278,0.4,Ruataniwha wetlands,Presence,GRA
19/10/2022,10:47:27,-44.35583559,170.112282,433.0853101,0.6,Ruataniwha wetlands,Absence,NA
19/10/2022,10:51:10,-44.24706259,170.0261954,435.4388739,0.4,Ruataniwha wetlands,Absence,NA
19/10/2022,10:59:03,-44.19587252,170.0262771,440.1537513,0.6,Ruataniwha wetlands,Absence,NA
19/10/2022,11:06:14,-44.26123571,170.0265233,435.7155961,0.4,Ruataniwha wetlands,Absence,NA
19/10/2022,11:13:16,-44.27886742,170.1788472,432.049936,0.6,Ruataniwha wetlands,Absence,NA
19/10/2022,12:24:45,-44.26761447,170.0830771,469.5891412,0.8,Pukaki flats,Absence,NA
19/10/2022,12:34:56,-44.34242738,170.0772315,474.5898733,0.6,Pukaki flats,Absence,NA
19/10/2022,12:40:53,-44.2867286,170.2006768,471.8858277,0.6,Pukaki flats,Presence,MCC
19/10/2022,12:53:08,-44.35637574,170.1387922,473.325519,0.6,Pukaki flats,Absence,NA
19/10/2022,12:59:19,-44.17316561,170.1394226,473.1112016,0.8,Pukaki flats,Absence,NA
19/10/2022,13:06:07,-44.22056789,170.0712992,475.312828,0.8,Pukaki flats,Absence,NA
19/10/2022,13:14:04,-44.33581131,170.1319831,470.6186137,0.4,Pukaki flats,Absence,NA
19/10/2022,13:23:17,-44.24078534,170.1129751,469.468775,0.6,Pukaki flats,Absence,NA
19/10/2022,13:30:06,-44.21761005,170.1334842,471.9199381,0.6,Pukaki flats,Absence,NA
19/10/2022,13:51:05,-44.26015111,170.149337,474.5975103,0.4,Pukaki flats,Absence,NA
19/10/2022,14:02:54,-44.28099725,170.0643413,478.2207797,0.6,Pukaki flats,Absence,NA
19/10/2022,14:17:29,-44.11177485,170.1305665,476.1630966,0.6,Pukaki flats,Absence,NA
19/10/2022,14:23:48,-44.18622808,170.1404374,478.8294086,0.4,Pukaki flats,Absence,NA
19/10/2022,14:29:35,-44.10983277,170.0743168,474.9968903,0.6,Pukaki flats,Presence,GRA
21/10/2022,9:01:14,-44.03033889,170.2031812,636.4791299,0.4,Pukaki Scientific Reserve,Absence,NA
21/10/2022,9:12:44,-44.22448035,170.0335714,635.1088833,0.4,Pukaki Scientific Reserve,Absence,NA
21/10/2022,9:19:14,-44.02354818,170.2116514,639.0311172,0.6,Pukaki Scientific Reserve,Absence,NA
21/10/2022,9:22:34,-44.08137139,170.120151,647.3304441,0.6,Pukaki Scientific Reserve,Absence,NA
21/10/2022,9:51:33,-44.19141326,170.0875724,638.5702937,0.8,Pukaki Scientific Reserve,Presence,MCC
21/10/2022,9:52:09,-44.02995639,170.1987873,649.080375,0.4,Pukaki Scientific Reserve,Absence,NA
21/10/2022,9:56:57,-44.18016924,170.1502969,646.3243501,0.4,Pukaki Scientific Reserve,Absence,NA
21/10/2022,10:13:18,-44.00028135,170.1141894,692.9106775,0.6,Pukaki Scientific Reserve,Absence,NA
21/10/2022,10:35:21,-44.04040897,170.0471036,705.8579201,0.4,Pukaki Scientific Reserve,Absence,NA
21/10/2022,10:41:57,-44.10304977,170.084545,686.7275983,0.6,Pukaki Scientific Reserve,Absence,NA
21/10/2022,10:59:28,-44.22567577,170.0704207,662.3274711,0.4,Pukaki Scientific Reserve,Absence,NA
21/10/2022,11:05:44,-44.24001152,170.0836328,663.0989749,0.4,Pukaki Scientific Reserve,Absence,NA
21/10/2022,11:18:47,-44.1646102,170.0947564,647.2876728,0.6,Pukaki Scientific Reserve,Absence,NA
21/10/2022,11:35:01,-44.08656491,170.118252,670.7830188,0.4,Pukaki Scientific Reserve,Presence,MCC
21/10/2022,11:52:08,-44.1387753,170.1485235,655.9710666,0.6,Pukaki Scientific Reserve,Absence,NA
21/10/2022,12:00:46,-44.25619708,170.1270576,646.0529479,0.4,Pukaki Scientific Reserve,Absence,NA
21/10/2022,12:22:36,-44.17810645,170.1368209,639.2571721,0.4,Pukaki Scientific Reserve,Absence,NA
21/10/2022,12:42:39,-44.05945637,170.1705796,631.1441198,0.4,Pukaki Scientific Reserve,Absence,NA
21/10/2022,12:50:05,-44.25966713,170.0323024,633.4780336,0.6,Pukaki Scientific Reserve,Absence,NA
21/10/2022,14:20:29,-44.27702252,170.0950496,587.3976202,0.6,Pukaki kettleholes,Presence,GRA
21/10/2022,14:33:34,-44.08826903,170.211854,594.7261677,0.4,Pukaki kettleholes,Absence,NA
21/10/2022,14:49:05,-44.17293426,170.1299378,577.9183498,0.4,Pukaki kettleholes,Presence,MCC
21/10/2022,14:57:08,-44.18923151,170.1551614,575.1742122,0.4,Pukaki kettleholes,Presence,MCC
21/10/2022,15:06:42,-44.05639439,170.1355998,583.0233646,0.6,Pukaki kettleholes,Absence,NA
21/10/2022,15:20:30,-44.23145091,170.1340648,567.1405665,0.6,Pukaki kettleholes,Presence,GRA
21/10/2022,15:48:47,-44.26490058,170.2389938,603.3192297,0.6,Pukaki kettleholes,Presence,MCC
21/10/2022,15:51:36,-44.20713895,170.2432448,603.961378,0.6,Pukaki kettleholes,Presence,GRA
21/10/2022,15:53:00,-44.30212799,170.1737812,601.561588,0.6,Pukaki kettleholes,Presence,GRA
21/10/2022,15:55:00,-44.26708852,170.1849825,602.7112229,0.4,Pukaki kettleholes,Presence,MCC
21/10/2022,16:30:42,-44.10582778,170.1882854,589.5330709,0.4,Pukaki kettleholes,Presence,MCC
21/10/2022,16:40:36,-44.2681462,170.1143896,577.6150108,0.6,Pukaki kettleholes,Absence,NA
21/10/2022,16:54:26,-44.18211013,170.100827,616.9027833,0.4,Pukaki kettleholes,Presence,GRA
21/10/2022,16:56:27,-44.25265259,170.1456173,616.1154882,0.4,Pukaki kettleholes,Presence,MCC
21/10/2022,17:05:23,-44.30176785,170.0883933,617.3333056,0.4,Pukaki kettleholes,Absence,NA
21/10/2022,17:11:31,-44.05275738,170.1948269,605.5850282,0.4,Pukaki kettleholes,Presence,MCC
21/10/2022,17:13:41,-44.24286037,170.2078144,603.9127984,0.4,Pukaki kettleholes,Presence,MCC
21/10/2022,17:16:18,-44.07817823,170.2504817,604.3618432,0.4,Pukaki kettleholes,Presence,MCC
21/10/2022,17:27:44,-44.06313461,170.1221117,588.236531,0.6,Pukaki kettleholes,Presence,MCC
21/10/2022,17:28:57,-44.04762707,170.1305774,587.8789244,0.4,Pukaki kettleholes,Presence,MCC
21/10/2022,17:36:13,-44.05473199,170.1234616,568.9235543,0.4,Pukaki kettleholes,Presence,GRA
21/10/2022,17:44:36,-44.05783625,170.2371638,591.3109282,0.6,Pukaki kettleholes,Absence,NA
21/10/2022,17:54:51,-44.18406645,170.1931491,574.3311724,0.6,Pukaki kettleholes,Presence,MCC
21/10/2022,18:03:17,-44.28174885,170.1226591,563.4973633,0.4,Pukaki kettleholes,Presence,MCC
22/10/2022,8:28:01,-44.06083125,170.1089823,630.267729,0.4,Pukaki Scientific Reserve,Absence,NA
22/10/2022,8:31:52,-44.06754711,170.1372642,637.07168,0.6,Pukaki Scientific Reserve,Absence,NA
22/10/2022,8:39:29,-44.15005432,170.1548954,639.0207342,0.4,Pukaki Scientific Reserve,Absence,NA
22/10/2022,8:45:54,-44.0107536,170.1344468,635.6747635,0.4,Pukaki Scientific Reserve,Absence,NA
22/10/2022,8:53:26,-44.23680412,170.1067716,638.0080944,0.4,Pukaki Scientific Reserve,Absence,NA
22/10/2022,8:56:39,-44.07540699,170.0969497,642.2816433,0.4,Pukaki Scientific Reserve,Absence,NA
22/10/2022,9:12:25,-44.00611755,170.1749365,680.0617123,0.6,Pukaki Scientific Reserve,Presence,MCC
22/10/2022,9:21:18,-44.18193761,170.0326661,683.015332,0.6,Pukaki Scientific Reserve,Absence,NA
22/10/2022,9:25:25,-44.16528901,170.1466333,678.0472002,0.6,Pukaki Scientific Reserve,Absence,NA
22/10/2022,9:35:26,-44.19638183,170.1291127,660.5244054,0.4,Pukaki Scientific Reserve,Absence,NA
22/10/2022,9:43:35,-44.06958646,170.1930794,694.7233054,0.6,Pukaki Scientific Reserve,Absence,NA
22/10/2022,9:50:10,-44.11542526,170.1964669,706.4293914,0.4,Pukaki Scientific Reserve,Absence,NA
22/10/2022,10:03:13,-44.12691447,170.1981357,663.5190913,0.4,Pukaki Scientific Reserve,Presence,MCC
22/10/2022,10:09:40,-44.09148861,170.1686908,666.9774295,0.4,Pukaki Scientific Reserve,Absence,NA
22/10/2022,10:15:24,-44.11330854,170.0728342,654.3349931,0.6,Pukaki Scientific Reserve,Absence,NA
22/10/2022,10:21:49,-44.23526129,170.2037584,669.5035699,0.6,Pukaki Scientific Reserve,Absence,NA
22/10/2022,10:31:03,-44.00484489,170.0517553,637.7796047,0.4,Pukaki Scientific Reserve,Absence,NA
22/10/2022,10:50:27,-44.04934848,170.1524659,636.2649271,0.6,Pukaki Scientific Reserve,Absence,NA
22/10/2022,11:04:18,-44.07047805,170.0739644,634.2964856,0.4,Pukaki Scientific Reserve,Absence,NA
22/10/2022,11:55:05,-44.16325744,170.2559499,612.356684,0.6,Pukaki kettleholes,Absence,NA
22/10/2022,11:59:21,-44.18002933,170.2300259,612.4015012,0.4,Pukaki kettleholes,Absence,NA
22/10/2022,12:05:37,-44.2312283,170.0889029,605.9625632,0.4,Pukaki kettleholes,Presence,MCC
22/10/2022,12:16:22,-44.06011792,170.1681591,609.0503884,0.6,Pukaki kettleholes,Presence,MCC
22/10/2022,12:22:45,-44.27803741,170.1952756,594.2803077,0.6,Pukaki kettleholes,Presence,MCC
22/10/2022,12:34:21,-44.26346444,170.1737496,621.3135497,0.4,Pukaki kettleholes,Presence,MCC
22/10/2022,12:44:42,-44.07685593,170.2357659,602.2703119,0.6,Pukaki kettleholes,Absence,NA
22/10/2022,12:51:33,-44.14171753,170.1954821,584.6855573,0.4,Pukaki kettleholes,Absence,NA
22/10/2022,13:10:39,-44.13595269,170.2598698,578.8130245,0.4,Pukaki kettleholes,Absence,NA
22/10/2022,13:16:45,-44.19289938,170.0963087,588.5252891,0.4,Pukaki kettleholes,Presence,MCC
22/10/2022,13:22:13,-44.05265578,170.2492508,593.2726592,0.4,Pukaki kettleholes,Absence,NA
22/10/2022,13:27:22,-44.11591718,170.2202975,595.3644312,0.4,Pukaki kettleholes,Presence,MCC
22/10/2022,13:29:45,-44.19301347,170.2111331,595.3059182,0.4,Pukaki kettleholes,Presence,MCC
22/10/2022,13:36:12,-44.26712512,170.1386731,598.5014123,0.4,Pukaki kettleholes,Presence,MCC
22/10/2022,13:38:11,-44.28805922,170.146694,599.0548249,0.4,Pukaki kettleholes,Presence,MCC
22/10/2022,13:43:17,-44.05358674,170.235079,568.362039,0.6,Pukaki kettleholes,Absence,NA
22/10/2022,13:50:19,-44.18873451,170.1879152,572.363946,0.6,Pukaki kettleholes,Presence,MCC
22/10/2022,13:56:14,-44.19826927,170.1540859,594.387879,0.6,Pukaki kettleholes,Presence,MCC
22/10/2022,13:57:59,-44.19405607,170.2095674,593.0074319,0.6,Pukaki kettleholes,Presence,MCC
22/10/2022,14:04:13,-44.0770911,170.2405455,607.6933594,0.6,Pukaki kettleholes,Presence,MCC
26/10/2022,7:51:04,-44.10320734,170.1466074,505.2050748,0.6,Pukaki flats,Presence,GRA
26/10/2022,8:04:42,-44.22827565,170.1228134,498.229546,0.4,Pukaki flats,Absence,NA
26/10/2022,8:14:37,-44.2471499,170.2033255,496.7325444,0.4,Pukaki flats,Presence,MCC
26/10/2022,8:17:39,-44.35191346,170.0872733,497.0474549,0.4,Pukaki flats,Presence,GRA
26/10/2022,8:35:57,-44.26120094,170.196032,506.2010525,0.6,Pukaki flats,Absence,NA
26/10/2022,8:46:59,-44.15434946,170.1185293,502.9885082,0.4,Pukaki flats,Absence,NA
26/10/2022,8:53:15,-44.21903772,170.1940921,502.138921,0.4,Pukaki flats,Absence,NA
26/10/2022,9:15:58,-44.19247076,170.0812588,495.8084248,0.6,Pukaki flats,Absence,NA
26/10/2022,9:26:43,-44.25743711,170.1857541,488.5684436,0.4,Pukaki flats,Absence,NA
26/10/2022,9:34:40,-44.13076515,170.2249916,482.8669853,0.4,Pukaki flats,Absence,NA
26/10/2022,9:43:59,-44.13834689,170.1858674,486.5111721,0.6,Pukaki flats,Absence,NA
26/10/2022,11:02:41,-44.31620416,170.1750785,489.7293013,0.4,Pukaki flats,Absence,NA
26/10/2022,11:44:14,-44.17207192,170.2176446,494.4983268,0.4,Pukaki flats,Absence,NA
26/10/2022,11:56:36,-44.20327174,170.0859574,501.0446217,0.6,Pukaki flats,Absence,NA
26/10/2022,12:01:16,-44.29705445,170.1560071,499.7093053,0.6,Pukaki flats,Absence,NA
26/10/2022,12:09:28,-44.20143606,170.1887784,502.7755515,0.6,Pukaki flats,Absence,NA
26/10/2022,12:13:44,-44.08934392,170.2250275,505.0926977,0.4,Pukaki flats,Absence,NA
26/10/2022,12:40:27,-44.09801282,170.078733,498.7969844,0.4,Pukaki flats,Absence,NA
26/10/2022,12:45:14,-44.22033932,170.186814,500.4652493,0.4,Pukaki flats,Absence,NA
26/10/2022,12:51:30,-44.27681441,170.1364281,496.0686833,0.4,Pukaki flats,Absence,NA
27/10/2022,10:23:42,-44.24275319,170.1742452,479.8558689,0.6,Pukaki flats,Absence,NA
27/10/2022,10:32:18,-44.27703461,170.1321125,481.6582958,0.6,Pukaki flats,Absence,NA
27/10/2022,10:38:11,-44.30237007,170.1786389,481.3672259,0.6,Pukaki flats,Absence,NA
27/10/2022,10:45:32,-44.27671263,170.2226474,485.7956179,0.4,Pukaki flats,Absence,NA
27/10/2022,10:53:59,-44.20238501,170.2103726,479.1117887,0.4,Pukaki flats,Absence,NA
27/10/2022,11:18:36,-44.27302163,170.1460756,497.5118124,0.4,Pukaki flats,Absence,NA
27/10/2022,11:37:31,-44.10799378,170.2013688,506.298851,0.6,Pukaki flats,Absence,NA
27/10/2022,11:51:51,-44.1620677,170.2017754,497.1143941,0.4,Pukaki flats,Absence,NA
1/11/2022,15:01:40,-44.31821978,169.9151852,599.7380954,0.4,Wairepo kettleholes,Absence,NA
1/11/2022,15:10:19,-44.36845459,169.8883475,596.5047323,0.4,Wairepo kettleholes,Absence,NA
1/11/2022,15:19:33,-44.23966879,169.8848314,591.4581586,0.4,Wairepo kettleholes,Absence,NA
1/11/2022,15:23:14,-44.43565597,169.8582553,593.1347282,0.4,Wairepo kettleholes,Absence,NA
1/11/2022,15:30:22,-44.35722369,169.9451059,590.0962219,0.4,Wairepo kettleholes,Presence,MCC
1/11/2022,15:36:00,-44.39295756,169.8278897,592.8811288,0.4,Wairepo kettleholes,Absence,NA
2/11/2022,2:22:40,-44.25691214,170.1284736,531.8893166,1.2,Fraser Stream,Absence,NA
2/11/2022,2:31:55,-44.2670928,170.1099333,524.9118878,0.6,Fraser Stream,Absence,NA
2/11/2022,2:35:59,-44.1322494,170.0541155,529.0864904,2.4,Fraser Stream,Absence,NA
2/11/2022,2:35:59,-44.31490146,170.0938427,535.4502463,2.4,Fraser Stream,Absence,NA
2/11/2022,2:35:59,-44.19565754,170.0954572,538.33879,0.4,Fraser Stream,Absence,NA
2/11/2022,2:35:59,-44.21120035,170.0242945,533.9145052,0.6,Fraser Stream,Absence,NA
2/11/2022,2:35:59,-44.23912978,170.0688182,539.522645,0.6,Fraser Stream,Absence,NA
2/11/2022,2:35:59,-44.17180425,169.9851283,538.1375075,0.4,Fraser Stream,Absence,NA
2/11/2022,2:35:59,-44.16078717,170.1078788,541.1709668,0.6,Fraser Stream,Absence,NA
2/11/2022,2:35:59,-44.1788599,169.9929572,542.5106344,0.4,Fraser Stream,Absence,NA
2/11/2022,2:35:59,-44.26359593,170.0588653,537.6313922,0.4,Fraser Stream,Absence,NA
2/11/2022,2:35:59,-44.26130917,170.0575482,538.3996658,0.4,Fraser Stream,Absence,NA
2/11/2022,2:35:59,-44.33400612,169.9665321,534.1554,0.6,Fraser Stream,Absence,NA
2/11/2022,2:35:59,-44.33995845,170.1165992,533.6505069,0.4,Fraser Stream,Absence,NA
2/11/2022,2:35:59,-44.12740847,170.0064213,541.271529,0.6,Fraser Stream,Absence,NA
2/11/2022,2:35:59,-44.13344794,169.9670339,535.0436351,0.4,Fraser Stream,Absence,NA
2/11/2022,2:35:59,-44.33997859,170.10524,528.8334862,0.4,Fraser Stream,Absence,NA
2/11/2022,2:35:59,-44.30981252,169.992636,523.2508971,0.4,Fraser Stream,Absence,NA
5/11/2022,10:01:06,-44.44972361,169.9460764,581.230126,0.6,Ben Dhu,Absence,NA
5/11/2022,10:10:26,-44.44239486,169.8814551,578.4880556,0.4,Ben Dhu,Absence,NA
5/11/2022,10:26:45,-44.42545466,169.8896901,575.7409032,0.4,Ben Dhu,Absence,NA
5/11/2022,10:32:58,-44.50566021,169.8951705,579.466799,0.4,Ben Dhu,Absence,NA
5/11/2022,10:36:33,-44.34985601,169.8143345,579.1000059,0.4,Ben Dhu,Presence,MCC
5/11/2022,10:39:53,-44.51959592,169.892086,580.0464366,0.4,Ben Dhu,Presence,MCC
5/11/2022,11:04:56,-44.39237263,169.9640023,578.2252025,0.4,Ben Dhu,Absence,NA
5/11/2022,11:17:42,-44.3949921,169.8665783,578.6167139,0.6,Ben Dhu,Presence,GRA
5/11/2022,11:36:29,-44.43994326,169.952895,576.7318728,0.6,Ben Dhu,Presence,GRA
5/11/2022,11:48:40,-44.2869859,169.9023018,578.0107916,0.6,Ben Dhu,Presence,MCC
5/11/2022,11:57:27,-44.45476372,169.8414347,579.4573635,0.4,Ben Dhu,Absence,NA
5/11/2022,12:02:26,-44.51149889,169.8923958,577.1318944,0.4,Ben Dhu,Presence,MCC
5/11/2022,12:09:25,-44.42330168,169.8099188,575.4951007,0.4,Ben Dhu,Absence,NA
5/11/2022,12:17:35,-44.40126773,169.9360999,575.9038005,0.6,Ben Dhu,Absence,NA
5/11/2022,12:32:04,-44.50520109,169.9221786,579.4717093,0.6,Ben Dhu,Presence,MCC
5/11/2022,12:40:53,-44.5174606,169.8050005,580.9135537,0.4,Ben Dhu,Presence,MCC
5/11/2022,12:47:55,-44.32188574,169.9407552,579.7458138,0.4,Ben Dhu,Absence,NA
5/11/2022,12:53:13,-44.5056811,169.9325983,579.6556586,0.4,Ben Dhu,Presence,GRA
5/11/2022,12:58:14,-44.38533165,169.817699,580.4013175,0.4,Ben Dhu,Presence,GRA
5/11/2022,13:21:19,-44.35219303,169.8666311,584.1482307,0.6,Ben Dhu,Absence,NA
5/11/2022,13:50:36,-44.42785549,169.9176721,591.9400809,0.4,Ben Dhu,Absence,NA
5/11/2022,13:57:21,-44.31802508,169.9016139,588.1851862,0.6,Ben Dhu,Presence,MCC
5/11/2022,15:03:52,-44.31678454,169.8635158,579.6067325,0.4,Ben Dhu,Presence,GRA
5/11/2022,15:18:50,-44.31429587,169.8359747,582.3619709,0.6,Ben Dhu,Presence,GRA
5/11/2022,15:19:52,-44.36580053,169.9491286,582.5315945,0.6,Ben Dhu,Presence,GRA
5/11/2022,15:26:06,-44.43706374,169.8524375,578.2299642,0.4,Ben Dhu,Presence,MCC
5/11/2022,15:27:21,-44.47893999,169.886467,578.8911905,0.6,Ben Dhu,Presence,MCC
5/11/2022,15:30:19,-44.40084869,169.8464403,576.2358798,0.4,Ben Dhu,Presence,MCC
5/11/2022,15:34:42,-44.50020855,169.8588127,576.3093824,0.4,Ben Dhu,Absence,NA
5/11/2022,15:38:44,-44.36337341,169.913687,575.6733664,0.4,Ben Dhu,Absence,NA
5/11/2022,15:42:09,-44.42913513,169.9108913,572.3458864,0.4,Ben Dhu,Absence,NA
5/11/2022,15:47:18,-44.45607071,169.8064432,568.288075,0.4,Ben Dhu,Absence,NA
5/11/2022,15:52:06,-44.40185195,169.9414211,570.6546305,0.4,Ben Dhu,Absence,NA
5/11/2022,16:00:50,-44.35106085,169.7948243,571.1314335,0.4,Ben Dhu,Absence,NA
5/11/2022,16:04:49,-44.31288792,169.7931225,570.6379421,0.6,Ben Dhu,Absence,NA
5/11/2022,16:16:18,-44.46510486,169.8088685,570.2907328,0.4,Ben Dhu,Presence,GRA
5/11/2022,16:31:46,-44.29816265,169.8792796,569.2994491,0.4,Ben Dhu,Presence,GRA
5/11/2022,16:34:19,-44.51298205,169.8152289,569.1465121,0.4,Ben Dhu,Presence,GRA
5/11/2022,18:06:30,-44.44996832,169.9506062,569.2045055,0.4,Ben Dhu,Absence,NA
5/11/2022,18:14:11,-44.35793318,169.9049743,569.0339169,0.4,Ben Dhu,Absence,NA
5/11/2022,18:25:39,-44.39794056,169.9198869,571.2875127,0.4,Ben Dhu,Presence,GRA
5/11/2022,18:33:11,-44.29961903,169.8764558,570.2334978,0.4,Ben Dhu,Absence,NA
5/11/2022,18:35:47,-44.29480187,169.7936457,570.1457448,0.4,Ben Dhu,Absence,NA
5/11/2022,18:42:03,-44.42296141,169.8752851,570.3853888,0.4,Ben Dhu,Presence,MCC
5/11/2022,18:44:39,-44.43218205,169.7962411,569.9747821,0.4,Ben Dhu,Presence,MCC
6/11/2022,9:57:53,-44.45771763,169.9330102,582.7555437,0.8,Ben Dhu,Presence,MCC
6/11/2022,9:59:03,-44.50729832,169.8091964,576.2961009,0.8,Ben Dhu,Presence,MCC
6/11/2022,10:11:24,-44.28700897,169.9271187,601.0770885,0.8,Ben Dhu,Absence,NA
6/11/2022,10:12:32,-44.30329392,169.8742869,586.7024239,0.6,Ben Dhu,Absence,NA
6/11/2022,10:15:59,-44.39454771,169.9494608,583.1459938,0.8,Ben Dhu,Absence,NA
6/11/2022,10:21:57,-44.32272311,169.9571472,581.2795059,0.4,Ben Dhu,Absence,NA
6/11/2022,10:26:05,-44.46836341,169.8718969,583.7118682,0.4,Ben Dhu,Absence,NA
6/11/2022,10:29:15,-44.49812604,169.8944163,580.952441,0.4,Ben Dhu,Absence,NA
6/11/2022,10:39:52,-44.46658351,169.8215315,577.6707352,0.4,Ben Dhu,Absence,NA
6/11/2022,10:43:38,-44.47304438,169.9635126,575.9955592,0.4,Ben Dhu,Absence,NA
6/11/2022,10:48:28,-44.42864227,169.8362092,573.0255572,0.4,Ben Dhu,Absence,NA
6/11/2022,10:58:56,-44.40956491,169.8663456,581.3995715,0.6,Ben Dhu,Absence,NA
6/11/2022,11:03:40,-44.37607291,169.7882245,585.5948744,0.6,Ben Dhu,Absence,NA
6/11/2022,11:11:01,-44.44940961,169.809949,584.4692225,0.6,Ben Dhu,Absence,NA
6/11/2022,11:14:07,-44.30879037,169.9197255,583.7455895,0.6,Ben Dhu,Absence,NA
6/11/2022,11:17:51,-44.51564043,169.9116924,585.7223389,0.6,Ben Dhu,Absence,NA
6/11/2022,11:21:52,-44.31329481,169.8791929,584.1194415,0.6,Ben Dhu,Absence,NA
6/11/2022,11:26:22,-44.39349032,169.8247907,590.7165749,0.4,Ben Dhu,Absence,NA
6/11/2022,11:42:56,-44.43089759,169.7801297,593.6290892,0.3,Ben Dhu,Absence,NA
6/11/2022,11:50:04,-44.52311693,169.9090471,588.9667816,0.4,Ben Dhu,Presence,GRA
6/11/2022,11:52:37,-44.54490938,169.8352028,590.5559263,0.4,Ben Dhu,Presence,GRA
6/11/2022,11:56:09,-44.39857228,169.9098373,588.504839,0.4,Ben Dhu,Presence,GRA
6/11/2022,13:12:59,-44.38212796,169.8011521,567.4697538,0.4,Ben Dhu,Absence,NA
6/11/2022,13:20:14,-44.52433142,169.864253,564.4197514,0.4,Ben Dhu,Presence,GRA
6/11/2022,13:34:51,-44.44212043,169.9084951,574.2617063,0.4,Ben Dhu,Presence,MCC
6/11/2022,13:40:38,-44.53438355,169.9231999,574.3423656,0.6,Ben Dhu,Absence,NA
6/11/2022,13:42:47,-44.31433594,169.8171297,576.6233646,0.4,Ben Dhu,Absence,NA
6/11/2022,13:50:16,-44.42999565,169.8732144,575.4595591,0.4,Ben Dhu,Presence,MCC
6/11/2022,13:55:34,-44.4258581,169.7876834,574.9821877,0.6,Ben Dhu,Absence,NA
6/11/2022,13:59:49,-44.35225183,169.7926977,575.1789285,0.6,Ben Dhu,Absence,NA
6/11/2022,14:04:31,-44.30134917,169.8979224,575.3216045,0.6,Ben Dhu,Absence,NA
6/11/2022,14:17:24,-44.38064697,169.8268664,577.5230778,0.4,Ben Dhu,Presence,GRA
6/11/2022,14:20:00,-44.5382099,169.9106119,577.7731061,0.6,Ben Dhu,Presence,GRA
6/11/2022,14:27:26,-44.36318389,169.8071572,577.6840588,0.6,Ben Dhu,Absence,NA
6/11/2022,14:31:04,-44.42680583,169.9265836,576.2930602,0.6,Ben Dhu,Presence,MCC
6/11/2022,14:34:06,-44.41183452,169.9157845,576.6410589,0.4,Ben Dhu,Presence,MCC
6/11/2022,14:38:57,-44.39047816,169.8781875,579.7142629,0.6,Ben Dhu,Absence,NA
6/11/2022,14:42:08,-44.54499242,169.8074566,586.4374687,0.6,Ben Dhu,Absence,NA
6/11/2022,14:47:11,-44.41748687,169.8928862,584.178925,0.4,Ben Dhu,Absence,NA
6/11/2022,14:51:03,-44.44200508,169.9225304,586.620798,0.4,Ben Dhu,Absence,NA
7/11/2022,14:03:03,-44.23731491,170.0691548,423.0651163,0.6,Ruataniwha wetlands,Presence,MCC
7/11/2022,14:10:02,-44.32179096,170.0669038,419.7529111,0.6,Ruataniwha wetlands,Presence,MCC
7/11/2022,14:10:53,-44.30643042,170.0297821,420.0208067,0.4,Ruataniwha wetlands,Presence,MCC
7/11/2022,14:18:15,-44.33899501,170.1004662,422.4045607,0.4,Ruataniwha wetlands,Presence,MCC
7/11/2022,14:23:56,-44.27847845,170.0956388,422.1469735,0.8,Ruataniwha wetlands,Absence,NA
7/11/2022,14:29:33,-44.21003576,170.168912,423.0372516,0.6,Ruataniwha wetlands,Presence,MCC
7/11/2022,14:35:29,-44.2920077,170.1969652,420.5546697,1.2,Ruataniwha wetlands,Presence,MCC
7/11/2022,14:40:25,-44.24225988,170.046737,427.7179654,0.6,Ruataniwha wetlands,Presence,MCC
7/11/2022,14:45:54,-44.1805174,170.1434665,423.4356714,0.4,Ruataniwha wetlands,Presence,MCC
7/11/2022,14:54:14,-44.23531876,170.0983553,425.2580192,0.6,Ruataniwha wetlands,Presence,MCC
7/11/2022,15:07:08,-44.31655608,170.0691919,426.9226294,0.6,Ruataniwha wetlands,Presence,MCC
7/11/2022,15:16:17,-44.1761363,170.0863363,431.8619156,0.4,Ruataniwha wetlands,Presence,MCC
7/11/2022,15:16:17,-44.24914802,170.1490368,431.8619156,0.4,Ruataniwha wetlands,Presence,MCC
7/11/2022,15:16:17,-44.30815759,170.1887995,431.8619156,0.4,Ruataniwha wetlands,Presence,MCC
7/11/2022,15:16:17,-44.38586083,170.1716741,431.8619156,0.4,Ruataniwha wetlands,Presence,MCC
7/11/2022,15:49:00,-44.41850561,170.1886421,425.0099191,0.6,Ruataniwha wetlands,Presence,MCC
7/11/2022,15:50:35,-44.39990788,170.0733214,423.724423,0.6,Ruataniwha wetlands,Presence,MCC
7/11/2022,16:32:56,-44.36152305,170.0143772,436.9981267,0.4,Ruataniwha wetlands,Presence,MCC
7/11/2022,16:33:47,-44.18875165,170.1858634,441.4068657,0.4,Ruataniwha wetlands,Presence,MCC
7/11/2022,16:40:17,-44.26397637,170.1194663,438.2600433,0.4,Ruataniwha wetlands,Presence,MCC
7/11/2022,16:46:39,-44.41183017,170.1349214,435.4142935,0.4,Ruataniwha wetlands,Absence,NA
8/11/2022,8:43:23,-44.27563616,170.1691269,612.2330632,0.8,Pukaki kettleholes,Presence,MCC
8/11/2022,8:46:10,-44.13861359,170.2163223,596.450115,0.6,Pukaki kettleholes,Presence,MCC
8/11/2022,8:52:08,-44.08614874,170.1080295,593.9036215,0.4,Pukaki kettleholes,Absence,NA
8/11/2022,8:57:59,-44.24023215,170.2309108,602.3405913,0.4,Pukaki kettleholes,Presence,MCC
8/11/2022,9:00:04,-44.26625053,170.2542536,599.2738815,0.4,Pukaki kettleholes,Presence,MCC
8/11/2022,9:00:36,-44.17834317,170.1280067,601.3077159,0.4,Pukaki kettleholes,Presence,MCC
8/11/2022,9:09:20,-44.16830546,170.1327905,607.5081274,0.4,Pukaki kettleholes,Absence,NA
8/11/2022,9:13:22,-44.06189349,170.1318695,607.872319,0.4,Pukaki kettleholes,Absence,NA
8/11/2022,9:18:45,-44.25169341,170.211319,616.2942146,0.4,Pukaki kettleholes,Presence,MCC
8/11/2022,9:24:00,-44.28239399,170.1734378,598.787829,0.4,Pukaki kettleholes,Absence,NA
8/11/2022,9:32:01,-44.29686568,170.2328128,600.4570642,0.6,Pukaki kettleholes,Presence,MCC
8/11/2022,9:44:52,-44.05282623,170.0935017,583.7595669,0.4,Pukaki kettleholes,Presence,MCC
8/11/2022,9:54:28,-44.28456848,170.0949039,575.8886962,0.4,Pukaki kettleholes,Presence,MCC
8/11/2022,10:02:46,-44.18583485,170.0905122,581.1024332,0.6,Pukaki kettleholes,Absence,NA
8/11/2022,10:06:42,-44.2410202,170.1128488,569.5472378,0.4,Pukaki kettleholes,Absence,NA
8/11/2022,10:12:54,-44.28368543,170.1094705,590.3852627,0.6,Pukaki kettleholes,Presence,MCC
8/11/2022,10:21:36,-44.13059135,170.2094303,608.4473883,0.4,Pukaki kettleholes,Absence,NA
8/11/2022,10:27:30,-44.22228163,170.2183181,591.7669379,0.6,Pukaki kettleholes,Presence,MCC
8/11/2022,10:41:38,-44.28383941,170.1496336,594.9337576,0.6,Pukaki kettleholes,Presence,MCC
8/11/2022,10:42:09,-44.17389782,170.1323945,594.4360969,0.4,Pukaki kettleholes,Presence,MCC
8/11/2022,10:54:48,-44.29770187,170.1275324,597.7874323,0.4,Pukaki kettleholes,Presence,MCC
8/11/2022,11:00:51,-44.04929087,170.1773775,586.8465918,0.4,Pukaki kettleholes,Presence,MCC
12/11/2022,11:06:32,-44.4001748,169.8730208,600.2144298,0.8,Wairepo kettleholes,Presence,GRA
12/11/2022,11:14:28,-44.24868977,169.8617698,603.3680296,0.6,Wairepo kettleholes,Absence,NA
12/11/2022,11:23:56,-44.28032983,169.9619096,596.2570206,0.4,Wairepo kettleholes,Presence,GRA
12/11/2022,11:33:55,-44.31979318,169.8230841,596.178022,0.4,Wairepo kettleholes,Presence,GRA
12/11/2022,11:37:36,-44.41318588,169.9668097,595.4570975,0.4,Wairepo kettleholes,Presence,GRA
12/11/2022,11:44:27,-44.38808158,169.9609452,596.5986305,0.6,Wairepo kettleholes,Absence,NA
12/11/2022,11:50:01,-44.49856429,169.8264963,611.2237256,0.6,Wairepo kettleholes,Absence,NA
12/11/2022,11:58:46,-44.25137365,169.9150433,595.1081522,0.4,Wairepo kettleholes,Presence,MCC
12/11/2022,12:11:15,-44.34113616,169.84553,601.2478281,0.4,Wairepo kettleholes,Presence,MCC
12/11/2022,12:21:42,-44.25388506,169.9353835,600.2513107,0.4,Wairepo kettleholes,Absence,NA
12/11/2022,12:29:38,-44.48181694,169.9773532,603.427274,0.4,Wairepo kettleholes,Absence,NA
12/11/2022,12:37:29,-44.25019466,169.8403542,605.1591891,0.4,Wairepo kettleholes,Presence,GRA
12/11/2022,13:01:12,-44.27466715,169.8181001,589.9036273,0.4,Wairepo kettleholes,Presence,MCC
12/11/2022,13:01:44,-44.28575649,169.9880812,590.215822,0.4,Wairepo kettleholes,Presence,GRA
12/11/2022,13:19:16,-44.37730103,169.8883294,595.7668222,0.4,Wairepo kettleholes,Presence,GRA
12/11/2022,13:25:48,-44.29313349,169.9168676,595.8386042,0.4,Wairepo kettleholes,Absence,NA
12/11/2022,13:39:21,-44.40110516,169.8620779,594.8625188,0.4,Wairepo kettleholes,Presence,GRA
12/11/2022,13:55:26,-44.4757325,169.9279805,599.5497961,0.4,Wairepo kettleholes,Absence,NA
12/11/2022,14:04:10,-44.40468639,169.8707093,602.331296,0.4,Wairepo kettleholes,Presence,MCC
12/11/2022,14:07:29,-44.32450932,169.9066879,603.4498396,0.4,Wairepo kettleholes,Presence,GRA
12/11/2022,14:13:03,-44.28917192,169.8683545,598.3084161,0.4,Wairepo kettleholes,Absence,NA
12/11/2022,15:41:47,-44.3187408,169.968735,592.4846643,0.6,Wairepo kettleholes,Absence,NA
12/11/2022,15:45:47,-44.23779445,169.8299595,590.1574114,0.6,Wairepo kettleholes,Absence,NA
12/11/2022,15:50:34,-44.32605309,169.8382356,589.0614458,0.4,Wairepo kettleholes,Absence,NA
12/11/2022,15:53:59,-44.25473623,169.8480834,592.0706655,0.6,Wairepo kettleholes,Absence,NA
12/11/2022,16:01:03,-44.40853533,169.9469147,588.023698,0.6,Wairepo kettleholes,Presence,MCC
12/11/2022,16:04:09,-44.49253508,169.8262443,589.3064675,0.6,Wairepo kettleholes,Absence,NA
12/11/2022,16:17:33,-44.24632124,169.9795972,586.7462631,0.6,Wairepo kettleholes,Absence,NA
12/11/2022,16:22:10,-44.26246828,169.835191,587.3914145,0.4,Wairepo kettleholes,Absence,NA
12/11/2022,16:28:13,-44.42569192,169.9790211,588.9857239,0.6,Wairepo kettleholes,Absence,NA
12/11/2022,16:36:04,-44.24574826,169.9551065,587.345683,0.6,Wairepo kettleholes,Presence,MCC
12/11/2022,16:37:48,-44.48162033,169.8748081,585.5909034,0.8,Wairepo kettleholes,Presence,MCC
12/11/2022,16:42:28,-44.40032246,169.8398839,585.104312,0.6,Wairepo kettleholes,Absence,NA
12/11/2022,16:45:50,-44.33508965,169.9031056,588.1309215,0.8,Wairepo kettleholes,Absence,NA
12/11/2022,17:05:55,-44.38388173,169.8238448,596.164591,0.4,Wairepo kettleholes,Presence,MCC
12/11/2022,17:12:30,-44.36669269,169.8416961,596.2671536,0.4,Wairepo kettleholes,Absence,NA
12/11/2022,17:15:28,-44.24839068,169.8027144,593.4247291,0.6,Wairepo kettleholes,Absence,NA
12/11/2022,17:19:59,-44.48144956,169.9057863,593.4186309,0.6,Wairepo kettleholes,Absence,NA
13/11/2022,11:23:05,-44.31490661,169.8952818,596.6663299,0.4,Wairepo kettleholes,Absence,NA
13/11/2022,11:30:05,-44.42381239,169.8063644,597.7347896,0.6,Wairepo kettleholes,Absence,NA
13/11/2022,11:35:32,-44.25538375,169.8782172,602.859592,0.6,Wairepo kettleholes,Absence,NA
13/11/2022,11:41:01,-44.39527822,169.8249892,596.8898805,0.6,Wairepo kettleholes,Absence,NA
13/11/2022,11:48:25,-44.34554474,169.9010824,595.1460651,0.6,Wairepo kettleholes,Presence,MCC
13/11/2022,11:53:07,-44.3586186,169.9654664,599.6784745,0.6,Wairepo kettleholes,Absence,NA
16/11/2022,8:21:09,-44.23115231,169.9235659,541.869941,3.2,Ōhau Downs,Absence,NA
16/11/2022,8:30:58,-44.2722822,169.9172849,539.3466437,3.2,Ōhau Downs,Absence,NA
16/11/2022,8:42:16,-44.29048268,169.9317465,549.5773693,0.6,Ōhau Downs,Absence,NA
16/11/2022,8:55:32,-44.29126801,169.9192318,549.2672893,0.6,Ōhau Downs,Absence,NA
16/11/2022,9:02:56,-44.32188578,170.0347374,549.0835361,0.6,Ōhau Downs,Absence,NA
16/11/2022,9:17:48,-44.28925826,169.9245901,552.0880643,0.6,Ōhau Downs,Absence,NA
16/11/2022,9:29:57,-44.21758554,169.9791944,554.9528043,0.6,Ōhau Downs,Absence,NA
16/11/2022,9:49:54,-44.31994978,169.9405685,555.0091876,0.6,Ōhau Downs,Absence,NA
16/11/2022,10:05:38,-44.36759121,169.9464349,561.1445047,0.4,Ōhau Downs,Absence,NA
16/11/2022,10:29:31,-44.32835223,169.9837632,565.7904079,0.6,Ōhau Downs,Absence,NA
16/11/2022,10:42:18,-44.28770068,169.9723459,562.8403844,1.2,Ōhau Downs,Absence,NA
16/11/2022,10:49:33,-44.34676659,169.9933657,561.9942633,0.4,Ōhau Downs,Absence,NA
16/11/2022,10:59:49,-44.31105736,170.0181199,563.8961849,0.6,Ōhau Downs,Absence,NA
16/11/2022,11:12:11,-44.25682185,169.8983682,566.6044521,1.2,Ōhau Downs,Absence,NA
16/11/2022,11:22:27,-44.26067646,169.9106597,560.3677315,2.4,Ōhau Downs,Absence,NA
16/11/2022,11:31:12,-44.22588816,169.8913658,563.4875816,2.4,Ōhau Downs,Absence,NA
16/11/2022,11:41:33,-44.36293057,169.8725148,575.844588,2.4,Ōhau Downs,Absence,NA
16/11/2022,12:03:04,-44.21030948,169.9539014,579.8032746,0.6,Ōhau Downs,Absence,NA
16/11/2022,12:10:14,-44.20234898,169.9032796,572.7543391,0.4,Ōhau Downs,Absence,NA
22/11/2022,7:38:01,-44.23958921,170.1054466,663,0.6,Pukaki Scientific Reserve,Absence,NA
22/11/2022,7:42:11,-44.03854674,170.1531142,663,0.6,Pukaki Scientific Reserve,Absence,NA
22/11/2022,7:51:27,-44.11991755,170.1397188,663,0.6,Pukaki Scientific Reserve,Absence,NA
22/11/2022,8:18:42,-44.10873334,170.1134036,663,0.6,Pukaki Scientific Reserve,Absence,NA
22/11/2022,8:26:18,-44.15305852,170.1335042,663,0.6,Pukaki Scientific Reserve,Absence,NA
22/11/2022,8:31:21,-44.22043745,170.125709,663,0.6,Pukaki Scientific Reserve,Absence,NA
22/11/2022,9:24:15,-44.12186927,170.1327623,663,0.6,Pukaki Scientific Reserve,Presence,GRA
22/11/2022,9:31:18,-44.21150294,170.0688447,663,0.6,Pukaki Scientific Reserve,Absence,NA
22/11/2022,9:37:51,-44.24533364,170.1678311,663,0.6,Pukaki Scientific Reserve,Absence,NA
22/11/2022,9:42:36,-44.21671262,170.1878233,663,0.6,Pukaki Scientific Reserve,Absence,NA
22/11/2022,9:51:01,-44.18547803,170.1169709,663,0.6,Pukaki Scientific Reserve,Absence,NA
22/11/2022,10:08:11,-44.20320343,170.0679635,663,0.6,Pukaki Scientific Reserve,Absence,NA
22/11/2022,10:11:14,-44.21660849,170.1749823,663,0.6,Pukaki Scientific Reserve,Absence,NA
22/11/2022,10:24:13,-44.16283611,170.129653,663,0.6,Pukaki Scientific Reserve,Presence,MCC
22/11/2022,10:29:37,-44.08612179,170.1716722,663,0.6,Pukaki Scientific Reserve,Absence,NA
22/11/2022,10:35:48,-44.07481412,170.047668,663,0.6,Pukaki Scientific Reserve,Absence,NA
22/11/2022,10:47:21,-44.10212429,170.1708272,663,0.6,Pukaki Scientific Reserve,Absence,NA
22/11/2022,10:52:47,-44.20768497,170.0397163,663,0.6,Pukaki Scientific Reserve,Presence,MCC
25/11/2022,9:23:06,-44.02214013,170.6741009,685,0.6,Burkes Pass,Presence,GRA
25/11/2022,9:23:06,-43.96900673,170.6146627,685,0.6,Burkes Pass,Presence,GRA
25/11/2022,9:34:01,-44.12507168,170.6397805,685,0.6,Burkes Pass,Presence,GRA
25/11/2022,9:46:01,-44.07932154,170.5760166,685,0.6,Burkes Pass,Absence,NA
25/11/2022,9:50:57,-44.04368495,170.5282409,685,0.6,Burkes Pass,Presence,MCC
25/11/2022,9:50:57,-44.00544076,170.6066066,685,0.6,Burkes Pass,Presence,MCC
25/11/2022,9:56:41,-44.06696403,170.5711896,685,0.6,Burkes Pass,Presence,MCC
25/11/2022,9:56:41,-44.21989282,170.532611,685,0.6,Burkes Pass,Presence,GRA
25/11/2022,9:56:41,-44.13863707,170.6244744,685,0.6,Burkes Pass,Presence,MCC
25/11/2022,9:56:41,-44.08724015,170.5334234,685,0.6,Burkes Pass,Presence,GRA
25/11/2022,9:59:22,-44.18673865,170.6658388,685,0.6,Burkes Pass,Absence,NA
25/11/2022,9:48:46,-44.20521978,170.5126568,685,0.6,Burkes Pass,Absence,NA
25/11/2022,9:51:42,-43.96702478,170.5064484,685,0.6,Burkes Pass,Absence,NA
25/11/2022,9:59:01,-44.10604942,170.5110661,685,0.6,Burkes Pass,Presence,MCC
25/11/2022,9:59:01,-44.05497263,170.6174705,685,0.6,Burkes Pass,Presence,MCC
25/11/2022,10:02:53,-44.1110247,170.5946804,685,0.6,Burkes Pass,Absence,NA
25/11/2022,10:05:12,-44.1390214,170.5325376,685,0.6,Burkes Pass,Presence,GRA
25/11/2022,10:05:12,-44.04358346,170.5243555,685,0.6,Burkes Pass,Presence,MCC
25/11/2022,10:13:22,-44.21240738,170.5628052,685,0.6,Burkes Pass,Presence,MCC
25/11/2022,10:13:22,-44.09274012,170.6191589,685,0.6,Burkes Pass,Presence,MCC
25/11/2022,10:13:22,-44.07535657,170.6142787,685,0.6,Burkes Pass,Presence,GRA
25/11/2022,10:19:10,-44.08941161,170.6618346,685,0.6,Burkes Pass,Absence,NA
25/11/2022,10:27:15,-44.2118772,170.5585164,685,0.6,Burkes Pass,Presence,MCC
25/11/2022,10:27:15,-44.1026472,170.6277306,685,0.6,Burkes Pass,Presence,GRA
25/11/2022,10:27:15,-44.0493263,170.5887518,685,0.6,Burkes Pass,Presence,GRA
25/11/2022,10:36:13,-44.0716515,170.5067465,685,0.6,Burkes Pass,Presence,MCC
25/11/2022,10:36:13,-44.21028866,170.6643791,685,0.6,Burkes Pass,Presence,MCC
25/11/2022,10:36:13,-44.09405922,170.5432106,685,0.6,Burkes Pass,Absence,NA
25/11/2022,10:44:57,-44.20302426,170.6569356,685,0.6,Burkes Pass,Presence,MCC
25/11/2022,10:44:57,-44.19765261,170.553665,685,0.6,Burkes Pass,Presence,MCC
25/11/2022,10:44:57,-44.20724817,170.6415374,685,0.6,Burkes Pass,Presence,GRA
25/11/2022,10:52:52,-43.97826832,170.5435031,685,0.6,Burkes Pass,Absence,NA
25/11/2022,1:24:56,-44.04728341,170.5496476,685,0.6,Burkes Pass,Presence,GRA
25/11/2022,11:01:24,-44.1480655,170.5032992,685,0.6,Burkes Pass,Presence,MCC
25/11/2022,11:17:32,-44.10067158,170.5743707,685,0.6,Burkes Pass,Absence,NA
25/11/2022,11:38:45,-44.16688191,170.6645261,685,0.6,Burkes Pass,Presence,GRA
25/11/2022,11:38:45,-43.97353534,170.6223222,685,0.6,Burkes Pass,Presence,MCC
25/11/2022,11:47:10,-43.97928071,170.5428954,685,0.6,Burkes Pass,Absence,NA
25/11/2022,12:01:47,-43.98938891,170.6552411,685,0.6,Burkes Pass,Presence,MCC
25/11/2022,12:14:30,-44.16221695,170.4922403,685,0.6,Burkes Pass,Presence,MCC
25/11/2022,12:14:30,-43.97574049,170.6463386,685,0.6,Burkes Pass,Presence,MCC
25/11/2022,12:14:30,-44.11253556,170.6166023,685,0.6,Burkes Pass,Presence,MCC
25/11/2022,12:19:18,-44.15212808,170.5561706,685,0.6,Burkes Pass,Presence,GRA
25/11/2022,12:24:59,-43.99400159,170.6459262,685,0.6,Burkes Pass,Absence,NA
25/11/2022,11:58:24,-44.11183827,170.537852,685,0.6,Burkes Pass,Absence,NA
25/11/2022,12:31:07,-44.13198094,170.6395808,685,0.6,Burkes Pass,Presence,MCC
25/11/2022,12:31:07,-44.09345224,170.5344397,685,0.6,Burkes Pass,Presence,GRA
25/11/2022,12:50:16,-44.17389173,170.5581463,685,0.6,Burkes Pass,Presence,MCC
25/11/2022,13:01:23 am,-44.14488419,170.5985585,685,0.6,Burkes Pass,Presence,GRA
25/11/2022,13:06:51 am,-44.20967537,170.6266063,685,0.6,Burkes Pass,Absence,NA
25/11/2022,13:11:28 am,-44.12914736,170.6388293,685,0.6,Burkes Pass,Presence,GRA
25/11/2022,13:24:52 am,-43.98468931,170.6490577,685,0.6,Burkes Pass,Presence,GRA
25/11/2022,12:53:47,-44.11682137,170.5574582,685,0.6,Burkes Pass,Absence,NA
25/11/2022,13:10:00 am,-44.0210166,170.5700696,685,0.6,Burkes Pass,Presence,GRA
25/11/2022,12:33:29,-44.01783641,170.5753025,685,0.6,Burkes Pass,Presence,GRA
25/11/2022,12:48:33,-44.02169304,170.5158884,685,0.6,Burkes Pass,Presence,GRA
25/11/2022,12:48:33,-43.97011259,170.6517145,685,0.6,Burkes Pass,Presence,GRA
25/11/2022,13:09:39 am,-44.02238243,170.6543681,685,0.6,Burkes Pass,Presence,GRA
25/11/2022,13:21:29 am,-44.08914507,170.5532207,685,0.6,Burkes Pass,Absence,NA
25/11/2022,9:21:04,-44.02282256,170.6015842,685,0.6,Burkes Pass,Absence,NA
25/11/2022,9:34:28,-44.20489344,170.6502165,685,0.6,Burkes Pass,Presence,MCC
25/11/2022,9:34:28,-44.21638486,170.6661158,685,0.6,Burkes Pass,Presence,MCC
25/11/2022,14:24:31,-44.02447335,170.6674304,685,0.6,Burkes Pass,Absence,NA
25/11/2022,9:14:54,-44.00783531,170.6601801,685,0.6,Burkes Pass,Absence,NA
6/12/2022,7:34:00,-44.34187844,169.8643071,545,0.6,Ōhau Downs,Presence,MCC
6/12/2022,8:05:33,-44.38111591,169.8857801,564,0.6,Ōhau Downs,Absence,NA
6/12/2022,8:29:21,-44.29435049,170.0301394,565,0.6,Ōhau Downs,Presence,MCC
6/12/2022,8:39:14,-44.20370676,169.8722459,567,0.6,Ōhau Downs,Presence,MCC
6/12/2022,8:53:48,-44.33228861,169.9775345,574,0.6,Ōhau Downs,Presence,MCC
6/12/2022,8:53:48,-44.35596255,170.0317685,574,0.6,Ōhau Downs,Presence,GRA
6/12/2022,9:00:56,-44.20383336,169.9255703,578,0.6,Ōhau Downs,Absence,NA
6/12/2022,9:07:37,-44.26650386,169.9658261,576,0.6,Ōhau Downs,Presence,MCC
6/12/2022,9:13:58,-44.24745129,169.9355404,555,0.6,Ōhau Downs,Absence,NA
6/12/2022,9:18:33,-44.2388978,169.8861922,595,0.6,Ōhau Downs,Presence,MCC
6/12/2022,9:18:33,-44.31310952,169.8940437,595,0.6,Ōhau Downs,Presence,MCC
6/12/2022,9:30:26,-44.40265107,170.0114981,555,0.6,Ōhau Downs,Presence,MCC
6/12/2022,9:41:54,-44.31885851,170.0262988,561,0.6,Ōhau Downs,Presence,MCC
6/12/2022,9:46:44,-44.26899259,169.9664737,570,0.6,Ōhau Downs,Presence,MCC
6/12/2022,9:57:37,-44.1712434,169.9478891,566,0.6,Ōhau Downs,Presence,MCC
6/12/2022,10:05:01,-44.40151147,169.9977329,566,0.6,Ōhau Downs,Presence,MCC
6/12/2022,10:14:05,-44.17963817,169.8711932,592,0.6,Ōhau Downs,Presence,MCC
6/12/2022,10:21:34,-44.18365337,169.9374589,570,0.6,Ōhau Downs,Absence,NA
6/12/2022,10:39:54,-44.29710109,169.9672657,567,0.6,Ōhau Downs,Presence,MCC
6/12/2022,10:42:07,-44.27476881,169.9311798,525,0.6,Ōhau Downs,Absence,NA
6/12/2022,10:51:42,-44.36170901,169.9985049,519,0.6,Ōhau Downs,Absence,NA
6/12/2022,11:04:51,-44.18860418,170.0075527,519,0.6,Ōhau Downs,Presence,MCC
6/12/2022,11:18:40,-44.22337842,169.9430638,531,0.6,Ōhau Downs,Absence,NA
6/12/2022,11:24:06,-44.27011422,169.927872,523,0.6,Ōhau Downs,Absence,NA
6/12/2022,2:38:08,-44.29198959,169.8576134,532,0.6,Ōhau Downs,Presence,MCC
6/12/2022,2:33:42,-44.30372961,169.9567461,545,0.6,Ōhau Downs,Absence,NA
6/12/2022,2:24:04,-44.2322717,169.9629638,529,0.6,Ōhau Downs,Presence,SAG
6/12/2022,2:18:20,-44.19534473,169.8911925,529,0.6,Ōhau Downs,Absence,NA
6/12/2022,12:30:00,-44.23747157,169.8599501,527,0.6,Ōhau Downs,Absence,NA
6/12/2022,1:29:31,-44.35948874,169.9076456,577,0.6,Ōhau Downs,Absence,NA
6/12/2022,1:36:41,-44.29802212,169.936924,537,0.6,Ōhau Downs,Absence,NA
6/12/2022,1:59:00,-44.22890445,169.8664634,536,0.6,Ōhau Downs,Absence,NA
6/12/2022,1:54:42,-44.2774471,169.9598425,534,0.6,Ōhau Downs,Absence,NA
6/12/2022,1:47:11,-44.39635602,169.9728822,537,0.6,Ōhau Downs,Absence,NA
6/12/2022,1:39:00,-44.30074466,169.9724892,542,0.6,Ōhau Downs,Absence,NA
6/12/2022,1:30:41,-44.26163213,169.9730492,581,0.6,Ōhau Downs,Presence,MCC
6/12/2022,1:23:19,-44.18679177,169.9875412,570,0.6,Ōhau Downs,Presence,MCC
6/12/2022,1:12:10,-44.38577926,169.8807498,579,0.6,Ōhau Downs,Presence,MCC
6/12/2022,12:53:26,-44.32954281,170.0104113,574,0.6,Ōhau Downs,Presence,MCC
6/12/2022,12:38:49,-44.3940404,169.9433312,544,0.6,Ōhau Downs,Presence,MCC
9/12/2022,9:34:18,-44.06274477,170.4047666,752.359822,0.4,Tekapo scientific reserve,Presence,MCC
9/12/2022,9:39:55,-44.05372896,170.4571789,751.9205892,0.4,Tekapo scientific reserve,Presence,MCC
9/12/2022,9:53:40,-43.93386937,170.4367798,755.8686656,0.4,Tekapo scientific reserve,Presence,MCC
9/12/2022,10:01:01,-44.09456348,170.572676,754.2822365,0.4,Tekapo scientific reserve,Absence,NA
9/12/2022,10:08:14,-44.04814315,170.5398899,760.9585672,0.4,Tekapo scientific reserve,Absence,NA
9/12/2022,10:13:42,-43.90040626,170.540533,764.3022918,0.4,Tekapo scientific reserve,Absence,NA
9/12/2022,10:19:16,-44.08486605,170.4640965,767.7576871,0.4,Tekapo scientific reserve,Absence,NA
9/12/2022,10:27:33,-43.89837691,170.5050065,775.8821487,0.4,Tekapo scientific reserve,Presence,MCC
9/12/2022,10:45:42,-44.09526275,170.5071793,776.405127,0.4,Tekapo scientific reserve,Presence,MCC
9/12/2022,10:48:13,-43.89515223,170.4538355,776.395319,0.4,Tekapo scientific reserve,Presence,MCC
9/12/2022,10:56:11,-43.89251223,170.5425281,774.8031188,0.4,Tekapo scientific reserve,Absence,NA
9/12/2022,11:09:00,-44.11961747,170.492904,775.3328321,0.4,Tekapo scientific reserve,Presence,MCC
9/12/2022,11:20:51,-43.91055711,170.4458258,774.6731025,0.4,Tekapo scientific reserve,Presence,MCC
9/12/2022,11:27:02,-43.91972831,170.4895955,768.4940646,0.4,Tekapo scientific reserve,Absence,NA
9/12/2022,11:35:19,-43.91079729,170.4871287,762.3411612,0.4,Tekapo scientific reserve,Presence,MCC
9/12/2022,11:58:53,-44.12181427,170.4318432,759.7942016,0.4,Tekapo scientific reserve,Absence,NA
9/12/2022,12:07:24,-44.13686391,170.3957974,752.6192016,0.4,Tekapo scientific reserve,Presence,MCC
9/12/2022,12:15:09,-44.12128495,170.5588894,756.1981054,0.6,Tekapo scientific reserve,Absence,NA
9/12/2022,12:19:20,-44.1043085,170.4328055,753.9089479,0.4,Tekapo scientific reserve,Absence,NA
9/12/2022,12:25:23,-44.11201088,170.3993504,744.0013053,0.4,Tekapo scientific reserve,Absence,NA
9/12/2022,12:32:36,-44.07148917,170.4423935,745.8251337,0.4,Tekapo scientific reserve,Absence,NA
9/12/2022,12:37:42,-44.12756891,170.5748323,751.1774704,0.4,Tekapo scientific reserve,Absence,NA
9/12/2022,13:45:13,-43.95343748,170.5351001,743.7675133,0.4,Tekapo scientific reserve,Absence,NA
9/12/2022,13:52:12,-43.99351112,170.4639924,743.9434334,0.4,Tekapo scientific reserve,Absence,NA
9/12/2022,13:57:19,-44.07802259,170.5148134,738.6815527,0.4,Tekapo scientific reserve,Absence,NA
9/12/2022,14:02:49,-44.05333032,170.5742681,739.7618874,0.4,Tekapo scientific reserve,Absence,NA
9/12/2022,14:07:59,-44.16814672,170.4275634,732.9943867,0.4,Tekapo scientific reserve,Absence,NA
9/12/2022,14:17:58,-44.126152,170.4811556,729.1372077,0.4,Tekapo scientific reserve,Absence,NA
9/12/2022,14:22:46,-44.05946804,170.5229759,724.419814,0.4,Tekapo scientific reserve,Absence,NA
9/12/2022,14:30:02,-44.16783059,170.5210573,719.3213293,0.4,Tekapo scientific reserve,Absence,NA
9/12/2022,14:38:08,-44.05023167,170.4062508,719.5513144,0.6,Tekapo scientific reserve,Absence,NA
9/12/2022,14:42:18,-44.04324798,170.4352358,720.388171,0.4,Tekapo scientific reserve,Absence,NA
9/12/2022,14:50:47,-43.98990056,170.5366542,721.6186255,0.4,Tekapo scientific reserve,Absence,NA
9/12/2022,14:54:08,-44.0191666,170.5276916,722.5818299,0.4,Tekapo scientific reserve,Absence,NA
9/12/2022,15:02:08,-43.96171268,170.443727,729.0836526,0.4,Tekapo scientific reserve,Absence,NA
9/12/2022,15:06:22,-44.08601233,170.4277329,730.5009249,0.4,Tekapo scientific reserve,Absence,NA
9/12/2022,15:14:38,-44.12223424,170.5657205,726.7271215,0.4,Tekapo scientific reserve,Absence,NA
9/12/2022,15:21:19,-44.1251142,170.4676678,732.8261669,0.4,Tekapo scientific reserve,Absence,NA
9/12/2022,15:32:01,-43.96828215,170.4252619,734.2470446,0.4,Tekapo scientific reserve,Absence,NA
9/12/2022,15:43:29,-43.94765162,170.5349564,739.4657325,0.4,Tekapo scientific reserve,Absence,NA
12/12/2022,13:09:16,-44.10763543,170.3725237,697.1816241,0.8,Tekapo scientific reserve,Absence,NA
12/12/2022,13:12:13,-44.10624877,170.5006734,683.924081,3.2,Tekapo scientific reserve,Absence,NA
12/12/2022,13:20:31,-43.97173351,170.4465721,685.5645215,0.8,Tekapo scientific reserve,Presence,MCC
12/12/2022,13:24:57,-44.07330251,170.5213861,690.7622532,1.2,Tekapo scientific reserve,Presence,MCC
12/12/2022,13:41:10,-44.12700655,170.4505872,701.0523553,0.6,Tekapo scientific reserve,Absence,NA
12/12/2022,13:53:17,-44.14873178,170.5148515,691.5246928,0.8,Tekapo scientific reserve,Presence,MCC
12/12/2022,13:58:31,-44.15023949,170.509821,686.9774184,3.2,Tekapo scientific reserve,Absence,NA
12/12/2022,14:10:32,-43.91669686,170.4523739,731.4786744,1.2,Tekapo scientific reserve,Presence,MCC
12/12/2022,14:13:11,-44.02915881,170.5150336,738.8734442,0.6,Tekapo scientific reserve,Presence,MCC
12/12/2022,14:23:13,-43.91259147,170.5312754,717.5189652,0.6,Tekapo scientific reserve,Presence,MCC
12/12/2022,14:23:38,-44.06617788,170.3898773,729.5024632,1.6,Tekapo scientific reserve,Presence,MCC
12/12/2022,14:30:26,-43.95294604,170.4020699,744.7520256,1.6,Tekapo scientific reserve,Absence,NA
12/12/2022,14:36:11,-43.95621842,170.5036543,738.7633668,0.6,Tekapo scientific reserve,Absence,NA
12/12/2022,14:41:38,-44.08640869,170.4363367,721.5458316,0.8,Tekapo scientific reserve,Absence,NA
12/12/2022,14:52:46,-43.95733723,170.5264509,750.1212861,0.6,Tekapo scientific reserve,Absence,NA
12/12/2022,15:28:39,-44.03634292,170.5672826,758.0714577,1.2,Tekapo scientific reserve,Presence,MCC
12/12/2022,15:36:40,-43.93414684,170.4396806,752.6188959,0.8,Tekapo scientific reserve,Presence,MCC
12/12/2022,15:38:26,-43.99755589,170.4413769,762.463052,0.8,Tekapo scientific reserve,Presence,MCC
12/12/2022,15:45:55,-44.13452238,170.4711008,774.5766967,0.8,Tekapo scientific reserve,Presence,MCC
12/12/2022,15:48:49,-44.06487753,170.4615083,746.5279007,0.8,Tekapo scientific reserve,Presence,MCC
12/12/2022,15:54:56,-44.05677272,170.5355644,765.9464325,1.2,Tekapo scientific reserve,Presence,MCC
12/12/2022,15:56:21,-43.94436327,170.4971446,746.9390991,3.2,Tekapo scientific reserve,Presence,MCC
12/12/2022,16:05:30,-43.93288262,170.535694,778.6892003,2.4,Tekapo scientific reserve,Presence,MCC
12/12/2022,16:15:51,-44.13988777,170.3836883,746.9161727,0.4,Tekapo scientific reserve,Presence,MCC
12/12/2022,16:16:05,-44.02329562,170.399962,697.8011958,3.2,Tekapo scientific reserve,Absence,NA
13/12/2022,10:13:26,-43.9231991,170.4990102,731.1436401,1.6,Tekapo scientific reserve,Absence,NA
13/12/2022,10:31:14,-44.14154417,170.5057493,740.9429924,0.4,Tekapo scientific reserve,Absence,NA
13/12/2022,10:36:22,-43.9188581,170.4160648,741.7448368,0.4,Tekapo scientific reserve,Absence,NA
13/12/2022,10:44:16,-44.09161103,170.3970764,737.27432,0.4,Tekapo scientific reserve,Presence,MCC
13/12/2022,10:51:05,-44.14460592,170.5503444,740.8124743,0.4,Tekapo scientific reserve,Absence,NA
13/12/2022,10:57:35,-44.10659232,170.4706146,736.7555645,0.6,Tekapo scientific reserve,Absence,NA
13/12/2022,11:06:32,-44.09808586,170.4992724,729.6509999,0.4,Tekapo scientific reserve,Absence,NA
13/12/2022,11:14:07,-44.04362405,170.4034355,729.2254876,0.4,Tekapo scientific reserve,Absence,NA
13/12/2022,11:21:18,-44.01503086,170.4756682,732.4696766,0.6,Tekapo scientific reserve,Absence,NA
13/12/2022,11:31:55,-43.92017943,170.4601742,724.802963,0.4,Tekapo scientific reserve,Presence,MCC
13/12/2022,11:41:08,-44.07334647,170.3780148,725.8488925,0.4,Tekapo scientific reserve,Absence,NA
13/12/2022,11:49:20,-44.01831644,170.4442387,724.7633863,0.4,Tekapo scientific reserve,Presence,MCC
13/12/2022,11:58:46,-44.00639992,170.5481131,720.1912933,0.4,Tekapo scientific reserve,Absence,NA
13/12/2022,12:04:43,-44.06566205,170.4534207,723.3815366,0.4,Tekapo scientific reserve,Absence,NA
13/12/2022,12:11:40,-43.97629948,170.4663799,718.6142287,0.4,Tekapo scientific reserve,Absence,NA
13/12/2022,12:24:02,-44.10761282,170.4687491,709.7100136,0.4,Tekapo scientific reserve,Presence,MCC
13/12/2022,12:26:19,-44.14074326,170.5155724,711.0289182,0.4,Tekapo scientific reserve,Presence,MCC
13/12/2022,12:32:55,-43.91432839,170.380811,699.7316004,0.4,Tekapo scientific reserve,Presence,MCC
13/12/2022,12:45:01,-43.9933357,170.4035612,693.0524447,0.4,Tekapo scientific reserve,Presence,MCC
13/12/2022,12:49:57,-44.12313473,170.4737326,695.5247644,0.6,Tekapo scientific reserve,Absence,NA
15/12/2022,9:22:34,-44.17575214,170.3882929,710.9091336,0.4,Pattersons,Presence,MCC
15/12/2022,9:32:20,-43.964708,170.4821668,703.2358856,0.4,Pattersons,Absence,NA
15/12/2022,9:44:01,-43.94238544,170.465462,698.6579293,0.4,Pattersons,Absence,NA
15/12/2022,9:57:10,-44.08243014,170.3804075,689.3539787,0.4,Pattersons,Absence,NA
15/12/2022,10:09:26,-44.16169666,170.4559167,707.1180856,0.4,Pattersons,Absence,NA
15/12/2022,10:27:51,-43.9827638,170.4067248,696.697399,0.4,Pattersons,Absence,NA
15/12/2022,10:39:26,-44.13366056,170.3782007,701.3083846,0.4,Pattersons,Absence,NA
15/12/2022,10:47:54,-44.14684959,170.3065012,700.9545313,0.4,Pattersons,Absence,NA
15/12/2022,10:57:27,-43.96888684,170.4640752,705.0749984,0.4,Pattersons,Absence,NA
15/12/2022,11:21:36,-43.98790635,170.4497227,693.9008187,0.4,Pattersons,Absence,NA
15/12/2022,11:26:11,-44.03564041,170.4515756,691.1503582,0.6,Pattersons,Absence,NA
15/12/2022,11:38:36,-44.17452114,170.3510977,687.1652035,0.4,Pattersons,Absence,NA
15/12/2022,11:49:07,-43.99957322,170.4551124,693.5184557,0.4,Pattersons,Absence,NA
15/12/2022,11:54:46,-43.93771718,170.4921898,699.3870173,0.6,Pattersons,Absence,NA
15/12/2022,12:00:28,-43.95609332,170.3593272,704.5397685,0.4,Pattersons,Absence,NA
15/12/2022,12:05:15,-44.05764543,170.4499674,705.4806442,0.4,Pattersons,Absence,NA
15/12/2022,12:09:56,-44.18547195,170.468254,702.4847488,0.4,Pattersons,Absence,NA
15/12/2022,12:27:08,-44.17336887,170.3989107,711.9461157,0.4,Pattersons,Presence,MCC
15/12/2022,12:58:03,-44.00264064,170.3520347,721.6433527,0.4,Pattersons,Absence,NA
15/12/2022,13:02:22,-44.00835555,170.4493122,727.7528279,0.4,Pattersons,Absence,NA
15/12/2022,13:06:26,-44.05349558,170.4575146,723.6061683,0.4,Pattersons,Absence,NA
15/12/2022,13:13:50,-44.04382389,170.4749988,732.9688316,0.4,Pattersons,Absence,NA
15/12/2022,13:21:09,-44.10521734,170.3357698,733.533632,0.4,Pattersons,Absence,NA
15/12/2022,13:28:14,-44.08202256,170.3530433,717.0941066,0.4,Pattersons,Absence,NA
15/12/2022,13:37:38,-44.06422706,170.4073962,718.0269114,0.4,Pattersons,Absence,NA
15/12/2022,13:46:42,-44.14240834,170.3483657,721.9903074,0.4,Pattersons,Absence,NA
15/12/2022,13:59:22,-44.0509638,170.4001314,711.7771595,0.4,Pattersons,Absence,NA
15/12/2022,14:04:07,-44.05502543,170.3571878,711.3989021,0.6,Pattersons,Absence,NA
15/12/2022,14:09:49,-43.98975986,170.4770583,709.1775911,0.4,Pattersons,Absence,NA
15/12/2022,14:15:58,-44.10697397,170.3883987,714.0843283,0.4,Pattersons,Absence,NA
15/12/2022,14:28:01,-43.95151048,170.3735819,705.5298051,0.4,Pattersons,Absence,NA
15/12/2022,14:32:46,-44.04064827,170.5027719,709.9241655,0.4,Pattersons,Absence,NA
15/12/2022,14:37:44,-44.10540325,170.3421076,712.4200636,0.6,Pattersons,Absence,NA
15/12/2022,14:44:25,-44.11208526,170.357353,708.2943368,0.4,Pattersons,Presence,MCC
15/12/2022,14:47:14,-44.16382365,170.4019552,708.2767048,0.4,Pattersons,Presence,MCC
15/12/2022,14:54:04,-44.03934705,170.3713592,713.7246915,0.4,Pattersons,Absence,NA
14/12/2022,13:39:37,-43.96396846,170.4577974,702.1948971,0.8,Pattersons,Absence,NA
14/12/2022,16:03:40,-44.0593338,170.3666493,726.1729409,0.8,Pattersons,Absence,NA
18/12/2022,9:01:27,-44.05509729,170.4349721,724.3418282,1.6,Pattersons,Presence,MCC
18/12/2022,9:05:13,-43.99269702,170.4387991,742.4777379,3.2,Pattersons,Presence,MCC
18/12/2022,9:11:05,-43.99078823,170.4068063,742.6155922,0.4,Pattersons,Absence,NA
18/12/2022,9:16:28,-44.04697927,170.4007197,731.3283704,0.8,Pattersons,Absence,NA
18/12/2022,9:22:26,-44.15139201,170.3892926,718.8916895,0.8,Pattersons,Absence,NA
18/12/2022,9:25:56,-44.14176679,170.3578161,735.2904607,0.4,Pattersons,Absence,NA
18/12/2022,9:31:58,-43.95727602,170.4223418,721.5614891,0.8,Pattersons,Absence,NA
18/12/2022,9:35:50,-43.96873593,170.373176,734.6244763,0.6,Pattersons,Absence,NA
18/12/2022,9:43:13,-43.97495027,170.4249236,729.6997567,1.6,Pattersons,Absence,NA
18/12/2022,9:53:40,-44.03571623,170.4447404,729.1993023,1.6,Pattersons,Absence,NA
18/12/2022,10:01:07,-43.97758287,170.3282849,725.1954,0.8,Pattersons,Absence,NA
18/12/2022,10:09:40,-44.03785323,170.3131872,705.6377228,1.2,Pattersons,Absence,NA
18/12/2022,10:14:20,-43.95946973,170.4582497,721.3113592,0.6,Pattersons,Absence,NA
18/12/2022,10:20:55,-43.92947177,170.4396302,722.71745,1.6,Pattersons,Absence,NA
18/12/2022,10:30:41,-44.00281667,170.4008731,741.0746194,2.4,Pattersons,Absence,NA
18/12/2022,10:42:07,-44.10932579,170.3052689,756.9113883,4.8,Pattersons,Absence,NA
18/12/2022,10:47:17,-44.04098447,170.412976,780.7783743,1.2,Pattersons,Absence,NA
18/12/2022,11:47:57,-44.16902315,170.3896228,741.7528947,0.8,Pattersons,Absence,NA
18/12/2022,11:59:07,-44.16954844,170.3724116,718.6660099,0.4,Pattersons,Absence,NA
18/12/2022,12:03:22,-44.13453912,170.4497154,713.8884129,1.6,Pattersons,Absence,NA
18/12/2022,12:07:38,-44.09410941,170.3089956,722.5736733,0.4,Pattersons,Absence,NA
18/12/2022,12:16:03,-44.11644988,170.3148842,704.209906,1.6,Pattersons,Absence,NA
18/12/2022,12:22:01,-43.93248913,170.3133628,716.757348,1.2,Pattersons,Absence,NA
18/12/2022,12:26:14,-44.10313486,170.4242564,712.8030516,0.8,Pattersons,Absence,NA
18/12/2022,12:32:57,-43.9631892,170.3054705,703.9013322,0.4,Pattersons,Absence,NA
18/12/2022,12:39:46,-43.96247426,170.3837694,695.4906514,2.4,Pattersons,Absence,NA
18/12/2022,12:46:56,-44.14473278,170.4625165,683.1668053,0.6,Pattersons,Absence,NA
18/12/2022,12:59:21,-44.02258748,170.3062934,714.8248926,0.4,Pattersons,Absence,NA
18/12/2022,13:10:01,-44.08174638,170.4021532,715.4798484,0.6,Pattersons,Presence,MCC
18/12/2022,13:19:40,-43.98351053,170.3482982,722.060737,0.4,Pattersons,Absence,NA
18/12/2022,13:28:02,-44.15095967,170.397207,716.480946,0.4,Pattersons,Absence,NA
18/12/2022,13:32:50,-44.07905122,170.3907691,715.2400981,0.6,Pattersons,Absence,NA
18/12/2022,13:39:07,-44.01260667,170.4202113,706.8935558,0.8,Pattersons,Absence,NA
18/12/2022,13:44:27,-43.96806713,170.4779738,718.4829628,0.4,Pattersons,Absence,NA
18/12/2022,13:48:28,-44.13677088,170.3253771,729.0243718,0.4,Pattersons,Absence,NA
18/12/2022,13:54:32,-44.00319474,170.36353,728.5136048,0.4,Pattersons,Absence,NA
18/12/2022,14:00:16,-44.14601571,170.3670101,677.8591788,0.4,Pattersons,Absence,NA
18/12/2022,14:04:43,-44.06664685,170.3281363,724.9213228,0.6,Pattersons,Absence,NA
18/12/2022,14:13:03,-44.11776372,170.4632616,719.4356742,0.6,Pattersons,Absence,NA
18/12/2022,14:20:00,-44.16019335,170.3852898,730.6022237,0.4,Pattersons,Absence,NA
27/12/2022,8:20:45,-43.99824366,170.3830869,754.0769704,6.4,Irishmans Creek,Absence,NA
27/12/2022,8:31:55,-44.10609777,170.3647009,780.2671971,0.4,Irishmans Creek,Absence,NA
27/12/2022,8:45:22,-44.13200727,170.3587684,790.8794873,1.6,Irishmans Creek,Presence,MCC
27/12/2022,8:59:07,-44.10903761,170.4281211,770.5726973,1.2,Irishmans Creek,Absence,NA
27/12/2022,9:13:03,-44.02347467,170.3680705,738.6073826,1.2,Irishmans Creek,Presence,GRA
27/12/2022,9:25:42,-44.13580703,170.3299532,743.8457949,1.6,Irishmans Creek,Presence,MCC
27/12/2022,9:32:39,-43.98715708,170.3624611,724.9628533,1.6,Irishmans Creek,Absence,NA
27/12/2022,9:53:58,-44.00644741,170.3457918,698.2147747,1.6,Irishmans Creek,Presence,MCC
27/12/2022,10:06:07,-44.16385183,170.3798948,697.734949,2.4,Irishmans Creek,Absence,NA
27/12/2022,10:13:01,-44.11910229,170.3749535,721.0981724,0.6,Irishmans Creek,Absence,NA
27/12/2022,10:26:55,-44.12502745,170.3945687,716.8759152,0.6,Irishmans Creek,Presence,MCC
27/12/2022,10:46:57,-44.16264272,170.4635528,719.8779608,0.6,Irishmans Creek,Presence,MCC
27/12/2022,10:58:07,-44.08914729,170.4127634,754.9487287,0.6,Irishmans Creek,Presence,MCC
27/12/2022,11:05:20,-43.93290814,170.3165937,754.8169422,1.2,Irishmans Creek,Absence,NA
27/12/2022,11:12:51,-43.94915785,170.3157763,739.4214348,1.6,Irishmans Creek,Absence,NA
27/12/2022,11:20:56,-44.08890959,170.4607081,737.5883859,0.6,Irishmans Creek,Presence,MCC
27/12/2022,11:25:28,-44.10885724,170.4121543,745.8888137,0.8,Irishmans Creek,Absence,NA
27/12/2022,11:30:01,-43.97708665,170.3011987,754.6038574,0.6,Irishmans Creek,Absence,NA
27/12/2022,11:36:10,-44.16085017,170.4433928,761.3303405,0.8,Irishmans Creek,Presence,MCC
27/12/2022,12:07:59,-43.90805322,170.4123274,757.3744513,0.6,Irishmans Creek,Presence,MCC
27/12/2022,12:07:59,-44.12151098,170.3618859,757.3744513,0.6,Irishmans Creek,Presence,MCC
27/12/2022,12:07:59,-44.1358919,170.3654715,757.3744513,0.6,Irishmans Creek,Presence,MCC
27/12/2022,12:07:59,-43.96719809,170.4513859,757.3744513,0.6,Irishmans Creek,Presence,MCC
27/12/2022,13:07:18,-43.97450106,170.4058831,793.3485482,1.6,Irishmans Creek,Presence,MCC
27/12/2022,13:11:57,-43.95447372,170.2774039,776.4508788,0.8,Irishmans Creek,Absence,NA
27/12/2022,13:16:53,-44.11593369,170.3998496,789.372669,0.6,Irishmans Creek,Absence,NA
27/12/2022,13:22:07,-44.09711594,170.3935654,770.4146888,1.2,Irishmans Creek,Absence,NA
27/12/2022,13:32:31,-44.09279054,170.403802,800.7156359,1.2,Irishmans Creek,Presence,GRA
27/12/2022,13:38:53,-44.14252547,170.3601827,792.5868356,1.2,Irishmans Creek,Absence,NA
27/12/2022,13:49:31,-43.9325169,170.4125469,751.3152888,2.4,Irishmans Creek,Absence,NA
27/12/2022,13:56:17,-44.03058963,170.2856741,730.2685719,0.6,Irishmans Creek,Absence,NA
27/12/2022,14:08:50,-44.10281295,170.3455364,767.0918808,0.6,Irishmans Creek,Absence,NA
27/12/2022,14:13:40,-43.92888784,170.3944595,726.8637795,1.6,Irishmans Creek,Absence,NA
27/12/2022,14:20:05,-44.10418122,170.3610067,755.5319352,0.8,Irishmans Creek,Absence,NA
27/12/2022,14:24:17,-44.11419705,170.4265517,747.1436332,1.2,Irishmans Creek,Absence,NA
27/12/2022,14:34:20,-43.98528896,170.390736,739.3257099,0.4,Irishmans Creek,Presence,MCC
27/12/2022,14:47:52,-43.92195837,170.3489484,750.6363592,0.8,Irishmans Creek,Absence,NA
27/12/2022,14:55:48,-44.11679547,170.4171324,758.4947119,1.2,Irishmans Creek,Absence,NA
27/12/2022,15:01:59,-43.9601006,170.4277498,770.7227541,0.8,Irishmans Creek,Absence,NA
27/12/2022,15:04:14,-44.02288273,170.3050092,778.70157,1.2,Irishmans Creek,Absence,NA
27/12/2022,15:09:55,-44.02757986,170.4115163,753.6010572,2.4,Irishmans Creek,Absence,NA
27/12/2022,15:14:51,-44.11731043,170.3106506,768.0728124,1.6,Irishmans Creek,Absence,NA
3/01/2023,8:13:14,-43.90628359,170.5954119,738.1959335,1.2,Te Kahui Kaupeka,Absence,NA
3/01/2023,8:17:42,-43.85046899,170.6517689,742.968143,0.8,Te Kahui Kaupeka,Absence,NA
3/01/2023,8:22:13,-43.80133408,170.6405718,743.4300662,1.6,Te Kahui Kaupeka,Absence,NA
3/01/2023,8:25:30,-43.82896125,170.6351669,735.894187,3.2,Te Kahui Kaupeka,Absence,NA
3/01/2023,8:38:08,-43.69528253,170.5027043,737.7235422,0.6,Te Kahui Kaupeka,Absence,NA
3/01/2023,8:45:51,-43.79248285,170.5026015,738.4464705,1.6,Te Kahui Kaupeka,Presence,MCC
3/01/2023,8:54:22,-43.8610286,170.5028184,744.1083742,0.6,Te Kahui Kaupeka,Absence,NA
3/01/2023,8:59:10,-43.70464431,170.6012,730.879115,1.2,Te Kahui Kaupeka,Absence,NA
3/01/2023,9:13:06,-43.7661674,170.6580772,734.6275057,1.6,Te Kahui Kaupeka,Presence,SAG
3/01/2023,9:27:11,-43.72506968,170.6290831,725.121836,0.6,Te Kahui Kaupeka,Absence,NA
3/01/2023,9:36:48,-43.72968262,170.4875845,731.0619436,0.8,Te Kahui Kaupeka,Presence,GRA
3/01/2023,9:44:23,-43.78812309,170.6168278,718.4224063,0.8,Te Kahui Kaupeka,Absence,NA
3/01/2023,9:54:02,-43.86776584,170.5923267,724.8245616,0.8,Te Kahui Kaupeka,Absence,NA
3/01/2023,10:01:14,-43.80082103,170.4792304,723.1565607,0.8,Te Kahui Kaupeka,Presence,MCC
3/01/2023,10:04:03,-43.8984094,170.5804453,742.2502156,3.2,Te Kahui Kaupeka,Presence,MCC
3/01/2023,10:11:44,-43.70065034,170.4880612,718.2622237,2.4,Te Kahui Kaupeka,Absence,NA
3/01/2023,10:18:27,-43.67507854,170.6232632,719.9955217,0.8,Te Kahui Kaupeka,Presence,MCC
3/01/2023,10:24:35,-43.69354041,170.5366565,733.5519057,0.6,Te Kahui Kaupeka,Absence,NA
3/01/2023,10:29:23,-43.70752854,170.622708,731.2951358,0.4,Te Kahui Kaupeka,Absence,NA
3/01/2023,10:38:53,-43.87659678,170.6232501,732.6313088,0.8,Te Kahui Kaupeka,Absence,NA
3/01/2023,10:44:24,-43.77610972,170.4832376,723.1451253,0.6,Te Kahui Kaupeka,Absence,NA
3/01/2023,10:51:04,-43.89605979,170.5390353,730.0638,2.4,Te Kahui Kaupeka,Absence,NA
3/01/2023,10:57:00,-43.83812051,170.5805914,727.661871,2.4,Te Kahui Kaupeka,Absence,NA
3/01/2023,11:00:40,-43.68001361,170.5315829,739.598753,0.6,Te Kahui Kaupeka,Absence,NA
3/01/2023,11:05:25,-43.88124896,170.5101966,726.3676303,0.8,Te Kahui Kaupeka,Absence,NA
3/01/2023,11:37:34,-43.91634878,170.4837333,741.6287965,1.2,Te Kahui Kaupeka,Presence,MCC
3/01/2023,11:44:17,-43.85170919,170.5997209,726.3088666,0.8,Te Kahui Kaupeka,Presence,MCC
3/01/2023,11:45:56,-43.82974541,170.5342861,726.2243994,0.8,Te Kahui Kaupeka,Presence,GRA
3/01/2023,11:53:09,-43.76350756,170.5993697,729.7352932,0.6,Te Kahui Kaupeka,Presence,MCC
3/01/2023,11:56:20,-43.77841175,170.5152266,723.6236558,0.6,Te Kahui Kaupeka,Presence,MCC
3/01/2023,12:09:01,-43.70324902,170.6005748,724.4314719,0.8,Te Kahui Kaupeka,Absence,NA
3/01/2023,12:12:20,-43.68936345,170.4814714,718.2832485,0.8,Te Kahui Kaupeka,Absence,NA
3/01/2023,12:24:27,-43.87198478,170.6359944,731.3294989,0.4,Te Kahui Kaupeka,Presence,GRA
3/01/2023,12:27:24,-43.83794625,170.6228335,733.5500602,1.2,Te Kahui Kaupeka,Presence,GRA
3/01/2023,12:29:17,-43.67372808,170.6390882,719.4672643,0.6,Te Kahui Kaupeka,Presence,GRA
3/01/2023,12:37:10,-43.73493096,170.5392943,708.6644366,0.8,Te Kahui Kaupeka,Presence,MCC
3/01/2023,12:38:44,-43.74782496,170.6066234,737.137038,1.2,Te Kahui Kaupeka,Presence,MCC
3/01/2023,12:44:55,-43.90747833,170.646643,732.3905212,0.8,Te Kahui Kaupeka,Absence,NA
3/01/2023,12:48:54,-43.7841163,170.6120527,727.3693844,0.6,Te Kahui Kaupeka,Absence,NA
3/01/2023,12:52:28,-43.68170749,170.5664829,732.7855779,1.2,Te Kahui Kaupeka,Absence,NA
3/01/2023,12:56:54,-43.78844423,170.5570251,743.0112339,0.6,Te Kahui Kaupeka,Absence,NA
3/01/2023,13:00:26,-43.84090906,170.4810647,728.7536438,0.6,Te Kahui Kaupeka,Absence,NA
3/01/2023,13:03:26,-43.88028435,170.6355519,726.4474564,0.6,Te Kahui Kaupeka,Absence,NA
3/01/2023,13:09:13,-43.87167246,170.6107324,782.5808074,0.6,Te Kahui Kaupeka,Presence,MCC
3/01/2023,13:21:43,-43.84364221,170.6048,735.0213547,0.8,Te Kahui Kaupeka,Absence,NA
5/01/2023,8:36:13,-43.90051132,170.4937542,744.1049912,0.6,Richmond,Absence,NA
5/01/2023,8:43:31,-43.93419471,170.5399944,739.8113362,0.4,Richmond,Presence,MCC
5/01/2023,8:54:03,-43.9355728,170.5528771,725.5518782,0.4,Richmond,Absence,NA
5/01/2023,9:11:43,-43.96997915,170.5152165,729.0477781,0.4,Richmond,Absence,NA
5/01/2023,9:18:16,-43.83229134,170.4846428,746.8038513,0.6,Richmond,Absence,NA
5/01/2023,9:23:36,-43.96707446,170.6012979,751.4365276,0.6,Richmond,Absence,NA
5/01/2023,9:28:47,-43.89786615,170.6014449,750.5865327,0.4,Richmond,Presence,MCC
5/01/2023,9:37:13,-43.97194358,170.520357,729.0222571,0.4,Richmond,Absence,NA
5/01/2023,9:43:54,-43.86638964,170.6142583,751.9023475,0.4,Richmond,Absence,NA
5/01/2023,9:55:22,-43.95187833,170.6419881,792.8963536,0.4,Richmond,Presence,MCC
5/01/2023,10:00:45,-43.81959965,170.5232014,789.9560779,0.4,Richmond,Presence,MCC
5/01/2023,10:10:26,-43.87288413,170.4776531,765.0541085,0.6,Richmond,Absence,NA
5/01/2023,10:19:00,-43.82255884,170.5335506,758.5145377,0.6,Richmond,Absence,NA
5/01/2023,10:24:57,-43.94833185,170.5738211,746.3152725,0.8,Richmond,Absence,NA
5/01/2023,10:40:28,-43.78502154,170.5443597,808.7186268,0.4,Richmond,Absence,NA
5/01/2023,10:58:15,-43.90220401,170.4888828,782.4834684,0.6,Richmond,Absence,NA
5/01/2023,11:06:44,-43.92348866,170.5557285,785.1194584,0.4,Richmond,Absence,NA
5/01/2023,11:12:06,-43.84315871,170.4773878,781.0032183,0.4,Richmond,Absence,NA
5/01/2023,11:20:32,-43.91357319,170.6023215,769.5941026,0.4,Richmond,Presence,MCC
5/01/2023,12:02:05,-43.80091363,170.6142255,795.8283613,1.2,Richmond,Absence,NA
5/01/2023,12:15:07,-43.87778886,170.5918645,779.378819,1.2,Richmond,Presence,MCC
5/01/2023,12:15:29,-43.82379113,170.5467805,782.2243679,1.6,Richmond,Absence,NA
5/01/2023,12:20:43,-43.8693286,170.535234,778.6356455,2.4,Richmond,Absence,NA
5/01/2023,12:24:23,-43.9657005,170.5451126,804.182802,0.8,Richmond,Absence,NA
5/01/2023,12:27:53,-43.78872194,170.4742938,754.1731407,0.8,Richmond,Presence,MCC
5/01/2023,12:32:17,-43.85110779,170.5625001,793.4650184,2.4,Richmond,Presence,MCC
5/01/2023,12:56:51,-43.7781592,170.5202358,755.5562393,1.6,Richmond,Presence,MCC
5/01/2023,12:58:27,-44.02183751,170.5622933,780.4986802,2.4,Richmond,Presence,RMM
5/01/2023,13:01:20,-43.84915039,170.6364723,779.2794561,0.6,Richmond,Presence,MCC
5/01/2023,13:07:01,-43.88477878,170.6381153,747.7784656,0.4,Richmond,Absence,NA
5/01/2023,13:11:31,-43.80200047,170.5887882,750.7946461,0.3,Richmond,Presence,GRA
5/01/2023,13:18:32,-43.81145087,170.4961123,736.3131875,0.6,Richmond,Presence,MCC
5/01/2023,13:31:16,-43.84209267,170.6251099,771.7331253,3.2,Richmond,Presence,MCC
5/01/2023,13:34:24,-43.86896924,170.5414891,757.9343254,2.4,Richmond,Presence,MCC
5/01/2023,13:39:04,-43.78474117,170.5611108,776.3646137,4.8,Richmond,Absence,NA
5/01/2023,13:42:20,-43.84591944,170.6037255,755.5937299,0.8,Richmond,Absence,NA
5/01/2023,13:48:50,-43.92220633,170.5573891,733.3964797,1.2,Richmond,Absence,NA
5/01/2023,13:51:56,-43.79445872,170.5015507,741.9317388,1.2,Richmond,Absence,NA
5/01/2023,13:54:54,-43.85172903,170.5898529,730.1109263,0.6,Richmond,Absence,NA
5/01/2023,13:59:52,-43.78567002,170.6084318,758.3391367,1.6,Richmond,Absence,NA
5/01/2023,14:08:47,-43.95877904,170.5943364,766.3352602,1.2,Richmond,Presence,MAC
4/01/2023,14:29:24,-43.95585277,170.5970609,775.0993629,1.6,Richmond,Absence,NA
10/01/2023,10:48:13,-44.1257529,170.2697263,834.3367135,1.2,Mt Mary,Absence,NA
10/01/2023,11:02:23,-44.13483854,170.1928392,866.5676449,0.4,Mt Mary,Presence,MCC
10/01/2023,11:04:15,-44.15767116,170.3433354,864.327572,0.4,Mt Mary,Presence,MCC
10/01/2023,11:44:06,-44.04267569,170.3558332,826.1756135,0.4,Mt Mary,Presence,MCC
10/01/2023,11:54:17,-44.13696901,170.3269649,851.0691718,0.4,Mt Mary,Absence,NA
10/01/2023,12:15:24,-44.07595377,170.3596064,799.6413052,0.4,Mt Mary,Presence,MCC
10/01/2023,12:18:02,-44.23455985,170.3461357,798.7231676,0.4,Mt Mary,Presence,MCC
10/01/2023,12:19:55,-44.11562709,170.1931585,798.0186207,0.4,Mt Mary,Presence,MCC
10/01/2023,12:32:31,-44.15404687,170.3286273,759.8071875,0.4,Mt Mary,Presence,MCC
10/01/2023,12:32:31,-44.14577273,170.1981305,759.8071875,0.4,Mt Mary,Presence,MCC
10/01/2023,12:32:31,-44.22647535,170.2744641,759.8071875,0.4,Mt Mary,Presence,MCC
10/01/2023,12:44:05,-44.08277366,170.2772911,779.5783217,0.6,Mt Mary,Presence,GRA
10/01/2023,12:46:30,-44.21064193,170.2161271,779.4011586,0.4,Mt Mary,Presence,GRA
10/01/2023,12:48:55,-44.05110101,170.2586271,779.899132,0.4,Mt Mary,Presence,GRA
10/01/2023,12:58:08,-44.2023098,170.2217512,785.5448566,0.4,Mt Mary,Presence,MCC
10/01/2023,12:58:08,-44.18035238,170.3433664,785.5448566,0.4,Mt Mary,Presence,MCC
10/01/2023,13:06:07,-44.02862904,170.336119,794.6294606,0.4,Mt Mary,Presence,MCC
10/01/2023,13:07:17,-44.10782714,170.2787924,794.6922584,0.4,Mt Mary,Presence,MCC
10/01/2023,13:08:51,-44.03582885,170.2439343,794.0683595,0.4,Mt Mary,Presence,GRA
10/01/2023,13:10:04,-44.20848936,170.2425871,794.0703957,0.4,Mt Mary,Presence,GRA
10/01/2023,13:11:00,-44.0197159,170.1835192,794.2674993,0.4,Mt Mary,Presence,GRA
10/01/2023,13:17:22,-44.04585461,170.259854,805.6398316,0.4,Mt Mary,Presence,MCC
10/01/2023,13:17:22,-44.16791325,170.2158417,805.6398316,0.4,Mt Mary,Presence,MCC
10/01/2023,13:17:22,-44.04187513,170.2086828,805.6398316,0.4,Mt Mary,Presence,MCC
10/01/2023,13:30:57,-44.20422723,170.2180305,829.0219289,0.4,Mt Mary,Presence,MCC
10/01/2023,13:30:57,-44.23044155,170.251012,829.0219289,0.4,Mt Mary,Presence,MCC
10/01/2023,13:30:57,-44.05495106,170.3479715,829.0219289,0.4,Mt Mary,Presence,MCC
10/01/2023,13:30:57,-44.00666626,170.3598153,829.0219289,0.4,Mt Mary,Presence,GRA
10/01/2023,13:37:11,-44.20449543,170.1946814,834.4533716,0.4,Mt Mary,Presence,MCC
10/01/2023,13:44:38,-44.10403884,170.205136,841.2063153,0.4,Mt Mary,Presence,MCC
10/01/2023,13:44:38,-44.20044517,170.2213618,841.2063153,0.4,Mt Mary,Presence,MCC
10/01/2023,13:44:38,-43.98710009,170.2875208,841.2063153,0.4,Mt Mary,Presence,MCC
10/01/2023,13:44:38,-44.03167905,170.3389678,841.2063153,0.4,Mt Mary,Presence,GRA
10/01/2023,15:03:52,-44.04043974,170.359718,846.3479139,0.6,Mt Mary,Presence,MCC
10/01/2023,15:22:25,-44.13874876,170.3299359,818.3417618,0.6,Mt Mary,Presence,GRA
10/01/2023,15:22:25,-44.04896684,170.2095207,818.3417618,0.6,Mt Mary,Presence,MCC
10/01/2023,15:27:21,-44.13950733,170.2577078,817.7423534,0.4,Mt Mary,Absence,NA
10/01/2023,15:39:46,-44.18653974,170.2843291,820.139082,0.4,Mt Mary,Presence,MCC
10/01/2023,15:39:46,-44.18562747,170.2094361,820.139082,0.4,Mt Mary,Presence,MCC
10/01/2023,15:39:46,-44.13638552,170.2593623,820.139082,0.4,Mt Mary,Presence,GRA
10/01/2023,15:48:12,-44.140032,170.3596175,819.4717108,0.4,Mt Mary,Absence,NA
10/01/2023,16:03:15,-44.07114912,170.3414734,847.5103695,0.4,Mt Mary,Presence,MCC
10/01/2023,16:08:46,-44.04240332,170.3145881,833.1239905,0.4,Mt Mary,Presence,MCC
12/01/2023,10:39:31,-44.02569048,170.6262892,721.2868033,2.4,Burkes Pass,Absence,NA
12/01/2023,10:49:53,-44.09649945,170.6096741,686.5639234,2.4,Burkes Pass,Presence,MCC
12/01/2023,10:51:59,-44.07450361,170.666086,699.4499522,1.6,Burkes Pass,Presence,GRA
12/01/2023,10:56:14,-44.16027811,170.5747212,709.7432753,0.8,Burkes Pass,Absence,NA
12/01/2023,11:01:48,-43.97109678,170.5993911,673.070262,0.8,Burkes Pass,Presence,MCC
12/01/2023,11:02:22,-43.98317056,170.6517336,692.1634659,1.6,Burkes Pass,Presence,MCC
12/01/2023,11:06:33,-44.05279802,170.5941628,687.4100446,0.6,Burkes Pass,Presence,MCC
12/01/2023,11:07:45,-44.09762087,170.5973976,676.5386624,0.6,Burkes Pass,Presence,MCC
12/01/2023,11:11:55,-44.11517369,170.6227934,688.8878922,3.2,Burkes Pass,Absence,NA
12/01/2023,11:16:30,-44.16528809,170.508631,684.2172105,1.6,Burkes Pass,Absence,NA
12/01/2023,11:23:19,-44.18874419,170.5838021,676.7144011,1.2,Burkes Pass,Presence,MCC
12/01/2023,11:27:15,-44.01185877,170.5068789,693.5026828,0.6,Burkes Pass,Absence,NA
12/01/2023,11:30:26,-44.10433934,170.4996746,676.1673936,0.8,Burkes Pass,Absence,NA
12/01/2023,11:34:15,-44.03217368,170.6696536,694.0299681,0.8,Burkes Pass,Absence,NA
12/01/2023,11:41:08,-44.1766166,170.5444423,696.9689687,3.2,Burkes Pass,Presence,GRA
12/01/2023,11:43:23,-43.98326517,170.5061833,707.7360844,1.6,Burkes Pass,Presence,GRA
12/01/2023,11:45:53,-44.08525376,170.6441684,670.2042164,0.6,Burkes Pass,Presence,GRA
12/01/2023,11:51:14,-44.06083996,170.5121674,717.611829,0.8,Burkes Pass,Presence,MCC
12/01/2023,11:57:19,-44.17368683,170.6694387,719.9205324,1.6,Burkes Pass,Presence,MCC
12/01/2023,11:58:43,-44.1747861,170.5959837,682.680639,0.8,Burkes Pass,Presence,MCC
12/01/2023,12:04:30,-44.18165839,170.5851058,682.5275989,1.6,Burkes Pass,Presence,MCC
12/01/2023,12:11:48,-44.21124825,170.5710092,754.2587448,3.2,Burkes Pass,Presence,MCC
12/01/2023,12:13:25,-44.14820932,170.5042382,640.4593982,2.4,Burkes Pass,Presence,GRA
12/01/2023,12:19:07,-44.17680587,170.6212925,662.8506072,6.4,Burkes Pass,Presence,MCC
12/01/2023,12:19:07,-44.18032872,170.5401143,662.8506072,6.4,Burkes Pass,Presence,MCC
12/01/2023,12:24:59,-43.98518968,170.6011824,697.0950891,0.6,Burkes Pass,Presence,GRA
12/01/2023,12:29:55,-43.99544978,170.6428705,665.0007734,1.2,Burkes Pass,Presence,MCC
12/01/2023,12:32:17,-44.0329756,170.61161,674.5771657,1.2,Burkes Pass,Presence,MCC
12/01/2023,12:38:06,-44.00225063,170.556813,684.7172659,0.8,Burkes Pass,Presence,GRA
12/01/2023,12:38:06,-44.0057578,170.571516,684.7172659,0.8,Burkes Pass,Presence,GRA
12/01/2023,12:38:06,-44.20542399,170.6305754,684.7172659,0.8,Burkes Pass,Presence,MCC
12/01/2023,12:38:06,-44.03371666,170.4952228,684.7172659,0.8,Burkes Pass,Presence,MCC
12/01/2023,12:38:06,-44.02310224,170.5770407,684.7172659,0.8,Burkes Pass,Presence,MCC
12/01/2023,12:41:33,-44.03148263,170.6009684,672.3053467,0.8,Burkes Pass,Absence,NA
12/01/2023,12:45:17,-44.01677342,170.5110876,695.3605395,1.2,Burkes Pass,Presence,GRA
12/01/2023,12:45:17,-44.1121179,170.6194614,695.3605395,1.2,Burkes Pass,Presence,GRA
12/01/2023,12:45:17,-44.05558336,170.5503477,695.3605395,1.2,Burkes Pass,Presence,GRA
12/01/2023,12:56:27,-44.18170062,170.5191938,688.2272598,0.8,Burkes Pass,Absence,NA
12/01/2023,13:00:37,-44.08568489,170.5524598,683.3838902,0.8,Burkes Pass,Presence,GRA
12/01/2023,13:02:30,-43.99416338,170.6629678,691.2070944,2.4,Burkes Pass,Presence,MCC
12/01/2023,13:55:50,-44.03997255,170.5475191,665.5978579,0.8,Burkes Pass,Absence,NA
12/01/2023,13:59:14,-44.18737996,170.5728327,677.568311,0.8,Burkes Pass,Presence,MCC
12/01/2023,14:03:30,-44.07027531,170.5022896,667.6484017,1.2,Burkes Pass,Absence,NA
12/01/2023,14:06:40,-44.09965366,170.5417467,661.739908,0.8,Burkes Pass,Presence,MCC
12/01/2023,14:08:47,-43.98872981,170.6094604,670.8858392,6.4,Burkes Pass,Presence,GRA
12/01/2023,14:09:35,-44.22032966,170.6054926,685.368875,2.4,Burkes Pass,Presence,GRA
12/01/2023,14:14:04,-44.19515397,170.6385501,677.6599342,6.4,Burkes Pass,Presence,GRA
12/01/2023,14:15:35,-44.09315004,170.5648036,669.9116337,4.8,Burkes Pass,Presence,GRA
12/01/2023,14:17:05,-44.17222128,170.6588133,676.9603919,6.4,Burkes Pass,Presence,GRA
12/01/2023,14:17:05,-44.1172707,170.4944026,676.9603919,6.4,Burkes Pass,Presence,GRA
12/01/2023,14:20:56,-44.03754944,170.5843371,687.1940221,6.4,Burkes Pass,Presence,MCC
12/01/2023,14:25:25,-44.03119872,170.6137582,682.073258,0.8,Burkes Pass,Presence,GRA
12/01/2023,14:26:26,-43.97418765,170.5713943,677.4588718,3.2,Burkes Pass,Presence,GRA
12/01/2023,14:31:07,-44.02954446,170.650563,640.9237927,1.2,Burkes Pass,Presence,MCC
12/01/2023,14:32:05,-44.04338854,170.5473606,663.0622579,1.2,Burkes Pass,Presence,MCC
12/01/2023,14:35:46,-43.97606231,170.5990876,668.4744803,2.4,Burkes Pass,Absence,NA
12/01/2023,14:39:29,-44.08697961,170.6013631,654.2652813,1.6,Burkes Pass,Presence,GRA
12/01/2023,14:40:48,-43.98718303,170.6464343,688.24077,2.4,Burkes Pass,Presence,MCC
12/01/2023,14:56:36,-44.11037796,170.5960683,693.5281959,1.6,Burkes Pass,Presence,MCC
12/01/2023,15:01:40,-44.01590636,170.5141658,700.5307922,0.8,Burkes Pass,Presence,MCC
12/01/2023,15:02:04,-44.1389567,170.6474262,686.3876499,0.8,Burkes Pass,Absence,NA
12/01/2023,15:04:08,-44.01743387,170.5496934,680.4646234,2.4,Burkes Pass,Presence,GRA
15/01/2023,15:03:12,-44.21650367,170.321332,725.6340532,0.8,Mt Mary,Presence,MCC
15/01/2023,15:09:10,-44.16217768,170.2225484,705.6304276,1.2,Mt Mary,Absence,NA
15/01/2023,15:17:24,-44.17703584,170.255439,683.6973697,0.4,Mt Mary,Absence,NA
15/01/2023,15:24:13,-43.96404786,170.3062568,670.4591105,0.8,Mt Mary,Presence,MCC
15/01/2023,15:34:39,-44.17818482,170.3083796,672.0784411,1.6,Mt Mary,Presence,MCC
15/01/2023,15:46:19,-43.98440948,170.252557,664.8789721,2.4,Mt Mary,Absence,NA
15/01/2023,15:51:25,-44.12818789,170.3502549,664.3820679,0.8,Mt Mary,Absence,NA
15/01/2023,16:04:31,-44.203691,170.1898076,669.1436398,2.4,Mt Mary,Presence,GRA
15/01/2023,16:04:31,-43.96203827,170.2517801,669.1436398,2.4,Mt Mary,Presence,GRA
15/01/2023,16:04:31,-44.0074019,170.2590157,669.1436398,2.4,Mt Mary,Presence,GRA
15/01/2023,16:15:57,-44.04636704,170.3267663,658.4377303,1.6,Mt Mary,Absence,NA
15/01/2023,16:26:04,-44.17309105,170.3479646,651.689839,1.6,Mt Mary,Presence,MCC
15/01/2023,16:26:04,-43.99416286,170.193437,651.689839,1.6,Mt Mary,Presence,MCC
15/01/2023,16:34:16,-44.13689387,170.2663691,664.2350702,1.6,Mt Mary,Presence,MCC
15/01/2023,16:34:16,-44.15051933,170.1896538,664.2350702,1.6,Mt Mary,Presence,MCC
15/01/2023,16:43:58,-44.05661825,170.2079778,662.6828055,1.2,Mt Mary,Absence,NA
15/01/2023,17:01:29,-44.13688166,170.2332417,680.4790239,1.6,Mt Mary,Presence,MCC
15/01/2023,17:05:50,-44.21858569,170.2116154,735.920207,0.8,Mt Mary,Absence,NA
15/01/2023,17:09:08,-44.06518652,170.3339679,691.3094549,0.8,Mt Mary,Presence,MCC
15/01/2023,17:18:11,-44.21219069,170.2224743,679.1024206,1.2,Mt Mary,Presence,MCC
15/01/2023,17:18:11,-44.08540982,170.2543588,679.1024206,1.2,Mt Mary,Presence,MCC
15/01/2023,17:18:11,-44.19548574,170.2695913,679.1024206,1.2,Mt Mary,Presence,MCC
15/01/2023,17:19:00,-44.17388167,170.2728189,679.5645873,1.2,Mt Mary,Presence,MCC
15/01/2023,17:29:35,-44.21217295,170.2122067,731.3171481,0.8,Mt Mary,Presence,MCC
15/01/2023,17:36:18,-44.09634399,170.2505394,719.2359412,1.2,Mt Mary,Presence,MCC
15/01/2023,17:36:18,-44.02737114,170.3038262,719.2359412,1.2,Mt Mary,Presence,MCC
15/01/2023,17:40:15,-44.19073695,170.2399047,719.2296011,1.6,Mt Mary,Presence,MCC
15/01/2023,17:40:15,-43.9891711,170.2745553,719.2296011,1.6,Mt Mary,Presence,MCC
15/01/2023,17:50:12,-44.0368833,170.3072318,753.5836715,0.8,Mt Mary,Presence,MCC
29/01/2023,9:36:51,-43.79710405,170.5081935,737.999743,0.8,Te Kahui Kaupeka,Absence,NA
29/01/2023,9:42:51,-43.68147998,170.5974387,709.8099442,3.2,Te Kahui Kaupeka,Presence,MCC
29/01/2023,9:49:38,-43.79768058,170.6124383,737.0916866,0.4,Te Kahui Kaupeka,Absence,NA
29/01/2023,9:54:53,-43.78845623,170.5617265,740.2302868,1.6,Te Kahui Kaupeka,Absence,NA
29/01/2023,10:02:02,-43.86101771,170.5307251,747.8890115,1.6,Te Kahui Kaupeka,Absence,NA
29/01/2023,10:08:44,-43.78520378,170.4984806,749.7385165,2.4,Te Kahui Kaupeka,Absence,NA
29/01/2023,10:14:06,-43.7213722,170.5219067,726.1839521,0.8,Te Kahui Kaupeka,Absence,NA
29/01/2023,10:19:37,-43.73566032,170.614024,738.7431176,0.8,Te Kahui Kaupeka,Absence,NA
29/01/2023,10:25:29,-43.8346969,170.5521622,701.7552285,0.8,Te Kahui Kaupeka,Absence,NA
29/01/2023,10:43:20,-43.72752835,170.59171,722.9280737,0.6,Te Kahui Kaupeka,Absence,NA
29/01/2023,10:50:46,-43.84433591,170.5069969,720.544352,1.2,Te Kahui Kaupeka,Presence,MCC
29/01/2023,10:57:54,-43.85049142,170.5694895,749.4577013,0.8,Te Kahui Kaupeka,Absence,NA
29/01/2023,11:04:40,-43.74620755,170.6201718,733.8457427,3.2,Te Kahui Kaupeka,Absence,NA
29/01/2023,11:10:37,-43.87154327,170.4901832,742.1511492,3.2,Te Kahui Kaupeka,Absence,NA
29/01/2023,11:16:38,-43.76220709,170.616429,758.931633,1.6,Te Kahui Kaupeka,Presence,MCC
29/01/2023,11:19:17,-43.83779462,170.5180033,725.2830165,2.4,Te Kahui Kaupeka,Presence,MCC
29/01/2023,11:19:17,-43.8229216,170.4848063,725.2830165,2.4,Te Kahui Kaupeka,Presence,MCC
29/01/2023,11:30:42,-43.86916164,170.5740148,725.9423621,1.2,Te Kahui Kaupeka,Absence,NA
29/01/2023,11:36:40,-43.77228751,170.5059125,738.9149268,2.4,Te Kahui Kaupeka,Absence,NA
29/01/2023,11:43:04,-43.87426773,170.6516238,659.096542,1.2,Te Kahui Kaupeka,Absence,NA
29/01/2023,11:55:34,-43.82308988,170.5045666,748.4086344,0.6,Te Kahui Kaupeka,Presence,MCC
29/01/2023,12:08:10,-43.77866914,170.5769117,737.2264597,0.8,Te Kahui Kaupeka,Absence,NA
29/01/2023,12:17:16,-43.82948833,170.5625686,727.3896426,0.6,Te Kahui Kaupeka,Presence,MCC
29/01/2023,12:23:35,-43.81290574,170.5473765,741.623531,2.4,Te Kahui Kaupeka,Absence,NA
29/01/2023,12:33:25,-43.81630803,170.5665103,729.1817616,0.8,Te Kahui Kaupeka,Absence,NA
29/01/2023,12:40:45,-43.88637299,170.5886352,733.6918346,3.2,Te Kahui Kaupeka,Presence,MCC
29/01/2023,12:46:43,-43.90286964,170.483433,736.1150332,1.6,Te Kahui Kaupeka,Absence,NA
29/01/2023,12:52:30,-43.88196682,170.4927345,730.9200194,4.8,Te Kahui Kaupeka,Absence,NA
29/01/2023,12:58:00,-43.73043278,170.4827889,747.7101272,1.6,Te Kahui Kaupeka,Absence,NA
29/01/2023,13:02:41,-43.86557582,170.4996027,720.0790749,0.8,Te Kahui Kaupeka,Presence,MCC
29/01/2023,13:10:18,-43.90692815,170.4846411,728.9865135,2.4,Te Kahui Kaupeka,Presence,MCC
29/01/2023,13:16:01,-43.85170053,170.5840282,785.567945,1.6,Te Kahui Kaupeka,Absence,NA
29/01/2023,14:43:13,-43.76165393,170.5387999,696.6407755,1.6,Te Kahui Kaupeka,Presence,GRA
29/01/2023,14:51:54,-43.85989619,170.5876352,723.2006101,0.6,Te Kahui Kaupeka,Presence,MCC
29/01/2023,14:58:51,-43.89394905,170.5738965,711.1944204,1.6,Te Kahui Kaupeka,Absence,NA
29/01/2023,15:04:16,-43.7452575,170.5731592,726.9311617,0.6,Te Kahui Kaupeka,Presence,GRA
29/01/2023,15:04:16,-43.81578366,170.6264022,726.9311617,0.6,Te Kahui Kaupeka,Presence,GRA
29/01/2023,15:07:00,-43.87506377,170.5713006,726.5664544,1.2,Te Kahui Kaupeka,Absence,NA
29/01/2023,15:12:56,-43.77270229,170.5592911,727.536768,1.6,Te Kahui Kaupeka,Absence,NA
29/01/2023,15:19:04,-43.82491118,170.5219325,732.009618,1.6,Te Kahui Kaupeka,Absence,NA
29/01/2023,15:27:35,-43.77399664,170.5319265,723.4298934,0.8,Te Kahui Kaupeka,Presence,GRA
29/01/2023,15:34:39,-43.82490755,170.5731383,727.9145774,1.2,Te Kahui Kaupeka,Presence,GRA
29/01/2023,15:34:39,-43.76759654,170.4811176,727.9145774,1.2,Te Kahui Kaupeka,Presence,GRA
29/01/2023,15:34:39,-43.71109926,170.5794584,727.9145774,1.2,Te Kahui Kaupeka,Presence,GRA
4/02/2023,10:15:16,-44.16191784,170.2898315,748.5403,0.8,Mt Mary,Absence,NA
4/02/2023,10:22:31,-44.01690638,170.2398456,720.9940664,6.4,Mt Mary,Presence,MCC
4/02/2023,10:23:17,-44.19495182,170.2561539,724.3257552,3.2,Mt Mary,Presence,MCC
4/02/2023,10:36:53,-44.14878576,170.35295,771.3158868,1.2,Mt Mary,Presence,MCC
4/02/2023,10:36:53,-44.04008988,170.2448293,771.3158868,1.2,Mt Mary,Presence,MCC
4/02/2023,10:36:53,-44.19060099,170.1950971,771.3158868,1.2,Mt Mary,Presence,MCC
4/02/2023,10:52:23,-43.9888012,170.2920347,776.4258952,6.4,Mt Mary,Presence,MCC
4/02/2023,10:52:23,-44.15620445,170.2907207,776.4258952,6.4,Mt Mary,Presence,MCC
4/02/2023,11:01:44,-44.14335385,170.3174628,729.6226903,1.2,Mt Mary,Presence,MCC
4/02/2023,11:01:44,-44.13737402,170.3400246,729.6226903,1.2,Mt Mary,Presence,MCC
4/02/2023,11:28:28,-43.98398235,170.2133456,696.7835285,0.8,Mt Mary,Presence,MAC
4/02/2023,11:32:46,-44.09852261,170.2093463,731.5152482,1.6,Mt Mary,Presence,MCC
4/02/2023,11:32:46,-44.05831026,170.2172617,731.5152482,1.6,Mt Mary,Presence,MCC
4/02/2023,11:32:46,-44.20837924,170.1853011,731.5152482,1.6,Mt Mary,Presence,MCC
4/02/2023,11:44:38,-43.9949116,170.3398559,650.0382255,1.6,Mt Mary,Presence,GRA
4/02/2023,11:44:38,-44.0802836,170.2133807,650.0382255,1.6,Mt Mary,Presence,GRA
4/02/2023,11:57:17,-44.03626378,170.3537073,661.0231188,1.2,Mt Mary,Presence,MCC
4/02/2023,12:04:05,-44.09269687,170.2616417,642.9185589,0.6,Mt Mary,Presence,GRA
4/02/2023,12:12:01,-44.09764336,170.3277716,654.2341881,0.6,Mt Mary,Absence,NA
4/02/2023,12:17:54,-44.06595577,170.2001505,657.0097284,0.6,Mt Mary,Absence,NA
4/02/2023,12:23:00,-44.0160678,170.270775,653.4084133,0.4,Mt Mary,Absence,NA
4/02/2023,12:32:26,-44.067948,170.2370935,674.1716747,0.6,Mt Mary,Presence,MCC
4/02/2023,12:32:26,-43.98067137,170.2641626,674.1716747,0.6,Mt Mary,Presence,MCC
4/02/2023,12:44:12,-44.07598581,170.2134773,694.2290488,0.8,Mt Mary,Presence,GRA
4/02/2023,12:44:12,-44.18507818,170.3233055,694.2290488,0.8,Mt Mary,Presence,MCC
4/02/2023,12:44:12,-44.03518555,170.2977102,694.2290488,0.8,Mt Mary,Presence,MCC
4/02/2023,12:56:32,-44.13743674,170.205921,731.3277442,4.8,Mt Mary,Presence,MCC
4/02/2023,12:56:32,-44.03472222,170.3104071,731.3277442,4.8,Mt Mary,Presence,MCC
4/02/2023,13:14:19,-44.11875092,170.195801,673.6900497,1.6,Mt Mary,Presence,SAG
4/02/2023,13:14:19,-44.21011543,170.3349284,673.6900497,1.6,Mt Mary,Presence,GRA
4/02/2023,13:14:19,-44.17875105,170.3242984,673.6900497,1.6,Mt Mary,Presence,GRA
4/02/2023,13:14:19,-44.13347602,170.2376568,673.6900497,1.6,Mt Mary,Presence,MCC
4/02/2023,13:14:19,-44.049709,170.3271196,673.6900497,1.6,Mt Mary,Presence,MCC
4/02/2023,13:14:19,-44.12973279,170.2025837,673.6900497,1.6,Mt Mary,Presence,MCC
4/02/2023,13:22:48,-44.01396831,170.3233479,670.0179117,3.2,Mt Mary,Presence,MCC
4/02/2023,13:22:48,-44.16057344,170.1942594,670.0179117,3.2,Mt Mary,Presence,MCC
4/02/2023,13:22:48,-44.17795257,170.18259,670.0179117,3.2,Mt Mary,Presence,MCC
4/02/2023,13:32:45,-44.15668298,170.2074365,649.671218,1.6,Mt Mary,Presence,GRA
4/02/2023,13:32:45,-44.1477579,170.1770897,649.671218,1.6,Mt Mary,Presence,GRA
4/02/2023,13:38:59,-44.08719084,170.195672,677.7118702,0.6,Mt Mary,Absence,NA
4/02/2023,13:45:26,-44.09611345,170.250136,691.7364772,1.6,Mt Mary,Presence,MCC
4/02/2023,13:45:26,-44.13784539,170.3268779,691.7364772,1.6,Mt Mary,Presence,MCC
9/02/2023,10:47:03,-44.0434575,170.3740512,724.5529671,0.6,Tekapo River,Absence,NA
10/02/2023,10:47:03,-43.94700022,170.3631133,724.5529671,0.6,Tekapo River,Absence,NA
11/02/2023,10:47:03,-44.04793698,170.5268893,724.5529671,0.6,Tekapo River,Absence,NA
12/02/2023,10:47:03,-44.1281889,170.4164554,724.5529671,0.6,Tekapo River,Presence,MCC
9/02/2023,11:19:17,-43.96715732,170.4603905,666.5086513,1.6,Tekapo River,Absence,NA
10/02/2023,11:19:17,-44.1115808,170.4708163,666.5086513,1.6,Tekapo River,Absence,NA
11/02/2023,11:19:17,-44.04051938,170.4426328,666.5086513,1.6,Tekapo River,Absence,NA
12/02/2023,11:19:17,-43.92694716,170.4913186,666.5086513,1.6,Tekapo River,Absence,NA
9/02/2023,10:50:14,-44.07243592,170.4753031,685.8132152,1.6,Tekapo River,Absence,NA
10/02/2023,10:50:14,-43.91374712,170.4332308,685.8132152,1.6,Tekapo River,Absence,NA
11/02/2023,10:50:14,-43.95077244,170.3805095,685.8132152,1.6,Tekapo River,Presence,MCC
12/02/2023,10:50:14,-44.11638436,170.4638031,685.8132152,1.6,Tekapo River,Absence,NA
9/02/2023,10:52:58,-44.0021678,170.464529,697.183296,0.6,Tekapo River,Absence,NA
10/02/2023,10:52:58,-44.14417322,170.4521855,697.183296,0.6,Tekapo River,Absence,NA
11/02/2023,10:52:58,-43.94332581,170.4753362,697.183296,0.6,Tekapo River,Absence,NA
12/02/2023,10:52:58,-44.11964983,170.3899814,697.183296,0.6,Tekapo River,Absence,NA
9/02/2023,10:55:42,-43.93764492,170.3858894,704.4569834,1.2,Tekapo River,Presence,MCC
9/02/2023,10:55:42,-44.05173621,170.3848381,704.4569834,1.2,Tekapo River,Presence,MAC
10/02/2023,10:55:42,-44.14499367,170.4964771,704.4569834,1.2,Tekapo River,Presence,MAC
12/02/2023,10:55:42,-43.97745168,170.4584477,704.4569834,1.2,Tekapo River,Presence,MCC
9/02/2023,10:58:10,-44.09439949,170.3788292,683.4467886,0.8,Tekapo River,Absence,NA
10/02/2023,10:58:10,-44.04214032,170.5280693,683.4467886,0.8,Tekapo River,Absence,NA
11/02/2023,10:58:10,-43.96806324,170.4734521,683.4467886,0.8,Tekapo River,Absence,NA
12/02/2023,10:58:10,-43.93472601,170.3764472,683.4467886,0.8,Tekapo River,Absence,NA
9/02/2023,11:02:07,-43.90257299,170.4946609,687.895584,2.4,Tekapo River,Presence,MCC
10/02/2023,11:02:07,-44.13892363,170.4573868,687.895584,2.4,Tekapo River,Absence,NA
11/02/2023,11:02:07,-44.0284292,170.4839285,687.895584,2.4,Tekapo River,Absence,NA
12/02/2023,11:02:07,-44.05918309,170.5265729,687.895584,2.4,Tekapo River,Presence,MCC
9/02/2023,11:08:10,-43.97285631,170.4295058,695.5255497,2.4,Tekapo River,Presence,SAG
10/02/2023,11:08:10,-43.94935282,170.513652,695.5255497,2.4,Tekapo River,Presence,MCC
10/02/2023,11:08:10,-44.10234199,170.4704058,695.5255497,2.4,Tekapo River,Presence,SAG
11/02/2023,11:08:10,-43.9423061,170.5126225,695.5255497,2.4,Tekapo River,Presence,SAG
11/02/2023,11:08:10,-44.11037295,170.3851443,695.5255497,2.4,Tekapo River,Presence,MCC
12/02/2023,11:08:10,-43.93061162,170.4030447,695.5255497,2.4,Tekapo River,Presence,MCC
9/02/2023,11:11:04,-44.12444942,170.4823911,691.9008221,0.2,Tekapo River,Absence,NA
10/02/2023,11:11:04,-44.14102548,170.4906907,691.9008221,0.2,Tekapo River,Absence,NA
11/02/2023,11:11:04,-44.07371487,170.4643356,691.9008221,0.2,Tekapo River,Absence,NA
12/02/2023,11:11:04,-43.96757841,170.3669693,691.9008221,0.2,Tekapo River,Absence,NA
9/02/2023,11:16:35,-44.05565632,170.4939637,681.6460266,1.2,Tekapo River,Absence,NA
10/02/2023,11:16:35,-43.94715463,170.4210667,681.6460266,1.2,Tekapo River,Absence,NA
11/02/2023,11:16:35,-44.108269,170.5045165,681.6460266,1.2,Tekapo River,Absence,NA
12/02/2023,11:16:35,-44.09685482,170.4803726,681.6460266,1.2,Tekapo River,Absence,NA
9/02/2023,11:27:44,-43.99143854,170.463002,709.9602835,1.6,Tekapo River,Absence,NA
10/02/2023,11:27:44,-43.96767264,170.3938038,709.9602835,1.6,Tekapo River,Absence,NA
11/02/2023,11:27:44,-44.09504945,170.4185155,709.9602835,1.6,Tekapo River,Absence,NA
12/02/2023,11:27:44,-43.9426236,170.5025149,709.9602835,1.6,Tekapo River,Absence,NA
9/02/2023,12:02:02,-43.98693295,170.4530645,701.8977274,1.6,Tekapo River,Absence,NA
10/02/2023,12:02:02,-44.12938223,170.4395346,701.8977274,1.6,Tekapo River,Absence,NA
11/02/2023,12:02:02,-43.94647554,170.4126717,701.8977274,1.6,Tekapo River,Absence,NA
12/02/2023,12:02:02,-44.04601697,170.5337074,701.8977274,1.6,Tekapo River,Absence,NA
9/02/2023,11:37:42,-43.97358354,170.3735516,676.4802686,1.6,Tekapo River,Absence,NA
10/02/2023,11:37:42,-43.99210334,170.4312505,676.4802686,1.6,Tekapo River,Absence,NA
11/02/2023,11:37:42,-44.13428226,170.4740178,676.4802686,1.6,Tekapo River,Presence,SAG
12/02/2023,11:37:42,-44.05759679,170.3805263,676.4802686,1.6,Tekapo River,Absence,NA
9/02/2023,11:39:54,-44.02610251,170.4427982,698.0209303,1.2,Tekapo River,Absence,NA
10/02/2023,11:39:54,-43.9451832,170.5225813,698.0209303,1.2,Tekapo River,Absence,NA
11/02/2023,11:39:54,-44.03879533,170.3637458,698.0209303,1.2,Tekapo River,Absence,NA
12/02/2023,11:39:54,-43.96619073,170.4931843,698.0209303,1.2,Tekapo River,Absence,NA
9/02/2023,11:43:02,-44.01589624,170.3707744,685.231016,1.6,Tekapo River,Absence,NA
10/02/2023,11:43:02,-44.10919622,170.4215707,685.231016,1.6,Tekapo River,Absence,NA
11/02/2023,11:43:02,-44.01428032,170.5103783,685.231016,1.6,Tekapo River,Absence,NA
12/02/2023,11:43:02,-43.91539874,170.4865992,685.231016,1.6,Tekapo River,Absence,NA
9/02/2023,11:46:42,-43.9369934,170.4084024,710.468157,0.8,Tekapo River,Absence,NA
10/02/2023,11:46:42,-44.02000875,170.4505605,710.468157,0.8,Tekapo River,Absence,NA
11/02/2023,11:46:42,-43.9464581,170.5038847,710.468157,0.8,Tekapo River,Absence,NA
12/02/2023,11:46:42,-44.03975192,170.5321665,710.468157,0.8,Tekapo River,Absence,NA
9/02/2023,11:49:55,-43.90500586,170.4205229,730.9897459,3.2,Tekapo River,Presence,SAG
10/02/2023,11:49:55,-44.02719502,170.4914741,730.9897459,3.2,Tekapo River,Absence,NA
11/02/2023,11:49:55,-44.08788385,170.5152424,730.9897459,3.2,Tekapo River,Absence,NA
12/02/2023,11:49:55,-44.07184397,170.4959333,730.9897459,3.2,Tekapo River,Absence,NA
9/02/2023,11:53:25,-44.07984438,170.4796964,684.8787243,1.2,Tekapo River,Absence,NA
10/02/2023,11:53:25,-43.97253525,170.3874612,684.8787243,1.2,Tekapo River,Absence,NA
11/02/2023,11:53:25,-43.91273387,170.446288,684.8787243,1.2,Tekapo River,Absence,NA
12/02/2023,11:53:25,-43.95141756,170.5186833,684.8787243,1.2,Tekapo River,Absence,NA
9/02/2023,11:56:07,-44.13136326,170.3614246,706.8136783,1.6,Tekapo River,Absence,NA
10/02/2023,11:56:07,-44.09222547,170.5070381,706.8136783,1.6,Tekapo River,Absence,NA
11/02/2023,11:56:07,-43.95141531,170.5257972,706.8136783,1.6,Tekapo River,Absence,NA
12/02/2023,11:56:07,-44.09156784,170.4971092,706.8136783,1.6,Tekapo River,Absence,NA
9/02/2023,11:59:07,-43.92384944,170.4731923,699.6703031,3.2,Tekapo River,Absence,NA
10/02/2023,11:59:07,-44.05063239,170.5091568,699.6703031,3.2,Tekapo River,Absence,NA
11/02/2023,11:59:07,-43.97866843,170.4283322,699.6703031,3.2,Tekapo River,Absence,NA
12/02/2023,11:59:07,-43.91442364,170.3776457,699.6703031,3.2,Tekapo River,Absence,NA
9/02/2023,12:18:13,-43.92085606,170.534464,721.578014,1.6,Tekapo River,Absence,NA
10/02/2023,12:18:13,-43.96044233,170.492936,721.578014,1.6,Tekapo River,Absence,NA
11/02/2023,12:18:13,-44.11520584,170.4637083,721.578014,1.6,Tekapo River,Absence,NA
12/02/2023,12:18:13,-44.12943807,170.3958046,721.578014,1.6,Tekapo River,Presence,SAG
9/02/2023,12:21:27,-44.06695217,170.5167176,729.4397911,0.8,Tekapo River,Absence,NA
10/02/2023,12:49:35,-43.9354114,170.4811731,714.4098765,3.2,Tekapo River,Absence,NA
11/02/2023,12:49:35,-43.97361428,170.507126,714.4098765,3.2,Tekapo River,Absence,NA
12/02/2023,12:49:35,-44.07092998,170.4487084,714.4098765,3.2,Tekapo River,Absence,NA
9/02/2023,12:21:27,-44.04003202,170.5025044,729.4397911,0.8,Tekapo River,Presence,SAG
10/02/2023,12:21:27,-43.97736063,170.3669203,729.4397911,0.8,Tekapo River,Absence,NA
11/02/2023,12:21:27,-44.15203808,170.3974643,729.4397911,0.8,Tekapo River,Presence,SAG
12/02/2023,12:21:27,-44.0156819,170.4315043,729.4397911,0.8,Tekapo River,Absence,NA
9/02/2023,12:24:51,-43.98905057,170.421465,715.9640457,1.2,Tekapo River,Absence,NA
10/02/2023,12:24:51,-44.15114217,170.4310543,715.9640457,1.2,Tekapo River,Absence,NA
11/02/2023,12:24:51,-43.99024241,170.4840833,715.9640457,1.2,Tekapo River,Absence,NA
12/02/2023,12:24:51,-44.11714416,170.5281139,715.9640457,1.2,Tekapo River,Absence,NA
9/02/2023,12:32:25,-43.99816702,170.4202363,686.7274229,2.4,Tekapo River,Absence,NA
10/02/2023,12:32:25,-44.07604769,170.3863315,686.7274229,2.4,Tekapo River,Absence,NA
11/02/2023,12:32:25,-43.92385549,170.5073263,686.7274229,2.4,Tekapo River,Absence,NA
12/02/2023,12:32:25,-43.99374566,170.4282306,686.7274229,2.4,Tekapo River,Absence,NA
9/02/2023,12:35:25,-43.98521856,170.3983663,717.5695426,1.6,Tekapo River,Absence,NA
10/02/2023,12:35:25,-44.00814505,170.394154,717.5695426,1.6,Tekapo River,Absence,NA
11/02/2023,12:35:25,-44.13241892,170.464479,717.5695426,1.6,Tekapo River,Absence,NA
12/02/2023,12:35:25,-43.96891604,170.4834597,717.5695426,1.6,Tekapo River,Absence,NA
9/02/2023,12:39:14,-43.9734999,170.3619932,722.7871821,1.6,Tekapo River,Absence,NA
10/02/2023,12:39:14,-44.13969,170.3574611,722.7871821,1.6,Tekapo River,Absence,NA
11/02/2023,12:39:14,-44.08280911,170.4154167,722.7871821,1.6,Tekapo River,Absence,NA
12/02/2023,12:39:14,-44.12189775,170.4840621,722.7871821,1.6,Tekapo River,Absence,NA
9/02/2023,12:42:59,-44.09021577,170.4140664,732.5050815,1.6,Tekapo River,Absence,NA
10/02/2023,12:42:59,-43.99748476,170.3984515,732.5050815,1.6,Tekapo River,Absence,NA
11/02/2023,12:42:59,-44.00035528,170.3941031,732.5050815,1.6,Tekapo River,Absence,NA
12/02/2023,12:42:59,-43.97435294,170.459178,732.5050815,1.6,Tekapo River,Presence,SAG
9/02/2023,12:46:25,-43.99638111,170.4404332,713.2792048,1.6,Tekapo River,Absence,NA
10/02/2023,12:46:25,-44.00530611,170.528614,713.2792048,1.6,Tekapo River,Absence,NA
11/02/2023,12:46:25,-44.09672132,170.3908892,713.2792048,1.6,Tekapo River,Absence,NA
12/02/2023,12:46:25,-44.14957769,170.4365802,713.2792048,1.6,Tekapo River,Absence,NA
9/02/2023,13:06:11,-44.0981915,170.4098595,682.5594908,1.2,Tekapo River,Presence,SAG
10/02/2023,13:06:11,-44.04653203,170.3596955,682.5594908,1.2,Tekapo River,Absence,NA
11/02/2023,13:06:11,-44.12160889,170.3678244,682.5594908,1.2,Tekapo River,Absence,NA
12/02/2023,13:06:11,-43.94689655,170.4034808,682.5594908,1.2,Tekapo River,Presence,SAG
12/02/2023,13:06:11,-44.09113646,170.4881824,682.5594908,1.2,Tekapo River,Presence,SAG
9/02/2023,13:38:32,-44.07779109,170.4726292,709.5201876,1.2,Tekapo River,Absence,NA
10/02/2023,13:38:32,-43.9700848,170.4804991,709.5201876,1.2,Tekapo River,Absence,NA
11/02/2023,13:38:32,-43.92715624,170.5116608,709.5201876,1.2,Tekapo River,Absence,NA
12/02/2023,13:38:32,-44.09130413,170.5174939,709.5201876,1.2,Tekapo River,Absence,NA
9/02/2023,13:09:13,-44.04813417,170.4199867,723.5041348,0.6,Tekapo River,Absence,NA
10/02/2023,13:09:13,-44.13828645,170.505382,723.5041348,0.6,Tekapo River,Absence,NA
11/02/2023,13:09:13,-44.15413271,170.3821713,723.5041348,0.6,Tekapo River,Absence,NA
12/02/2023,13:09:13,-44.02291912,170.4230053,723.5041348,0.6,Tekapo River,Presence,MAC
9/02/2023,13:12:05,-44.11867742,170.3842833,718.6605389,1.2,Tekapo River,Absence,NA
10/02/2023,13:12:05,-43.92208907,170.5244122,718.6605389,1.2,Tekapo River,Absence,NA
11/02/2023,13:12:05,-43.97630855,170.3675046,718.6605389,1.2,Tekapo River,Absence,NA
12/02/2023,13:12:05,-43.94192663,170.3926547,718.6605389,1.2,Tekapo River,Absence,NA
9/02/2023,13:20:04,-43.99852851,170.3613439,707.8729211,1.2,Tekapo River,Absence,NA
10/02/2023,13:20:04,-43.98208047,170.4935275,707.8729211,1.2,Tekapo River,Absence,NA
11/02/2023,13:20:04,-44.00584608,170.4687791,707.8729211,1.2,Tekapo River,Absence,NA
12/02/2023,13:20:04,-44.15283015,170.4263913,707.8729211,1.2,Tekapo River,Absence,NA
9/02/2023,13:23:53,-44.12194966,170.5171284,716.5923998,1.2,Tekapo River,Absence,NA
10/02/2023,13:23:53,-43.94781936,170.3774751,716.5923998,1.2,Tekapo River,Absence,NA
11/02/2023,13:23:53,-44.10220179,170.3726532,716.5923998,1.2,Tekapo River,Absence,NA
12/02/2023,13:23:53,-43.99395325,170.4153886,716.5923998,1.2,Tekapo River,Absence,NA
9/02/2023,13:27:31,-44.03517435,170.4737181,726.1451551,2.4,Tekapo River,Absence,NA
10/02/2023,13:27:31,-44.00959178,170.3921774,726.1451551,2.4,Tekapo River,Absence,NA
11/02/2023,13:27:31,-43.98270871,170.4800264,726.1451551,2.4,Tekapo River,Absence,NA
12/02/2023,13:27:31,-43.96415784,170.3707354,726.1451551,2.4,Tekapo River,Absence,NA
9/02/2023,13:31:21,-44.0647973,170.3796722,716.5852091,0.8,Tekapo River,Absence,NA
10/02/2023,13:31:21,-44.04857483,170.5129604,716.5852091,0.8,Tekapo River,Absence,NA
11/02/2023,13:31:21,-43.96119345,170.357069,716.5852091,0.8,Tekapo River,Absence,NA
12/02/2023,13:31:21,-44.05196822,170.5296083,716.5852091,0.8,Tekapo River,Absence,NA
9/02/2023,13:38:32,-43.90161888,170.462744,709.5201876,1.2,Tekapo River,Absence,NA
10/02/2023,13:38:32,-44.14920129,170.368786,709.5201876,1.2,Tekapo River,Presence,SAG
11/02/2023,13:38:32,-44.08806599,170.5225437,709.5201876,1.2,Tekapo River,Absence,NA
12/02/2023,13:38:32,-44.10127094,170.4080056,709.5201876,1.2,Tekapo River,Absence,NA
9/02/2023,13:46:30,-44.06267949,170.4394368,695.5798959,1.6,Tekapo River,Absence,NA
10/02/2023,13:46:30,-44.0448761,170.3819466,695.5798959,1.6,Tekapo River,Absence,NA
11/02/2023,13:46:30,-44.00267421,170.4193607,695.5798959,1.6,Tekapo River,Absence,NA
12/02/2023,13:46:30,-43.91377298,170.4105991,695.5798959,1.6,Tekapo River,Absence,NA
9/02/2023,14:14:32,-44.00488152,170.53019,694.5573056,1.6,Tekapo River,Absence,NA
10/02/2023,14:14:32,-43.93789664,170.5202261,694.5573056,1.6,Tekapo River,Absence,NA
11/02/2023,14:14:32,-43.92469638,170.3680509,694.5573056,1.6,Tekapo River,Absence,NA
12/02/2023,14:14:32,-43.99751084,170.3575131,694.5573056,1.6,Tekapo River,Presence,MAC
9/02/2023,13:43:30,-44.12145915,170.3722705,697.6970425,3.2,Tekapo River,Absence,NA
10/02/2023,13:43:30,-44.10735284,170.4266526,697.6970425,3.2,Tekapo River,Absence,NA
11/02/2023,13:43:30,-43.94845581,170.5258872,697.6970425,3.2,Tekapo River,Presence,SAG
12/02/2023,13:43:30,-43.93667204,170.3687202,697.6970425,3.2,Tekapo River,Absence,NA
9/02/2023,13:49:41,-43.94227838,170.5073032,690.239823,1.2,Tekapo River,Presence,MCC
9/02/2023,13:49:41,-43.92277417,170.4526012,690.239823,1.2,Tekapo River,Presence,SAG
10/02/2023,13:49:41,-43.97674222,170.5046986,690.239823,1.2,Tekapo River,Presence,MAC
11/02/2023,13:49:41,-44.04772323,170.5150831,690.239823,1.2,Tekapo River,Absence,NA
12/02/2023,13:49:41,-44.08715903,170.4409181,690.239823,1.2,Tekapo River,Absence,NA
9/02/2023,13:53:30,-43.91429352,170.4067722,741.6575744,1.6,Tekapo River,Presence,SAG
9/02/2023,13:53:30,-44.00173969,170.4142758,741.6575744,1.6,Tekapo River,Presence,SAG
10/02/2023,13:53:30,-43.92811654,170.4006671,741.6575744,1.6,Tekapo River,Absence,NA
11/02/2023,13:53:30,-44.14349808,170.5141743,741.6575744,1.6,Tekapo River,Presence,SAG
12/02/2023,13:53:30,-44.03252598,170.3749515,741.6575744,1.6,Tekapo River,Absence,NA
9/02/2023,13:56:20,-44.00565147,170.4865134,729.3370311,1.6,Tekapo River,Absence,NA
10/02/2023,13:56:20,-43.91356295,170.4290519,729.3370311,1.6,Tekapo River,Absence,NA
11/02/2023,13:56:20,-44.07544815,170.4354538,729.3370311,1.6,Tekapo River,Absence,NA
12/02/2023,13:56:20,-44.07668304,170.4300296,729.3370311,1.6,Tekapo River,Absence,NA
9/02/2023,14:00:21,-43.94345603,170.4179633,725.3499612,1.6,Tekapo River,Absence,NA
10/02/2023,14:00:21,-44.00303124,170.4789396,725.3499612,1.6,Tekapo River,Absence,NA
11/02/2023,14:00:21,-44.13399046,170.409081,725.3499612,1.6,Tekapo River,Presence,SAG
12/02/2023,14:00:21,-44.08926255,170.445018,725.3499612,1.6,Tekapo River,Presence,SAG
9/02/2023,14:03:46,-43.96627299,170.4285106,689.5232241,2.4,Tekapo River,Absence,NA
10/02/2023,14:03:46,-44.10427508,170.4390302,689.5232241,2.4,Tekapo River,Absence,NA
11/02/2023,14:03:46,-44.02638486,170.4335588,689.5232241,2.4,Tekapo River,Absence,NA
12/02/2023,14:03:46,-43.89913723,170.3903151,689.5232241,2.4,Tekapo River,Absence,NA
9/02/2023,14:07:13,-44.06694835,170.3692548,714.3947227,0.8,Tekapo River,Absence,NA
10/02/2023,14:07:13,-43.94755962,170.3628023,714.3947227,0.8,Tekapo River,Absence,NA
11/02/2023,14:07:13,-44.08505047,170.3909763,714.3947227,0.8,Tekapo River,Absence,NA
12/02/2023,14:07:13,-44.06415745,170.3657429,714.3947227,0.8,Tekapo River,Absence,NA
9/02/2023,14:10:51,-44.11624746,170.4459759,701.8454839,2.4,Tekapo River,Absence,NA
10/02/2023,14:10:51,-44.11583422,170.4702785,701.8454839,2.4,Tekapo River,Absence,NA
11/02/2023,14:10:51,-44.05449591,170.4035717,701.8454839,2.4,Tekapo River,Absence,NA
12/02/2023,14:10:51,-43.96911821,170.4137204,701.8454839,2.4,Tekapo River,Absence,NA
18/02/2023,9:55:32,-43.85501747,170.1364204,645.3783249,0.8,Birch Hill,Presence,SAG
18/02/2023,10:20:04,-43.88185231,170.1455912,640.6741341,3.2,Birch Hill,Absence,NA
18/02/2023,10:26:12,-43.81333038,170.1694887,635.7944434,2.4,Birch Hill,Absence,NA
18/02/2023,9:58:17,-43.82562912,170.1887046,630.355445,1.6,Birch Hill,Absence,NA
18/02/2023,10:01:49,-43.76551523,170.1949725,665.5886916,0.4,Birch Hill,Absence,NA
18/02/2023,10:05:06,-43.74950315,170.0857637,639.2694986,0.8,Birch Hill,Absence,NA
18/02/2023,10:06:42,-43.80514711,170.1270718,613.2915344,1.6,Birch Hill,Absence,NA
18/02/2023,10:09:21,-43.74244898,170.1926064,672.3240404,1.6,Birch Hill,Absence,NA
18/02/2023,10:14:06,-43.80530594,170.0855197,645.2935595,1.6,Birch Hill,Absence,NA
18/02/2023,10:17:12,-43.92033222,170.1317775,634.7556805,0.4,Birch Hill,Absence,NA
18/02/2023,10:53:00,-43.84154095,170.0993538,636.192592,1.2,Birch Hill,Absence,NA
18/02/2023,10:54:29,-43.78212875,170.1539933,641.4429974,1.2,Birch Hill,Absence,NA
18/02/2023,10:56:30,-43.69100372,170.1356494,634.1451521,2.4,Birch Hill,Absence,NA
18/02/2023,10:57:29,-43.8620154,170.0866592,617.7824003,0.8,Birch Hill,Absence,NA
18/02/2023,10:59:06,-43.82564672,170.139783,612.6577241,1.6,Birch Hill,Absence,NA
18/02/2023,10:59:52,-43.70983842,170.0430585,611.6319437,0.8,Birch Hill,Absence,NA
18/02/2023,11:01:31,-43.82828479,170.0307173,632.014203,3.2,Birch Hill,Absence,NA
18/02/2023,11:02:09,-43.77906929,170.097115,637.4946318,3.2,Birch Hill,Absence,NA
18/02/2023,11:03:51,-43.88840367,170.0644946,658.641575,4.8,Birch Hill,Absence,NA
18/02/2023,11:42:19,-43.80021622,170.1774898,621.8459114,3.2,Birch Hill,Absence,NA
18/02/2023,11:29:27,-43.88829057,170.1571844,628.3917978,0.8,Birch Hill,Absence,NA
18/02/2023,11:41:33,-43.72835598,170.1663521,621.4368653,3.2,Birch Hill,Absence,NA
18/02/2023,11:40:02,-43.7212507,170.1491567,630.2187119,3.2,Birch Hill,Absence,NA
18/02/2023,11:37:50,-43.84202633,170.0637571,642.2571303,1.6,Birch Hill,Absence,NA
18/02/2023,11:36:39,-43.68420369,170.1284676,617.1600101,1.6,Birch Hill,Absence,NA
18/02/2023,11:34:53,-43.73808242,170.1303173,631.9824385,2.4,Birch Hill,Absence,NA
18/02/2023,11:33:40,-43.73342968,170.144209,619.4136713,2.4,Birch Hill,Absence,NA
18/02/2023,11:32:38,-43.82400998,170.2056849,631.2129638,0.4,Birch Hill,Presence,SAG
18/02/2023,11:30:20,-43.81858937,170.1752823,634.2682802,1.2,Birch Hill,Presence,GRA
18/02/2023,11:58:49,-43.74984837,170.093655,624.7928686,0.8,Birch Hill,Absence,NA
18/02/2023,12:27:40,-43.73420259,170.0638403,616.6534908,0.8,Birch Hill,Absence,NA
18/02/2023,12:03:17,-43.78944764,170.1138337,640.1794499,0.8,Birch Hill,Absence,NA
18/02/2023,12:06:06,-43.68154887,170.0519565,618.1331027,1.2,Birch Hill,Presence,GRA
18/02/2023,12:09:17,-43.84178999,170.1930798,632.6067966,0.8,Birch Hill,Presence,SAG
18/02/2023,12:11:35,-43.80726957,170.0460723,613.0720239,1.6,Birch Hill,Absence,NA
18/02/2023,12:14:51,-43.77917773,170.0671511,603.1471294,1.6,Birch Hill,Absence,NA
18/02/2023,12:18:59,-43.68619572,170.1578922,619.5487836,2.4,Birch Hill,Absence,NA
18/02/2023,12:22:04,-43.70143223,170.0416771,625.344096,3.2,Birch Hill,Absence,NA
18/02/2023,12:24:23,-43.87855322,170.1413378,605.0260628,2.4,Birch Hill,Presence,GRA
18/02/2023,12:37:21,-43.92592264,170.088584,614.1564116,0.8,Birch Hill,Absence,NA
18/02/2023,12:50:02,-43.79903774,170.0439659,616.9555749,3.2,Birch Hill,Absence,NA
18/02/2023,12:42:38,-43.87783108,170.0886714,642.6312897,0.8,Birch Hill,Absence,NA
18/02/2023,12:42:00,-43.67743765,170.0624155,618.4303487,1.2,Birch Hill,Absence,NA
18/02/2023,12:41:17,-43.74721146,170.1468239,614.354212,1.2,Birch Hill,Absence,NA
18/02/2023,12:40:40,-43.8440803,170.1047403,616.7518114,4.8,Birch Hill,Absence,NA
18/02/2023,12:40:13,-43.86149817,170.1731371,613.0193931,4.8,Birch Hill,Absence,NA
18/02/2023,12:39:27,-43.83002892,170.0971937,615.6522801,6.4,Birch Hill,Absence,NA
18/02/2023,12:38:39,-43.88778706,170.0797886,622.1174683,6.4,Birch Hill,Absence,NA
18/02/2023,12:37:59,-43.81172913,170.0571833,641.5767988,3.2,Birch Hill,Presence,SAG
19/02/2023,9:55:32,-43.84588592,170.0688927,645.3783249,0.8,Birch Hill,Absence,NA
19/02/2023,10:20:04,-43.77580107,170.0712053,640.6741341,3.2,Birch Hill,Absence,NA
19/02/2023,10:26:12,-43.68185239,170.1857705,635.7944434,2.4,Birch Hill,Absence,NA
19/02/2023,9:58:17,-43.84577803,170.0498928,630.355445,1.6,Birch Hill,Presence,SAG
19/02/2023,10:01:49,-43.7183379,170.1462495,665.5886916,0.4,Birch Hill,Presence,SAG
19/02/2023,10:05:06,-43.71504857,170.110299,639.2694986,0.8,Birch Hill,Absence,NA
19/02/2023,10:06:42,-43.89566418,170.126654,613.2915344,1.6,Birch Hill,Presence,SAG
19/02/2023,10:06:42,-43.8536065,170.0881254,613.2915344,1.6,Birch Hill,Presence,SAG
19/02/2023,10:09:21,-43.70267653,170.0473886,672.3240404,1.6,Birch Hill,Absence,NA
19/02/2023,10:14:06,-43.76459121,170.1325998,645.2935595,1.6,Birch Hill,Presence,SAG
19/02/2023,10:17:12,-43.92440194,170.0675206,634.7556805,0.4,Birch Hill,Absence,NA
19/02/2023,10:53:00,-43.8560811,170.1118821,636.192592,1.2,Birch Hill,Absence,NA
19/02/2023,10:54:29,-43.70863869,170.0341875,641.4429974,1.2,Birch Hill,Absence,NA
19/02/2023,10:56:30,-43.75960582,170.0946391,634.1451521,2.4,Birch Hill,Absence,NA
19/02/2023,10:57:29,-43.82490543,170.0491724,617.7824003,0.8,Birch Hill,Absence,NA
19/02/2023,10:59:06,-43.71205109,170.0557666,612.6577241,1.6,Birch Hill,Absence,NA
19/02/2023,10:59:52,-43.69795942,170.1403106,611.6319437,0.8,Birch Hill,Absence,NA
19/02/2023,11:01:31,-43.84646195,170.0461801,632.014203,3.2,Birch Hill,Absence,NA
19/02/2023,11:02:09,-43.84373391,170.1876472,637.4946318,3.2,Birch Hill,Absence,NA
19/02/2023,11:03:51,-43.7389115,170.1929749,658.641575,4.8,Birch Hill,Absence,NA
19/02/2023,11:42:19,-43.86507419,170.1968278,621.8459114,3.2,Birch Hill,Absence,NA
19/02/2023,11:29:27,-43.86767814,170.1096303,628.3917978,0.8,Birch Hill,Absence,NA
19/02/2023,11:41:33,-43.794788,170.0447927,621.4368653,3.2,Birch Hill,Absence,NA
19/02/2023,11:40:02,-43.72470574,170.1866219,630.2187119,3.2,Birch Hill,Presence,SAG
19/02/2023,11:37:50,-43.82723088,170.0946819,642.2571303,1.6,Birch Hill,Absence,NA
19/02/2023,11:36:39,-43.6848868,170.0538938,617.1600101,1.6,Birch Hill,Absence,NA
19/02/2023,11:34:53,-43.8602853,170.1251281,631.9824385,2.4,Birch Hill,Absence,NA
19/02/2023,11:33:40,-43.74806613,170.1707202,619.4136713,2.4,Birch Hill,Absence,NA
19/02/2023,11:32:38,-43.7805462,170.0916353,631.2129638,0.4,Birch Hill,Absence,NA
19/02/2023,11:30:20,-43.73090503,170.1363989,634.2682802,1.2,Birch Hill,Presence,GRA
19/02/2023,11:30:20,-43.89904488,170.0849725,634.2682802,1.2,Birch Hill,Presence,GRA
19/02/2023,11:30:20,-43.73709013,170.1579583,634.2682802,1.2,Birch Hill,Presence,GRA
19/02/2023,11:58:49,-43.81085354,170.1781796,624.7928686,0.8,Birch Hill,Presence,SAG
19/02/2023,12:27:40,-43.78913334,170.1649593,616.6534908,0.8,Birch Hill,Absence,NA
19/02/2023,12:03:17,-43.71201641,170.1337798,640.1794499,0.8,Birch Hill,Absence,NA
19/02/2023,12:06:06,-43.75484446,170.0802242,618.1331027,1.2,Birch Hill,Presence,SAG
19/02/2023,12:09:17,-43.87158757,170.1000094,632.6067966,0.8,Birch Hill,Absence,NA
19/02/2023,12:11:35,-43.87229153,170.1147666,613.0720239,1.6,Birch Hill,Absence,NA
19/02/2023,12:14:51,-43.79385364,170.1455261,603.1471294,1.6,Birch Hill,Absence,NA
19/02/2023,12:18:59,-43.75851494,170.0365458,619.5487836,2.4,Birch Hill,Absence,NA
19/02/2023,12:22:04,-43.8041949,170.0543862,625.344096,3.2,Birch Hill,Presence,SAG
19/02/2023,12:24:23,-43.89356947,170.1267264,605.0260628,2.4,Birch Hill,Presence,SAG
19/02/2023,12:37:21,-43.72310289,170.0874926,614.1564116,0.8,Birch Hill,Presence,GRA
19/02/2023,12:50:02,-43.89513379,170.0426309,616.9555749,3.2,Birch Hill,Presence,SAG
19/02/2023,12:42:38,-43.77711368,170.1516733,642.6312897,0.8,Birch Hill,Absence,NA
19/02/2023,12:42:00,-43.79108988,170.0824097,618.4303487,1.2,Birch Hill,Absence,NA
19/02/2023,12:41:17,-43.72174511,170.099618,614.354212,1.2,Birch Hill,Absence,NA
19/02/2023,12:40:40,-43.8967204,170.0642067,616.7518114,4.8,Birch Hill,Absence,NA
19/02/2023,12:40:13,-43.87664695,170.0547947,613.0193931,4.8,Birch Hill,Presence,SAG
19/02/2023,12:39:27,-43.78347424,170.0733964,615.6522801,6.4,Birch Hill,Absence,NA
19/02/2023,12:38:39,-43.71695415,170.2057198,622.1174683,6.4,Birch Hill,Presence,SAG
19/02/2023,12:37:59,-43.90789873,170.0417213,641.5767988,3.2,Birch Hill,Presence,SAG
20/02/2023,9:55:32,-43.92292119,170.1442043,645.3783249,0.8,Birch Hill,Absence,NA
20/02/2023,10:20:04,-43.79537664,170.0590302,640.6741341,3.2,Birch Hill,Absence,NA
20/02/2023,10:26:12,-43.77103199,170.1203403,635.7944434,2.4,Birch Hill,Absence,NA
20/02/2023,9:58:17,-43.79087062,170.1458209,630.355445,1.6,Birch Hill,Absence,NA
20/02/2023,10:01:49,-43.78712441,170.1059679,665.5886916,0.4,Birch Hill,Absence,NA
20/02/2023,10:05:06,-43.81888845,170.0836455,639.2694986,0.8,Birch Hill,Presence,SAG
20/02/2023,10:06:42,-43.83915268,170.1921785,613.2915344,1.6,Birch Hill,Absence,NA
20/02/2023,10:06:42,-43.84279787,170.1410528,613.2915344,1.6,Birch Hill,Absence,NA
20/02/2023,10:09:21,-43.89871164,170.0243973,672.3240404,1.6,Birch Hill,Absence,NA
20/02/2023,10:14:06,-43.90650717,170.0961776,645.2935595,1.6,Birch Hill,Absence,NA
20/02/2023,10:17:12,-43.81883842,170.087262,634.7556805,0.4,Birch Hill,Absence,NA
20/02/2023,10:53:00,-43.69342406,170.0364408,636.192592,1.2,Birch Hill,Absence,NA
20/02/2023,10:54:29,-43.83719207,170.0403921,641.4429974,1.2,Birch Hill,Absence,NA
20/02/2023,10:56:30,-43.9055254,170.0714092,634.1451521,2.4,Birch Hill,Absence,NA
20/02/2023,10:57:29,-43.8375464,170.1926193,617.7824003,0.8,Birch Hill,Presence,SAG
20/02/2023,10:59:06,-43.71647201,170.1383861,612.6577241,1.6,Birch Hill,Absence,NA
20/02/2023,10:59:52,-43.72327073,170.1787442,611.6319437,0.8,Birch Hill,Absence,NA
20/02/2023,11:01:31,-43.69730918,170.138285,632.014203,3.2,Birch Hill,Absence,NA
20/02/2023,11:02:09,-43.89300377,170.0614496,637.4946318,3.2,Birch Hill,Absence,NA
20/02/2023,11:03:51,-43.67725687,170.0821024,658.641575,4.8,Birch Hill,Absence,NA
20/02/2023,11:42:19,-43.8399599,170.1864483,621.8459114,3.2,Birch Hill,Absence,NA
20/02/2023,11:29:27,-43.78986555,170.1685185,628.3917978,0.8,Birch Hill,Absence,NA
20/02/2023,11:41:33,-43.74492436,170.1434566,621.4368653,3.2,Birch Hill,Absence,NA
20/02/2023,11:40:02,-43.81374901,170.1400677,630.2187119,3.2,Birch Hill,Absence,NA
20/02/2023,11:37:50,-43.88591733,170.1504566,642.2571303,1.6,Birch Hill,Absence,NA
20/02/2023,11:36:39,-43.91422309,170.1804519,617.1600101,1.6,Birch Hill,Absence,NA
20/02/2023,11:34:53,-43.88509752,170.1100989,631.9824385,2.4,Birch Hill,Absence,NA
20/02/2023,11:33:40,-43.78737725,170.1200931,619.4136713,2.4,Birch Hill,Absence,NA
20/02/2023,11:32:38,-43.83426421,170.1569706,631.2129638,0.4,Birch Hill,Absence,NA
20/02/2023,11:30:20,-43.84839599,170.1220794,634.2682802,1.2,Birch Hill,Presence,GRA
20/02/2023,11:58:49,-43.76158876,170.1861665,624.7928686,0.8,Birch Hill,Absence,NA
20/02/2023,12:27:40,-43.71527532,170.0697445,616.6534908,0.8,Birch Hill,Absence,NA
20/02/2023,12:03:17,-43.69079582,170.0538486,640.1794499,0.8,Birch Hill,Absence,NA
20/02/2023,12:06:06,-43.70457434,170.0328801,618.1331027,1.2,Birch Hill,Presence,SAG
20/02/2023,12:06:06,-43.87934372,170.1312899,618.1331027,1.2,Birch Hill,Presence,GRA
20/02/2023,12:09:17,-43.8767087,170.0409584,632.6067966,0.8,Birch Hill,Absence,NA
20/02/2023,12:11:35,-43.80414304,170.0936946,613.0720239,1.6,Birch Hill,Absence,NA
20/02/2023,12:14:51,-43.80704994,170.0961716,603.1471294,1.6,Birch Hill,Absence,NA
20/02/2023,12:18:59,-43.76725527,170.2018741,619.5487836,2.4,Birch Hill,Absence,NA
20/02/2023,12:22:04,-43.90843178,170.0564874,625.344096,3.2,Birch Hill,Absence,NA
20/02/2023,12:24:23,-43.83856476,170.1486842,605.0260628,2.4,Birch Hill,Absence,NA
20/02/2023,12:37:21,-43.88823069,170.1016805,614.1564116,0.8,Birch Hill,Absence,NA
20/02/2023,12:50:02,-43.8157698,170.1059334,616.9555749,3.2,Birch Hill,Absence,NA
20/02/2023,12:42:38,-43.7187673,170.0722245,642.6312897,0.8,Birch Hill,Absence,NA
20/02/2023,12:42:00,-43.88833493,170.0522625,618.4303487,1.2,Birch Hill,Absence,NA
20/02/2023,12:41:17,-43.884469,170.1426032,614.354212,1.2,Birch Hill,Absence,NA
20/02/2023,12:40:40,-43.92042366,170.1700522,616.7518114,4.8,Birch Hill,Absence,NA
20/02/2023,12:40:13,-43.78717352,170.1480669,613.0193931,4.8,Birch Hill,Absence,NA
20/02/2023,12:39:27,-43.84223768,170.1355076,615.6522801,6.4,Birch Hill,Absence,NA
20/02/2023,12:38:39,-43.83632504,170.1076707,622.1174683,6.4,Birch Hill,Absence,NA
20/02/2023,12:37:59,-43.71439316,170.1729165,641.5767988,3.2,Birch Hill,Absence,NA
21/02/2023,9:55:32,-43.71342959,170.1620595,645.3783249,0.8,Birch Hill,Absence,NA
21/02/2023,10:20:04,-43.80171166,170.187686,640.6741341,3.2,Birch Hill,Absence,NA
21/02/2023,10:26:12,-43.81138335,170.0694089,635.7944434,2.4,Birch Hill,Presence,GRA
21/02/2023,9:58:17,-43.78459987,170.1896267,630.355445,1.6,Birch Hill,Absence,NA
21/02/2023,10:01:49,-43.70785434,170.1331312,665.5886916,0.4,Birch Hill,Presence,SAG
21/02/2023,10:05:06,-43.71939546,170.0376956,639.2694986,0.8,Birch Hill,Absence,NA
21/02/2023,10:06:42,-43.72969393,170.0267326,613.2915344,1.6,Birch Hill,Absence,NA
21/02/2023,10:09:21,-43.78936549,170.0506681,672.3240404,1.6,Birch Hill,Absence,NA
21/02/2023,10:14:06,-43.80644941,170.0484208,645.2935595,1.6,Birch Hill,Presence,SAG
21/02/2023,10:14:06,-43.74754828,170.0495317,645.2935595,1.6,Birch Hill,Presence,SAG
21/02/2023,10:14:06,-43.79991672,170.1520085,645.2935595,1.6,Birch Hill,Presence,SAG
21/02/2023,10:17:12,-43.84287952,170.116249,634.7556805,0.4,Birch Hill,Absence,NA
21/02/2023,10:53:00,-43.91703272,170.1636424,636.192592,1.2,Birch Hill,Absence,NA
21/02/2023,10:54:29,-43.85723244,170.0314747,641.4429974,1.2,Birch Hill,Presence,GRA
21/02/2023,10:56:30,-43.91647426,170.0264626,634.1451521,2.4,Birch Hill,Absence,NA
21/02/2023,10:57:29,-43.69485134,170.1388315,617.7824003,0.8,Birch Hill,Absence,NA
21/02/2023,10:59:06,-43.77850486,170.0789466,612.6577241,1.6,Birch Hill,Absence,NA
21/02/2023,10:59:52,-43.76054141,170.1041316,611.6319437,0.8,Birch Hill,Absence,NA
21/02/2023,11:01:31,-43.7302027,170.1227933,632.014203,3.2,Birch Hill,Absence,NA
21/02/2023,11:02:09,-43.77028028,170.0499216,637.4946318,3.2,Birch Hill,Absence,NA
21/02/2023,11:03:51,-43.70958414,170.199713,658.641575,4.8,Birch Hill,Absence,NA
21/02/2023,11:42:19,-43.92433585,170.1777775,621.8459114,3.2,Birch Hill,Absence,NA
21/02/2023,11:29:27,-43.69337566,170.1931834,628.3917978,0.8,Birch Hill,Absence,NA
21/02/2023,11:41:33,-43.82294493,170.0561875,621.4368653,3.2,Birch Hill,Absence,NA
21/02/2023,11:40:02,-43.82557473,170.1319362,630.2187119,3.2,Birch Hill,Absence,NA
21/02/2023,11:37:50,-43.86243598,170.06612,642.2571303,1.6,Birch Hill,Absence,NA
21/02/2023,11:36:39,-43.7882287,170.0277137,617.1600101,1.6,Birch Hill,Absence,NA
21/02/2023,11:34:53,-43.67369397,170.1255397,631.9824385,2.4,Birch Hill,Absence,NA
21/02/2023,11:33:40,-43.83338383,170.1416556,619.4136713,2.4,Birch Hill,Absence,NA
21/02/2023,11:32:38,-43.72362847,170.1596507,631.2129638,0.4,Birch Hill,Presence,GRA
21/02/2023,11:30:20,-43.90573215,170.1153353,634.2682802,1.2,Birch Hill,Absence,NA
21/02/2023,11:58:49,-43.67578003,170.0771607,624.7928686,0.8,Birch Hill,Absence,NA
21/02/2023,12:27:40,-43.91176215,170.0285902,616.6534908,0.8,Birch Hill,Absence,NA
21/02/2023,12:03:17,-43.76587352,170.0459723,640.1794499,0.8,Birch Hill,Absence,NA
21/02/2023,12:06:06,-43.9170907,170.0481131,618.1331027,1.2,Birch Hill,Presence,SAG
21/02/2023,12:09:17,-43.87477254,170.1816651,632.6067966,0.8,Birch Hill,Absence,NA
21/02/2023,12:11:35,-43.82741459,170.1516203,613.0720239,1.6,Birch Hill,Absence,NA
21/02/2023,12:14:51,-43.75050022,170.0270272,603.1471294,1.6,Birch Hill,Absence,NA
21/02/2023,12:18:59,-43.75682523,170.1172318,619.5487836,2.4,Birch Hill,Presence,GRA
21/02/2023,12:22:04,-43.73673857,170.1104436,625.344096,3.2,Birch Hill,Absence,NA
21/02/2023,12:24:23,-43.87075874,170.0634505,605.0260628,2.4,Birch Hill,Absence,NA
21/02/2023,12:37:21,-43.67447277,170.1509279,614.1564116,0.8,Birch Hill,Presence,GRA
21/02/2023,12:50:02,-43.8287704,170.1368456,616.9555749,3.2,Birch Hill,Absence,NA
21/02/2023,12:42:38,-43.84925485,170.1992107,642.6312897,0.8,Birch Hill,Absence,NA
21/02/2023,12:42:00,-43.71217707,170.1440714,618.4303487,1.2,Birch Hill,Absence,NA
21/02/2023,12:41:17,-43.91726742,170.0343663,614.354212,1.2,Birch Hill,Absence,NA
21/02/2023,12:40:40,-43.85796877,170.1182665,616.7518114,4.8,Birch Hill,Absence,NA
21/02/2023,12:40:13,-43.84066409,170.1655677,613.0193931,4.8,Birch Hill,Absence,NA
21/02/2023,12:39:27,-43.70674248,170.0507137,615.6522801,6.4,Birch Hill,Presence,GRA
21/02/2023,12:38:39,-43.89393374,170.164696,622.1174683,6.4,Birch Hill,Absence,NA
21/02/2023,12:37:59,-43.78235673,170.0872128,641.5767988,3.2,Birch Hill,Absence,NA
27/02/2023,NA,-43.75758469,170.3675271,863.504517,4,Cass River,Absence,NA
28/02/2023,NA,-43.70321891,170.4111851,863.504517,4,Cass River,Presence,SAG
28/02/2023,NA,-43.67371935,170.412996,863.504517,4,Cass River,Presence,SAG
1/03/2023,NA,-43.87309499,170.3129141,863.504517,4,Cass River,Presence,SAG
2/03/2023,NA,-43.71652358,170.3482646,863.504517,4,Cass River,Presence,RMM
2/03/2023,NA,-43.88000619,170.3853874,863.504517,4,Cass River,Absence,NA
27/02/2023,NA,-43.80973033,170.3490582,857.894043,4,Cass River,Absence,NA
28/02/2023,NA,-43.77475541,170.3441594,857.894043,4,Cass River,Absence,NA
1/03/2023,NA,-43.71096027,170.4539536,857.894043,4,Cass River,Presence,SAG
2/03/2023,NA,-43.75895852,170.4361077,857.894043,4,Cass River,Presence,RMM
27/02/2023,NA,-43.6903933,170.3176803,864.630493,4,Cass River,Presence,SAG
28/02/2023,NA,-43.9209434,170.3703254,864.630493,4,Cass River,Presence,RMM
1/03/2023,NA,-43.86567741,170.3334272,864.630493,4,Cass River,Presence,SAG
1/03/2023,NA,-43.82165654,170.3255489,864.630493,4,Cass River,Presence,SAG
1/03/2023,NA,-43.71087933,170.3665829,864.630493,4,Cass River,Presence,RMM
2/03/2023,NA,-43.74099453,170.4750365,864.630493,4,Cass River,Absence,SAG
27/02/2023,NA,-43.715384,170.3583693,864.562012,4,Cass River,Absence,NA
28/02/2023,NA,-43.82302164,170.3129988,864.562012,4,Cass River,Presence,RMM
28/02/2023,NA,-43.8054803,170.3913467,864.562012,4,Cass River,Presence,RMM
1/03/2023,NA,-43.73386207,170.3551509,864.562012,4,Cass River,Presence,RMM
1/03/2023,NA,-43.67440527,170.331421,864.562012,4,Cass River,Presence,SAG
2/03/2023,NA,-43.87554976,170.3684742,864.562012,4,Cass River,Presence,SAG
2/03/2023,NA,-43.77756765,170.4439508,864.562012,4,Cass River,Presence,SAG
2/03/2023,NA,-43.76656517,170.3219552,864.562012,4,Cass River,Presence,SAG
2/03/2023,NA,-43.67672976,170.3921964,864.562012,4,Cass River,Presence,SAG
27/02/2023,NA,-43.70808958,170.3039453,864.496704,4,Cass River,Absence,NA
28/02/2023,NA,-43.86819764,170.4340096,864.496704,4,Cass River,Absence,NA
1/03/2023,NA,-43.8848057,170.3827205,864.496704,4,Cass River,Presence,RMM
2/03/2023,NA,-43.78676597,170.3020312,864.496704,4,Cass River,Presence,RMM
2/03/2023,NA,-43.71644424,170.3469964,864.496704,4,Cass River,Presence,RMM
27/02/2023,NA,-43.66988582,170.3451821,857.018494,4,Cass River,Absence,NA
28/02/2023,NA,-43.67706728,170.4371617,857.018494,4,Cass River,Presence,SAG
28/02/2023,NA,-43.9009837,170.4011014,857.018494,4,Cass River,Presence,SAG
28/02/2023,NA,-43.68693448,170.3636871,857.018494,4,Cass River,Presence,RMM
28/02/2023,NA,-43.84327917,170.3231617,857.018494,4,Cass River,Presence,NA
1/03/2023,NA,-43.86238557,170.357912,857.018494,4,Cass River,Presence,RMM
1/03/2023,NA,-43.71270812,170.4122125,857.018494,4,Cass River,Presence,RMM
2/03/2023,NA,-43.75810502,170.3684898,857.018494,4,Cass River,Absence,NA
27/02/2023,NA,-43.91790281,170.4506761,858.259094,4,Cass River,Presence,SAG
27/02/2023,NA,-43.6855061,170.4487019,858.259094,4,Cass River,Presence,SAG
28/02/2023,NA,-43.72046758,170.3395652,858.259094,4,Cass River,Absence,NA
1/03/2023,NA,-43.76961572,170.4625324,858.259094,4,Cass River,Presence,SAG
2/03/2023,NA,-43.88507696,170.3658303,858.259094,4,Cass River,Absence,NA
27/02/2023,NA,-43.77995122,170.3011082,858.329041,4,Cass River,Absence,NA
28/02/2023,NA,-43.88795712,170.3415746,858.329041,4,Cass River,Absence,NA
1/03/2023,NA,-43.87269766,170.3554367,858.329041,4,Cass River,Presence,RMM
2/03/2023,NA,-43.85360475,170.3810925,858.329041,4,Cass River,Absence,NA
27/02/2023,NA,-43.79323166,170.3072173,859.438293,4,Cass River,Presence,SAG
28/02/2023,NA,-43.79995133,170.4560762,859.438293,4,Cass River,Absence,NA
1/03/2023,NA,-43.81313484,170.4258747,859.438293,4,Cass River,Absence,NA
2/03/2023,NA,-43.85853569,170.388502,859.438293,4,Cass River,Absence,NA
27/02/2023,NA,-43.710693,170.4256993,858.25061,4,Cass River,Absence,NA
28/02/2023,NA,-43.888351,170.4391711,858.25061,4,Cass River,Presence,RMM
28/02/2023,NA,-43.90642298,170.4547554,858.25061,4,Cass River,Presence,RMM
1/03/2023,NA,-43.90244738,170.3172431,858.25061,4,Cass River,Absence,NA
2/03/2023,NA,-43.80873219,170.402504,858.25061,4,Cass River,Absence,NA
27/02/2023,NA,-43.7373513,170.4183573,896.126404,4,Cass River,Absence,NA
28/02/2023,NA,-43.90717838,170.3767825,896.126404,4,Cass River,Absence,NA
1/03/2023,NA,-43.75683171,170.3718493,896.126404,4,Cass River,Presence,RMM
2/03/2023,NA,-43.80027349,170.4074885,896.126404,4,Cass River,Absence,NA
27/02/2023,NA,-43.70974402,170.3769592,875.297058,4,Cass River,Presence,RMM
28/02/2023,NA,-43.78926111,170.3209579,875.297058,4,Cass River,Absence,NA
1/03/2023,NA,-43.77388376,170.3040786,875.297058,4,Cass River,Absence,NA
2/03/2023,NA,-43.68446022,170.3335152,875.297058,4,Cass River,Absence,NA
27/02/2023,NA,-43.81652467,170.3524782,889.617004,4,Cass River,Absence,NA
28/02/2023,NA,-43.77110062,170.4371163,889.617004,4,Cass River,Absence,NA
1/03/2023,NA,-43.74637555,170.4147449,889.617004,4,Cass River,Presence,RMM
2/03/2023,NA,-43.68842545,170.3720906,889.617004,4,Cass River,Absence,NA
27/02/2023,NA,-43.78432649,170.3490513,890.862,4,Cass River,Presence,RMM
28/02/2023,NA,-43.80966751,170.3229868,890.862,4,Cass River,Absence,NA
1/03/2023,NA,-43.72936876,170.3570211,890.862,4,Cass River,Absence,NA
2/03/2023,NA,-43.83960713,170.4540969,890.862,4,Cass River,Absence,NA
27/02/2023,NA,-43.83783364,170.3418639,887.51178,4,Cass River,Presence,SCR
27/02/2023,NA,-43.77893074,170.3818588,887.51178,4,Cass River,Presence,RMM
28/02/2023,NA,-43.90962696,170.4551039,887.51178,4,Cass River,Presence,SAG
1/03/2023,NA,-43.74677425,170.3098432,887.51178,4,Cass River,Presence,SAG
2/03/2023,NA,-43.67253154,170.3360191,887.51178,4,Cass River,Absence,NA
27/02/2023,NA,-43.72099349,170.3242986,886.402893,4,Cass River,Absence,NA
28/02/2023,NA,-43.71656536,170.4026562,886.402893,4,Cass River,Absence,NA
1/03/2023,NA,-43.72011485,170.3244415,886.402893,4,Cass River,Presence,SAG
2/03/2023,NA,-43.71725563,170.3815343,886.402893,4,Cass River,Absence,NA
27/02/2023,NA,-43.87426668,170.4176282,885.393494,4,Cass River,Presence,RMM
27/02/2023,NA,-43.77800923,170.3916447,885.393494,4,Cass River,Presence,RMM
28/02/2023,NA,-43.68873584,170.390229,885.393494,4,Cass River,Presence,SAG
1/03/2023,NA,-43.73348496,170.4635096,885.393494,4,Cass River,Presence,RMM
1/03/2023,NA,-43.76537114,170.3379192,885.393494,4,Cass River,Presence,RMM
1/03/2023,NA,-43.8106891,170.4416198,885.393494,4,Cass River,Presence,SAG
2/03/2023,NA,-43.68822282,170.4511152,885.393494,4,Cass River,Absence,NA
27/02/2023,NA,-43.89801097,170.4767419,882.977783,4,Cass River,Presence,RMM
27/02/2023,NA,-43.71930769,170.4250755,882.977783,4,Cass River,Presence,RMM
27/02/2023,NA,-43.84073572,170.4103139,882.977783,4,Cass River,Presence,RMM
28/02/2023,NA,-43.83452125,170.3872286,882.977783,4,Cass River,Absence,NA
1/03/2023,NA,-43.92245071,170.439069,882.977783,4,Cass River,Absence,NA
2/03/2023,NA,-43.69702658,170.4498498,882.977783,4,Cass River,Absence,NA
27/02/2023,NA,-43.72550344,170.4324152,881.267151,4,Cass River,Presence,SAG
27/02/2023,NA,-43.86854481,170.3216816,881.267151,4,Cass River,Presence,RMM
27/02/2023,NA,-43.74008603,170.4733943,881.267151,4,Cass River,Presence,RMM
28/02/2023,NA,-43.91365397,170.3131676,881.267151,4,Cass River,Absence,NA
1/03/2023,NA,-43.85525853,170.418435,881.267151,4,Cass River,Absence,NA
2/03/2023,NA,-43.81115257,170.4078096,881.267151,4,Cass River,Absence,NA
27/02/2023,NA,-43.73805289,170.3966538,880.42511,4,Cass River,Presence,RMM
27/02/2023,NA,-43.8231855,170.3083177,880.42511,4,Cass River,Presence,RMM
28/02/2023,NA,-43.73877045,170.3269818,880.42511,4,Cass River,Absence,NA
1/03/2023,NA,-43.91285788,170.4544996,880.42511,4,Cass River,Absence,NA
2/03/2023,NA,-43.74322809,170.3739619,880.42511,4,Cass River,Absence,NA
27/02/2023,NA,-43.77535092,170.3001834,904.470703,4,Cass River,Presence,RMM
28/02/2023,NA,-43.89451812,170.4711545,904.470703,4,Cass River,Absence,NA
1/03/2023,NA,-43.87027602,170.3352609,904.470703,4,Cass River,Presence,RMM
2/03/2023,NA,-43.78213731,170.3308466,904.470703,4,Cass River,Absence,NA
27/02/2023,NA,-43.6818911,170.4582045,880.083618,4,Cass River,Absence,NA
28/02/2023,NA,-43.79809149,170.3897319,880.083618,4,Cass River,Absence,NA
1/03/2023,NA,-43.79087541,170.3697953,880.083618,4,Cass River,Absence,NA
2/03/2023,NA,-43.86986024,170.4606247,880.083618,4,Cass River,Absence,NA
27/02/2023,NA,-43.82819177,170.3328343,900.404968,4,Cass River,Absence,NA
28/02/2023,NA,-43.87848163,170.3259887,900.404968,4,Cass River,Absence,NA
1/03/2023,NA,-43.79596266,170.3427568,900.404968,4,Cass River,Absence,NA
2/03/2023,NA,-43.71504328,170.3291057,900.404968,4,Cass River,Absence,NA
27/02/2023,NA,-43.78945164,170.3873787,897.92334,4,Cass River,Presence,RMM
27/02/2023,NA,-43.80770708,170.4018377,897.92334,4,Cass River,Presence,RMM
28/02/2023,NA,-43.69453815,170.4694443,897.92334,4,Cass River,Absence,NA
1/03/2023,NA,-43.71203903,170.3442672,897.92334,4,Cass River,Presence,SAG
2/03/2023,NA,-43.90643506,170.4282737,897.92334,4,Cass River,Absence,SCR
27/02/2023,NA,-43.79760817,170.3314376,895.512878,4,Cass River,Absence,NA
28/02/2023,NA,-43.84760196,170.4767218,895.512878,4,Cass River,Absence,NA
1/03/2023,NA,-43.83926447,170.4707881,895.512878,4,Cass River,Absence,NA
2/03/2023,NA,-43.68080143,170.3989332,895.512878,4,Cass River,Presence,SAG
27/02/2023,NA,-43.75199511,170.3554828,892.127625,4,Cass River,Presence,RMM
28/02/2023,NA,-43.91310959,170.3652501,892.127625,4,Cass River,Absence,NA
1/03/2023,NA,-43.77994851,170.3180786,892.127625,4,Cass River,Absence,NA
2/03/2023,NA,-43.82253161,170.3516776,892.127625,4,Cass River,Presence,RMM
27/02/2023,NA,-43.83081768,170.3153682,888.633057,4,Cass River,Presence,RMM
28/02/2023,NA,-43.69745575,170.4682396,888.633057,4,Cass River,Absence,NA
1/03/2023,NA,-43.89709872,170.4118564,888.633057,4,Cass River,Presence,NA
2/03/2023,NA,-43.77200931,170.3353145,888.633057,4,Cass River,Absence,NA
27/02/2023,NA,-43.88772178,170.3049679,886.136963,4,Cass River,Presence,RMM
28/02/2023,NA,-43.92507917,170.4766921,886.136963,4,Cass River,Absence,NA
1/03/2023,NA,-43.83619012,170.4473985,886.136963,4,Cass River,Absence,NA
2/03/2023,NA,-43.78422764,170.4604495,886.136963,4,Cass River,Absence,NA
27/02/2023,NA,-43.70752516,170.3216402,884.661621,4,Cass River,Presence,RMM
28/02/2023,NA,-43.71944458,170.4624088,884.661621,4,Cass River,Absence,NA
1/03/2023,NA,-43.76222154,170.4615701,884.661621,4,Cass River,Absence,NA
2/03/2023,NA,-43.75216247,170.3560391,884.661621,4,Cass River,Absence,NA
27/02/2023,NA,-43.71908386,170.434248,881.96228,4,Cass River,Absence,NA
28/02/2023,NA,-43.73137285,170.3325274,881.96228,4,Cass River,Absence,NA
1/03/2023,NA,-43.73197375,170.4486055,881.96228,4,Cass River,Absence,NA
2/03/2023,NA,-43.8403177,170.4524183,881.96228,4,Cass River,Presence,SAG
27/02/2023,NA,-43.72096797,170.3439506,905.27301,4,Cass River,Absence,NA
28/02/2023,NA,-43.87877872,170.4316334,905.27301,4,Cass River,Presence,SCR
1/03/2023,NA,-43.85407106,170.2981027,905.27301,4,Cass River,Absence,NA
2/03/2023,NA,-43.73813019,170.4054423,905.27301,4,Cass River,Absence,NA
27/02/2023,NA,-43.76794943,170.4767649,891.869751,4,Cass River,Absence,NA
28/02/2023,NA,-43.77093572,170.3387372,891.869751,4,Cass River,Presence,RMM
1/03/2023,NA,-43.74879581,170.3028718,891.869751,4,Cass River,Presence,RMM
2/03/2023,NA,-43.89204871,170.4751921,891.869751,4,Cass River,Absence,NA
27/02/2023,NA,-43.73756618,170.42952,905.444641,4,Cass River,Presence,SCR
28/02/2023,NA,-43.70335664,170.3103563,905.444641,4,Cass River,Absence,NA
1/03/2023,NA,-43.836083,170.3977896,905.444641,4,Cass River,Absence,NA
2/03/2023,NA,-43.69249304,170.4272712,905.444641,4,Cass River,Presence,RMM
27/02/2023,NA,-43.71139422,170.3244238,897.729065,4,Cass River,Presence,RMM
27/02/2023,NA,-43.79942275,170.3446788,897.729065,4,Cass River,Presence,RMM
28/02/2023,NA,-43.76338897,170.4327888,897.729065,4,Cass River,Presence,RMM
28/02/2023,NA,-43.85001343,170.4659296,897.729065,4,Cass River,Presence,RMM
1/03/2023,NA,-43.76320224,170.4205944,897.729065,4,Cass River,Absence,NA
2/03/2023,NA,-43.9224713,170.4462495,897.729065,4,Cass River,Presence,RMM
2/03/2023,NA,-43.84106581,170.3292398,897.729065,4,Cass River,Presence,SAG
27/02/2023,NA,-43.71988597,170.3782266,898.079956,4,Cass River,Absence,NA
28/02/2023,NA,-43.7361279,170.365327,898.079956,4,Cass River,Absence,NA
1/03/2023,NA,-43.89973224,170.3383442,898.079956,4,Cass River,Presence,RMM
2/03/2023,NA,-43.77590937,170.3778655,898.079956,4,Cass River,Presence,RMM
2/03/2023,NA,-43.83243115,170.3127192,898.079956,4,Cass River,Presence,RMM
27/02/2023,NA,-43.74974855,170.4556015,900.443542,4,Cass River,Presence,RMM
28/02/2023,NA,-43.91033062,170.4238179,900.443542,4,Cass River,Absence,NA
1/03/2023,NA,-43.77633799,170.3453629,900.443542,4,Cass River,Presence,RMM
1/03/2023,NA,-43.78868187,170.3974252,900.443542,4,Cass River,Presence,RMM
2/03/2023,NA,-43.7693256,170.3414671,900.443542,4,Cass River,Absence,NA
27/02/2023,NA,-43.72390597,170.3258341,897.068604,4,Cass River,Absence,NA
28/02/2023,NA,-43.91044484,170.3597962,897.068604,4,Cass River,Absence,NA
1/03/2023,NA,-43.91046003,170.3801394,897.068604,4,Cass River,Absence,NA
2/03/2023,NA,-43.70546914,170.4374476,897.068604,4,Cass River,Presence,SAG
27/02/2023,NA,-43.83187537,170.3004281,899.289001,4,Cass River,Presence,SAG
28/02/2023,NA,-43.71198496,170.3708882,899.289001,4,Cass River,Presence,RMM
1/03/2023,NA,-43.82474928,170.3475135,899.289001,4,Cass River,Presence,SAG
1/03/2023,NA,-43.89757887,170.4188609,899.289001,4,Cass River,Presence,SAG
2/03/2023,NA,-43.76852651,170.4188448,899.289001,4,Cass River,Absence,NA
27/02/2023,NA,-43.85479601,170.4681343,886.180603,4,Cass River,Presence,RMM
28/02/2023,NA,-43.80199835,170.4709379,886.180603,4,Cass River,Absence,NA
1/03/2023,NA,-43.85808568,170.3314588,886.180603,4,Cass River,Absence,NA
2/03/2023,NA,-43.68735796,170.4314974,886.180603,4,Cass River,Absence,NA
27/02/2023,NA,-43.90718355,170.4195739,889.700623,4,Cass River,Presence,RMM
28/02/2023,NA,-43.68149587,170.4628105,889.700623,4,Cass River,Absence,NA
1/03/2023,NA,-43.90085053,170.3242056,889.700623,4,Cass River,Absence,NA
2/03/2023,NA,-43.7716368,170.3254923,889.700623,4,Cass River,Absence,NA
26/02/2023,NA,-43.68887282,170.3261843,858.109558,4,Cass River,Presence,RMM
26/02/2023,NA,-43.80418091,170.3728557,858.109558,4,Cass River,Presence,SAG
27/02/2023,NA,-43.82887583,170.4710139,858.109558,4,Cass River,Absence,NA
28/02/2023,NA,-43.90236178,170.3363478,858.109558,4,Cass River,Absence,NA
1/03/2023,NA,-43.70229559,170.33801,858.109558,4,Cass River,Absence,NA
2/03/2023,NA,-43.92463369,170.3803827,858.109558,4,Cass River,Absence,NA
27/02/2023,NA,-43.76190328,170.460197,875.691162,4,Cass River,Absence,NA
28/02/2023,NA,-43.77827038,170.4276884,875.691162,4,Cass River,Presence,RMM
1/03/2023,NA,-43.84364142,170.4309703,875.691162,4,Cass River,Absence,NA
2/03/2023,NA,-43.86794982,170.3747125,875.691162,4,Cass River,Absence,NA
26/02/2023,NA,-43.69655204,170.3171304,860.438416,4,Cass River,Absence,NA
27/02/2023,NA,-43.71301338,170.3404232,860.438416,4,Cass River,Presence,RMM
28/02/2023,NA,-43.73091935,170.4087655,860.438416,4,Cass River,Presence,SAG
28/02/2023,NA,-43.90372988,170.4679672,860.438416,4,Cass River,Presence,RMM
1/03/2023,NA,-43.84110738,170.4602357,860.438416,4,Cass River,Absence,NA
2/03/2023,NA,-43.69290251,170.3587067,860.438416,4,Cass River,Presence,RMM
27/02/2023,NA,-43.79781635,170.3771341,861.685059,4,Cass River,Absence,NA
28/02/2023,NA,-43.84973974,170.41724,861.685059,4,Cass River,Presence,RMM
1/03/2023,NA,-43.72468974,170.4115203,861.685059,4,Cass River,Absence,NA
2/03/2023,NA,-43.78187505,170.4610491,861.685059,4,Cass River,Absence,NA
27/02/2023,NA,-43.71986535,170.4105705,863.955811,4,Cass River,Absence,NA
28/02/2023,NA,-43.67093513,170.4321049,863.955811,4,Cass River,Absence,NA
1/03/2023,NA,-43.848982,170.3304442,863.955811,4,Cass River,Absence,NA
2/03/2023,NA,-43.9136225,170.3087521,863.955811,4,Cass River,Absence,NA
27/02/2023,NA,-43.79886626,170.3879049,862.899719,4,Cass River,Presence,RMM
27/02/2023,NA,-43.84018619,170.448782,862.899719,4,Cass River,Presence,RMM
28/02/2023,NA,-43.90120171,170.3561355,862.899719,4,Cass River,Absence,NA
1/03/2023,NA,-43.68272846,170.4292043,862.899719,4,Cass River,Absence,NA
2/03/2023,NA,-43.90519578,170.4650157,862.899719,4,Cass River,Absence,NA
27/02/2023,NA,-43.86217792,170.3608214,863.367188,4,Cass River,Presence,RMM
28/02/2023,NA,-43.84755095,170.4313072,863.367188,4,Cass River,Presence,RMM
28/02/2023,NA,-43.80149002,170.378003,863.367188,4,Cass River,Presence,RMM
1/03/2023,NA,-43.8948828,170.4119408,863.367188,4,Cass River,Absence,NA
2/03/2023,NA,-43.70981043,170.4053392,863.367188,4,Cass River,Presence,SAG
27/02/2023,NA,-43.72325304,170.4377891,864.178894,4,Cass River,Presence,RMM
28/02/2023,NA,-43.92493674,170.3045569,864.178894,4,Cass River,Absence,NA
1/03/2023,NA,-43.75855557,170.4715995,864.178894,4,Cass River,Absence,NA
2/03/2023,NA,-43.76552669,170.4320361,864.178894,4,Cass River,Presence,SAG
2/03/2023,NA,-43.86389284,170.4627073,864.178894,4,Cass River,Presence,SAG
27/02/2023,NA,-43.80204907,170.4154025,866.981506,4,Cass River,Presence,RMM
27/02/2023,NA,-43.69350983,170.4186639,866.981506,4,Cass River,Presence,RMM
27/02/2023,NA,-43.90031751,170.4155433,866.981506,4,Cass River,Presence,RMM
28/02/2023,NA,-43.74771159,170.3026561,866.981506,4,Cass River,Absence,NA
1/03/2023,NA,-43.90127118,170.3864843,866.981506,4,Cass River,Presence,SAG
2/03/2023,NA,-43.69298704,170.319983,866.981506,4,Cass River,Presence,SAG
27/02/2023,NA,-43.91520397,170.4128548,873.318665,4,Cass River,Presence,SAG
27/02/2023,NA,-43.79842653,170.4020735,873.318665,4,Cass River,Presence,SAG
28/02/2023,NA,-43.78800726,170.3480689,873.318665,4,Cass River,Absence,NA
1/03/2023,NA,-43.7999162,170.4497674,873.318665,4,Cass River,Absence,NA
2/03/2023,NA,-43.903174,170.3381695,873.318665,4,Cass River,Absence,NA
13/03/2023,NA,-43.8363121,170.7146761,1462,0.5,Round Hill,Presence,RMM
13/03/2023,NA,-43.82145903,170.6598185,1459.2,0.5,Round Hill,Absence,NA
13/03/2023,NA,-43.71071733,170.687496,1462.3,0.5,Round Hill,Absence,NA
13/03/2023,NA,-43.7971874,170.7299106,1462.2,0.5,Round Hill,Absence,NA
13/03/2023,NA,-43.86866894,170.6738086,1462,0.5,Round Hill,Absence,NA
13/03/2023,NA,-43.82160188,170.7454144,1461.4,0.5,Round Hill,Presence,ARS
13/03/2023,NA,-43.90509155,170.6274674,1461,0.5,Round Hill,Absence,NA
13/03/2023,NA,-43.73452829,170.7273726,1460.3,0.5,Round Hill,Absence,NA
13/03/2023,NA,-43.73502973,170.5967483,1459.5,0.5,Round Hill,Absence,NA
13/03/2023,NA,-43.84649873,170.5904412,1458.8,0.5,Round Hill,Absence,NA
13/03/2023,NA,-43.94376432,170.7216124,1467.3,0.5,Round Hill,Absence,NA
13/03/2023,NA,-43.92931019,170.6793358,1464.3,0.5,Round Hill,Absence,NA
13/03/2023,NA,-43.77654834,170.5998389,1467.7,0.5,Round Hill,Absence,NA
13/03/2023,NA,-43.70714926,170.7117263,1468.1,0.5,Round Hill,Absence,NA
13/03/2023,NA,-43.80582409,170.6414583,1467.3,0.5,Round Hill,Absence,NA
13/03/2023,NA,-43.78424465,170.7386977,1467.3,0.5,Round Hill,Presence,ARS
13/03/2023,NA,-43.70909133,170.6408528,1466.5,0.5,Round Hill,Absence,NA
13/03/2023,NA,-43.73143906,170.5944076,1466.5,0.5,Round Hill,Presence,ARS
13/03/2023,NA,-43.79855484,170.6551218,1465.7,0.5,Round Hill,Absence,NA
13/03/2023,NA,-43.70299421,170.6085646,1464.9,0.5,Round Hill,Presence,RMM
13/03/2023,NA,-43.69818664,170.7407327,1491.6,0.5,Round Hill,Absence,NA
13/03/2023,NA,-43.93287924,170.6844988,1476,0.5,Round Hill,Absence,NA
13/03/2023,NA,-43.86718999,170.677653,1489.9,0.5,Round Hill,Absence,NA
13/03/2023,NA,-43.87877753,170.7232469,1487.8,0.5,Round Hill,Absence,NA
13/03/2023,NA,-43.749332,170.6168586,1485.3,0.5,Round Hill,Presence,RMM
13/03/2023,NA,-43.82990541,170.674688,1483.5,0.5,Round Hill,Presence,RMM
13/03/2023,NA,-43.80245009,170.633436,1482.2,0.5,Round Hill,Absence,NA
13/03/2023,NA,-43.73386728,170.6427467,1481.6,0.5,Round Hill,Presence,RMM
13/03/2023,NA,-43.70628603,170.7465937,1479.5,0.5,Round Hill,Presence,SAG
13/03/2023,NA,-43.75675144,170.6444728,1477.1,0.5,Round Hill,Absence,NA
13/03/2023,NA,-43.87956033,170.5871114,1499.5,0.5,Round Hill,Absence,NA
13/03/2023,NA,-43.91613881,170.629761,1487.4,0.5,Round Hill,Absence,NA
13/03/2023,NA,-43.79655418,170.7151044,1498.4,0.5,Round Hill,Presence,RMM
13/03/2023,NA,-43.86686996,170.7301148,1497.8,0.5,Round Hill,Presence,RMM
13/03/2023,NA,-43.82969495,170.5781125,1496.8,0.5,Round Hill,Absence,NA
13/03/2023,NA,-43.74142469,170.6998783,1495.5,0.5,Round Hill,Absence,NA
13/03/2023,NA,-43.80775441,170.5796807,1494.4,0.5,Round Hill,Absence,NA
13/03/2023,NA,-43.70792542,170.6766539,1492.3,0.5,Round Hill,Absence,NA
13/03/2023,NA,-43.85533482,170.7020656,1491.8,0.5,Round Hill,Absence,NA
13/03/2023,NA,-43.76061757,170.6288457,1490.4,0.5,Round Hill,Absence,NA
13/03/2023,NA,-43.92921396,170.7287615,1510.4,0.5,Round Hill,Presence,RMM
13/03/2023,NA,-43.78038112,170.7201886,1499.4,0.5,Round Hill,Absence,NA
13/03/2023,NA,-43.9099751,170.6863982,1508.5,0.5,Round Hill,Presence,RMM
13/03/2023,NA,-43.81201249,170.5889507,1508.5,0.5,Round Hill,Presence,RMM
13/03/2023,NA,-43.72164969,170.6550703,1508,0.5,Round Hill,Absence,NA
13/03/2023,NA,-43.73776326,170.7257237,1506.8,0.5,Round Hill,Absence,NA
13/03/2023,NA,-43.79363044,170.7500346,1505.4,0.5,Round Hill,Presence,RMM
13/03/2023,NA,-43.71366536,170.7148262,1505.4,0.5,Round Hill,Presence,RMM
13/03/2023,NA,-43.87956762,170.5898691,1503.7,0.5,Round Hill,Absence,NA
13/03/2023,NA,-43.91787679,170.7312698,1503.1,0.5,Round Hill,Absence,NA
13/03/2023,NA,-43.75936554,170.7178633,1502.1,0.5,Round Hill,Absence,NA
13/03/2023,NA,-43.88988867,170.6998818,1501.5,0.5,Round Hill,Absence,NA
14/03/2023,NA,-43.92338194,170.6838972,1462,0.5,Round Hill,Absence,NA
14/03/2023,NA,-43.86639776,170.6831867,1459.2,0.5,Round Hill,Absence,NA
14/03/2023,NA,-43.74065073,170.7123175,1462.3,0.5,Round Hill,Absence,NA
14/03/2023,NA,-43.75480127,170.6222883,1462.2,0.5,Round Hill,Absence,NA
14/03/2023,NA,-43.80214903,170.5982403,1462,0.5,Round Hill,Absence,NA
14/03/2023,NA,-43.86487203,170.6789534,1461.4,0.5,Round Hill,Absence,NA
14/03/2023,NA,-43.7831208,170.6424749,1461,0.5,Round Hill,Absence,NA
14/03/2023,NA,-43.83847438,170.6614985,1460.3,0.5,Round Hill,Absence,NA
14/03/2023,NA,-43.94284696,170.7000962,1459.5,0.5,Round Hill,Absence,NA
14/03/2023,NA,-43.83733624,170.7070107,1458.8,0.5,Round Hill,Absence,NA
14/03/2023,NA,-43.72086832,170.7118434,1467.3,0.5,Round Hill,Absence,NA
14/03/2023,NA,-43.87803241,170.5822169,1464.3,0.5,Round Hill,Absence,NA
14/03/2023,NA,-43.70892485,170.6016511,1467.7,0.5,Round Hill,Absence,NA
14/03/2023,NA,-43.70250663,170.5903158,1468.1,0.5,Round Hill,Absence,NA
14/03/2023,NA,-43.86458317,170.5909076,1467.3,0.5,Round Hill,Absence,NA
14/03/2023,NA,-43.86646554,170.6692093,1467.3,0.5,Round Hill,Absence,NA
14/03/2023,NA,-43.74561967,170.7093744,1466.5,0.5,Round Hill,Absence,NA
14/03/2023,NA,-43.89226991,170.5840643,1466.5,0.5,Round Hill,Absence,NA
14/03/2023,NA,-43.70392461,170.723558,1465.7,0.5,Round Hill,Absence,NA
14/03/2023,NA,-43.9344285,170.737178,1464.9,0.5,Round Hill,Absence,NA
14/03/2023,NA,-43.93001219,170.5749995,1491.6,0.5,Round Hill,Absence,NA
14/03/2023,NA,-43.78272911,170.6037873,1476,0.5,Round Hill,Absence,NA
14/03/2023,NA,-43.74244278,170.7114499,1489.9,0.5,Round Hill,Absence,NA
14/03/2023,NA,-43.74430724,170.6389635,1487.8,0.5,Round Hill,Absence,NA
14/03/2023,NA,-43.78382043,170.6915311,1485.3,0.5,Round Hill,Absence,NA
14/03/2023,NA,-43.80078548,170.645278,1483.5,0.5,Round Hill,Absence,NA
14/03/2023,NA,-43.89369558,170.6636676,1482.2,0.5,Round Hill,Absence,NA
14/03/2023,NA,-43.74379096,170.6479754,1481.6,0.5,Round Hill,Absence,NA
14/03/2023,NA,-43.83329594,170.7122336,1479.5,0.5,Round Hill,Absence,NA
14/03/2023,NA,-43.91253123,170.7070949,1477.1,0.5,Round Hill,Absence,NA
14/03/2023,NA,-43.74552861,170.732507,1499.5,0.5,Round Hill,Absence,NA
14/03/2023,NA,-43.94289023,170.689404,1487.4,0.5,Round Hill,Absence,NA
14/03/2023,NA,-43.94657052,170.6978092,1498.4,0.5,Round Hill,Absence,NA
14/03/2023,NA,-43.72838187,170.6252422,1497.8,0.5,Round Hill,Absence,NA
14/03/2023,NA,-43.93512068,170.6934129,1496.8,0.5,Round Hill,Absence,NA
14/03/2023,NA,-43.91666053,170.7367257,1495.5,0.5,Round Hill,Absence,NA
14/03/2023,NA,-43.78019408,170.6260962,1494.4,0.5,Round Hill,Absence,NA
14/03/2023,NA,-43.74362296,170.7210861,1492.3,0.5,Round Hill,Absence,NA
14/03/2023,NA,-43.79309173,170.631835,1491.8,0.5,Round Hill,Absence,NA
14/03/2023,NA,-43.89131424,170.6874556,1490.4,0.5,Round Hill,Absence,NA
14/03/2023,NA,-43.76995051,170.6049146,1510.4,0.5,Round Hill,Absence,NA
14/03/2023,NA,-43.898286,170.6124821,1499.4,0.5,Round Hill,Absence,NA
14/03/2023,NA,-43.79112298,170.7201767,1508.5,0.5,Round Hill,Absence,NA
14/03/2023,NA,-43.72230157,170.6863465,1508.5,0.5,Round Hill,Absence,NA
14/03/2023,NA,-43.93833412,170.6167539,1508,0.5,Round Hill,Absence,NA
14/03/2023,NA,-43.82850998,170.6595833,1506.8,0.5,Round Hill,Absence,NA
14/03/2023,NA,-43.72643318,170.6701413,1505.4,0.5,Round Hill,Absence,NA
14/03/2023,NA,-43.78582148,170.5931729,1505.4,0.5,Round Hill,Absence,NA
14/03/2023,NA,-43.75404587,170.6583539,1503.7,0.5,Round Hill,Absence,NA
14/03/2023,NA,-43.70991902,170.622389,1503.1,0.5,Round Hill,Absence,NA
14/03/2023,NA,-43.80798174,170.7511329,1502.1,0.5,Round Hill,Absence,NA
14/03/2023,NA,-43.70355196,170.7192131,1501.5,0.5,Round Hill,Absence,NA
15/03/2023,NA,-43.8403339,170.5955163,1462,0.5,Round Hill,Absence,NA
15/03/2023,NA,-43.85896385,170.7258541,1459.2,0.5,Round Hill,Absence,NA
15/03/2023,NA,-43.8162075,170.7431038,1462.3,0.5,Round Hill,Absence,NA
15/03/2023,NA,-43.7638571,170.7042583,1462.2,0.5,Round Hill,Absence,NA
15/03/2023,NA,-43.89260728,170.703062,1462,0.5,Round Hill,Absence,NA
15/03/2023,NA,-43.77266739,170.7318187,1461.4,0.5,Round Hill,Absence,NA
15/03/2023,NA,-43.82939301,170.6244593,1461,0.5,Round Hill,Absence,NA
15/03/2023,NA,-43.8148242,170.6947586,1460.3,0.5,Round Hill,Absence,NA
15/03/2023,NA,-43.95073752,170.6701458,1459.5,0.5,Round Hill,Absence,NA
15/03/2023,NA,-43.75420601,170.6358634,1458.8,0.5,Round Hill,Absence,NA
15/03/2023,NA,-43.74289473,170.6438211,1467.3,0.5,Round Hill,Absence,NA
15/03/2023,NA,-43.83637552,170.5964979,1464.3,0.5,Round Hill,Absence,NA
15/03/2023,NA,-43.79865653,170.73159,1467.7,0.5,Round Hill,Absence,NA
15/03/2023,NA,-43.86224438,170.6571414,1468.1,0.5,Round Hill,Absence,NA
15/03/2023,NA,-43.85141491,170.7475586,1467.3,0.5,Round Hill,Absence,NA
15/03/2023,NA,-43.94674799,170.6191538,1467.3,0.5,Round Hill,Absence,NA
15/03/2023,NA,-43.71051029,170.684557,1466.5,0.5,Round Hill,Absence,NA
15/03/2023,NA,-43.93205367,170.6186022,1466.5,0.5,Round Hill,Absence,NA
15/03/2023,NA,-43.92206736,170.585481,1465.7,0.5,Round Hill,Presence,RMM
15/03/2023,NA,-43.93518076,170.6955092,1464.9,0.5,Round Hill,Absence,NA
15/03/2023,NA,-43.74175357,170.6861815,1491.6,0.5,Round Hill,Absence,NA
15/03/2023,NA,-43.92561304,170.6290779,1476,0.5,Round Hill,Absence,NA
15/03/2023,NA,-43.8651502,170.5871377,1489.9,0.5,Round Hill,Absence,NA
15/03/2023,NA,-43.72483538,170.7131454,1487.8,0.5,Round Hill,Presence,RMM
15/03/2023,NA,-43.70072061,170.5884635,1485.3,0.5,Round Hill,Presence,RMM
15/03/2023,NA,-43.72726237,170.7005342,1485.3,0.5,Round Hill,Presence,RMM
15/03/2023,NA,-43.84991512,170.7466547,1485.3,0.5,Round Hill,Presence,SAG
15/03/2023,NA,-43.91364319,170.6529459,1483.5,0.5,Round Hill,Absence,NA
15/03/2023,NA,-43.84525744,170.646655,1482.2,0.5,Round Hill,Absence,NA
15/03/2023,NA,-43.8389502,170.6606743,1481.6,0.5,Round Hill,Presence,ARS
15/03/2023,NA,-43.73639644,170.7093791,1479.5,0.5,Round Hill,Absence,NA
15/03/2023,NA,-43.84277414,170.7131456,1477.1,0.5,Round Hill,Absence,NA
15/03/2023,NA,-43.91255742,170.712777,1499.5,0.5,Round Hill,Absence,NA
15/03/2023,NA,-43.71923124,170.5835832,1487.4,0.5,Round Hill,Presence,RMM
15/03/2023,NA,-43.75943291,170.6394725,1498.4,0.5,Round Hill,Absence,NA
15/03/2023,NA,-43.77814865,170.6230548,1497.8,0.5,Round Hill,Absence,NA
15/03/2023,NA,-43.71130837,170.6750879,1496.8,0.5,Round Hill,Absence,NA
15/03/2023,NA,-43.82165257,170.7091562,1495.5,0.5,Round Hill,Absence,NA
15/03/2023,NA,-43.71411675,170.6075894,1494.4,0.5,Round Hill,Absence,NA
15/03/2023,NA,-43.75185434,170.7188049,1492.3,0.5,Round Hill,Presence,RMM
15/03/2023,NA,-43.83639609,170.6961223,1492.3,0.5,Round Hill,Presence,RMM
15/03/2023,NA,-43.70664904,170.7175136,1491.8,0.5,Round Hill,Absence,NA
15/03/2023,NA,-43.88075752,170.5815054,1490.4,0.5,Round Hill,Absence,NA
15/03/2023,NA,-43.82495778,170.5910932,1510.4,0.5,Round Hill,Presence,RMM
15/03/2023,NA,-43.91891535,170.6945987,1510.4,0.5,Round Hill,Presence,RMM
15/03/2023,NA,-43.88788851,170.5991332,1499.4,0.5,Round Hill,Absence,NA
15/03/2023,NA,-43.84920893,170.6213147,1508.5,0.5,Round Hill,Absence,NA
15/03/2023,NA,-43.77724543,170.6096495,1508,0.5,Round Hill,Absence,NA
15/03/2023,NA,-43.8919316,170.7049706,1506.8,0.5,Round Hill,Absence,NA
15/03/2023,NA,-43.83850833,170.6869765,1505.4,0.5,Round Hill,Presence,RMM
15/03/2023,NA,-43.81057349,170.7411763,1503.7,0.5,Round Hill,Presence,RMM
15/03/2023,NA,-43.87325309,170.7263785,1503.1,0.5,Round Hill,Presence,RMM
15/03/2023,NA,-43.85307542,170.5844981,1502.1,0.5,Round Hill,Presence,RMM
15/03/2023,NA,-43.88093181,170.6996316,1501.5,0.5,Round Hill,Presence,RMM
16/03/2023,NA,-43.75814088,170.5823054,1462,0.5,Round Hill,Absence,NA
16/03/2023,NA,-43.81374336,170.6433465,1459.2,0.5,Round Hill,Absence,NA
16/03/2023,NA,-43.75092853,170.5964821,1462.3,0.5,Round Hill,Absence,NA
16/03/2023,NA,-43.82615854,170.6327798,1462.2,0.5,Round Hill,Absence,NA
16/03/2023,NA,-43.91818131,170.7100414,1462,0.5,Round Hill,Absence,NA
16/03/2023,NA,-43.88076111,170.7526284,1461.4,0.5,Round Hill,Absence,NA
16/03/2023,NA,-43.71212296,170.5827181,1461,0.5,Round Hill,Absence,NA
16/03/2023,NA,-43.90833666,170.6280298,1460.3,0.5,Round Hill,Absence,NA
16/03/2023,NA,-43.72118445,170.6922724,1459.5,0.5,Round Hill,Presence,SAG
16/03/2023,NA,-43.70025066,170.699821,1458.8,0.5,Round Hill,Absence,NA
16/03/2023,NA,-43.72104136,170.7054894,1467.3,0.5,Round Hill,Absence,NA
16/03/2023,NA,-43.87464237,170.6810784,1464.3,0.5,Round Hill,Presence,RMM
16/03/2023,NA,-43.73516416,170.5883017,1467.7,0.5,Round Hill,Presence,MAC
16/03/2023,NA,-43.74464075,170.6932927,1468.1,0.5,Round Hill,Presence,ARS
16/03/2023,NA,-43.73045823,170.6502122,1468.1,0.5,Round Hill,Presence,RMM
16/03/2023,NA,-43.91098265,170.6893286,1467.3,0.5,Round Hill,Absence,NA
16/03/2023,NA,-43.87267578,170.6459421,1467.3,0.5,Round Hill,Absence,NA
16/03/2023,NA,-43.87538113,170.6583713,1466.5,0.5,Round Hill,Absence,NA
16/03/2023,NA,-43.94162063,170.7324363,1466.5,0.5,Round Hill,Absence,NA
16/03/2023,NA,-43.77148699,170.6215353,1465.7,0.5,Round Hill,Absence,NA
16/03/2023,NA,-43.83508143,170.599761,1464.9,0.5,Round Hill,Presence,ARS
16/03/2023,NA,-43.93157206,170.5749851,1491.6,0.5,Round Hill,Absence,NA
16/03/2023,NA,-43.81928799,170.7196519,1476,0.5,Round Hill,Presence,RMM
16/03/2023,NA,-43.80749689,170.6355413,1489.9,0.5,Round Hill,Absence,NA
16/03/2023,NA,-43.84737277,170.6894813,1487.8,0.5,Round Hill,Presence,RMM
16/03/2023,NA,-43.86285227,170.7501457,1487.8,0.5,Round Hill,Presence,RMM
16/03/2023,NA,-43.91447344,170.7074883,1485.3,0.5,Round Hill,Absence,NA
16/03/2023,NA,-43.79401815,170.6946565,1483.5,0.5,Round Hill,Absence,NA
16/03/2023,NA,-43.77003752,170.5908588,1482.2,0.5,Round Hill,Presence,RMM
16/03/2023,NA,-43.79145543,170.6996112,1481.6,0.5,Round Hill,Absence,NA
16/03/2023,NA,-43.85613406,170.6009779,1479.5,0.5,Round Hill,Presence,RMM
16/03/2023,NA,-43.8237639,170.633094,1477.1,0.5,Round Hill,Absence,NA
16/03/2023,NA,-43.94810837,170.7053168,1499.5,0.5,Round Hill,Absence,NA
16/03/2023,NA,-43.78648736,170.669824,1487.4,0.5,Round Hill,Absence,NA
16/03/2023,NA,-43.74434794,170.6845584,1498.4,0.5,Round Hill,Presence,RMM
16/03/2023,NA,-43.93016449,170.6194699,1497.8,0.5,Round Hill,Presence,SAG
16/03/2023,NA,-43.86065148,170.737049,1496.8,0.5,Round Hill,Absence,NA
16/03/2023,NA,-43.89383079,170.5974996,1495.5,0.5,Round Hill,Presence,RMM
16/03/2023,NA,-43.78803306,170.7037958,1494.4,0.5,Round Hill,Absence,NA
16/03/2023,NA,-43.7753289,170.689684,1492.3,0.5,Round Hill,Presence,RMM
16/03/2023,NA,-43.87425457,170.5785779,1491.8,0.5,Round Hill,Absence,NA
16/03/2023,NA,-43.71657402,170.6551861,1490.4,0.5,Round Hill,Presence,SAG
16/03/2023,NA,-43.86393208,170.605409,1510.4,0.5,Round Hill,Absence,NA
16/03/2023,NA,-43.90095421,170.6764815,1499.4,0.5,Round Hill,Absence,NA
16/03/2023,NA,-43.74784723,170.677417,1508.5,0.5,Round Hill,Absence,NA
16/03/2023,NA,-43.78196276,170.6594569,1508,0.5,Round Hill,Absence,NA
16/03/2023,NA,-43.88189281,170.7449371,1506.8,0.5,Round Hill,Absence,NA
16/03/2023,NA,-43.78185963,170.6460008,1505.4,0.5,Round Hill,Absence,NA
16/03/2023,NA,-43.88723087,170.630804,1503.7,0.5,Round Hill,Absence,NA
16/03/2023,NA,-43.83453522,170.6750949,1503.1,0.5,Round Hill,Absence,NA
16/03/2023,NA,-43.722768,170.6616413,1502.1,0.5,Round Hill,Presence,RMM
16/03/2023,NA,-43.9137418,170.6565439,1501.5,0.5,Round Hill,Presence,RMM
16/03/2023,NA,-43.91949263,170.745941,1501.5,0.5,Round Hill,Presence,RMM
16/02/2023,10:49:23,-44.18043479,170.0960787,521.7587442,2.4,Fraser Stream,Absence,NA
16/02/2023,11:04:18,-44.27870214,170.0397953,507.660952,1.6,Fraser Stream,Absence,NA
16/02/2023,11:13:37,-44.1627751,170.0832023,509.422002,4.8,Fraser Stream,Absence,NA
16/02/2023,11:28:09,-44.19220965,170.0765856,527.9923727,1.2,Fraser Stream,Absence,NA
16/02/2023,11:40:26,-44.20067353,169.9986556,517.6126033,0.8,Fraser Stream,Presence,GRA
16/02/2023,11:45:43,-44.29128461,170.1016465,534.9264368,0.6,Fraser Stream,Absence,NA
16/02/2023,11:54:59,-44.18998954,170.0996328,514.206532,0.6,Fraser Stream,Absence,NA
16/02/2023,12:10:09,-44.16560089,169.9891896,549.9425662,1.2,Fraser Stream,Absence,NA
16/02/2023,12:32:38,-44.31453571,170.0794616,566.1642871,1.6,Fraser Stream,Absence,NA
16/02/2023,12:41:55,-44.31504623,170.1192095,524.7723247,0.6,Fraser Stream,Absence,NA
16/02/2023,12:49:27,-44.23395796,169.9543482,528.2097115,0.8,Fraser Stream,Absence,NA
16/02/2023,12:55:35,-44.15349528,169.9785331,522.6391494,2.4,Fraser Stream,Absence,NA
16/02/2023,13:02:29,-44.11199112,170.0338975,540.1378041,0.8,Fraser Stream,Absence,NA
16/02/2023,13:12:48,-44.1820327,170.0795528,529.691018,1.6,Fraser Stream,Absence,NA
16/02/2023,13:46:03,-44.25931492,170.0743218,526.9647442,2.4,Fraser Stream,Absence,NA
16/02/2023,13:51:48,-44.31909506,170.0481552,533.5243571,0.8,Fraser Stream,Absence,NA
16/02/2023,13:58:52,-44.18545161,170.011718,529.9226524,1.6,Fraser Stream,Absence,NA
5/02/2023,7:45:36,-44.141652,170.4364984,659.3870173,0.5,Maryburn,Presence,MCC
5/02/2023,7:53:41,-44.12965731,170.3867389,664.5397685,0.5,Maryburn,Presence,MCC
5/02/2023,7:59:01,-44.17764388,170.4042042,665.4806442,0.5,Maryburn,Absence,NA
5/02/2023,8:07:23,-44.16445509,170.3764351,662.4847488,0.5,Maryburn,Absence,NA
5/02/2023,8:21:14,-44.16489727,170.4822295,671.9461157,0.5,Maryburn,Absence,NA
5/02/2023,8:25:56,-44.02006137,170.409741,681.6433527,0.5,Maryburn,Absence,NA
5/02/2023,8:31:15,-44.03258822,170.4497544,687.7528279,0.5,Maryburn,Absence,NA
5/02/2023,8:41:11,-44.11870418,170.5171678,683.6061683,0.5,Maryburn,Absence,NA
5/02/2023,8:46:13,-44.00281877,170.3543023,692.9688316,0.5,Maryburn,Absence,NA
5/02/2023,8:51:44,-44.23372859,170.4356939,693.533632,0.5,Maryburn,Absence,NA
5/02/2023,9:01:28,-44.10024735,170.4638296,677.0941066,0.5,Maryburn,Absence,NA
5/02/2023,9:22:53,-44.2189924,170.3528117,678.0269114,0.5,Maryburn,Absence,NA
5/02/2023,9:30:47,-44.0811477,170.4056535,681.9903074,0.5,Maryburn,Absence,NA
5/02/2023,9:34:12,-44.02359743,170.4524434,671.7771595,0.5,Maryburn,Absence,NA
5/02/2023,9:41:35,-44.2149191,170.4207029,671.3989021,0.5,Maryburn,Absence,NA
5/02/2023,9:46:25,-44.06709603,170.3803492,669.1775911,0.5,Maryburn,Absence,NA
5/02/2023,9:57:07,-44.05516235,170.4418341,674.0843283,0.5,Maryburn,Absence,NA
5/02/2023,10:12:16,-44.11279455,170.4519233,665.5298051,0.5,Maryburn,Absence,NA
5/02/2023,10:20:28,-43.97048135,170.3489661,669.9241655,0.5,Maryburn,Absence,NA
5/02/2023,10:24:31,-44.19676933,170.4509326,672.4200636,0.5,Maryburn,Absence,NA
5/02/2023,10:45:58,-44.21351491,170.5025745,668.2943368,0.5,Maryburn,Absence,NA
5/02/2023,10:50:41,-44.17774041,170.494635,668.2767048,0.5,Maryburn,Absence,NA
5/02/2023,10:58:30,-44.10526293,170.4693691,673.7246915,0.5,Maryburn,Absence,NA
5/02/2023,11:03:19,-44.10767011,170.5039521,662.1948971,0.5,Maryburn,Absence,NA
5/02/2023,11:10:46,-44.01945881,170.5038169,686.1729409,0.5,Maryburn,Absence,NA
5/02/2023,11:18:32,-44.1577839,170.3930947,684.3418282,0.5,Maryburn,Absence,NA
5/02/2023,11:26,-44.13847811,170.3696926,702.4777379,0.5,Maryburn,Absence,NA
5/02/2023,11:35:49,-44.12460566,170.4632135,702.6155922,0.5,Maryburn,Absence,NA
5/02/2023,11:40:03,-44.0297406,170.4961361,691.3283704,0.5,Maryburn,Absence,NA
5/02/2023,11:48:53,-44.04684153,170.4059815,678.8916895,0.5,Maryburn,Absence,NA
5/02/2023,11:58:26,-43.98581937,170.4303999,695.2904607,0.5,Maryburn,Absence,NA
7/02/2023,7:48:12,-44.17444959,170.4551286,681.5614891,0.5,Maryburn,Absence,NA
7/02/2023,7:53:50,-44.19485634,170.3871997,694.6244763,0.5,Maryburn,Absence,NA
7/02/2023,8:00:10,-44.22555009,170.377386,689.6997567,0.5,Maryburn,Absence,NA
7/02/2023,8:12:31,-44.07616662,170.3413691,689.1993023,0.5,Maryburn,Absence,NA
7/02/2023,8:17:28,-44.10924325,170.400047,685.1954,0.5,Maryburn,Absence,NA
7/02/2023,8:26:46,-44.00003154,170.3613382,665.6377228,0.5,Maryburn,Absence,NA
7/02/2023,8:35:49,-44.01840175,170.4597423,681.3113592,0.5,Maryburn,Absence,NA
7/02/2023,8:42:16,-44.13675823,170.344255,682.71745,0.5,Maryburn,Absence,NA
7/02/2023,9:01:56,-44.16692248,170.3430092,701.0746194,0.5,Maryburn,Absence,NA
7/02/2023,9:12:48,-44.15881103,170.3832814,716.9113883,0.5,Maryburn,Absence,NA
7/02/2023,9:16:17,-44.12199981,170.3863851,740.7783743,0.5,Maryburn,Absence,NA
7/02/2023,9:25:18,-44.01045457,170.5087338,701.7528947,0.5,Maryburn,Absence,NA
7/02/2023,9:40:36,-44.03556013,170.5003133,678.6660099,0.5,Maryburn,Absence,NA
7/02/2023,9:57:14,-44.15796938,170.5113313,673.8884129,0.5,Maryburn,Absence,NA
7/02/2023,10:12:55,-44.00397825,170.4250099,682.5736733,0.5,Maryburn,Absence,NA
7/02/2023,10:20:49,-44.23586248,170.4738194,664.209906,0.5,Maryburn,Absence,NA
7/02/2023,10:28:31,-44.05985557,170.4698446,676.757348,0.5,Maryburn,Absence,NA
7/02/2023,10:34:36,-44.04789376,170.3884674,672.8030516,0.5,Maryburn,Absence,NA
7/02/2023,10:42:09,-44.11035573,170.474914,663.9013322,0.5,Maryburn,Absence,NA
7/02/2023,10:51:15,-44.17661361,170.4241581,655.4906514,0.5,Maryburn,Absence,NA
7/02/2023,10:59:02,-44.10897438,170.3800961,643.1668053,0.5,Maryburn,Absence,NA
7/02/2023,11:06:50,-44.22646897,170.4055961,674.8248926,0.5,Maryburn,Absence,NA
7/02/2023,11:15:38,-43.97993326,170.3483791,675.4798484,0.5,Maryburn,Absence,NA
7/02/2023,11:20:20,-44.05341045,170.5036874,682.060737,0.5,Maryburn,Absence,NA
7/02/2023,11:30:08,-44.06224661,170.373688,676.480946,0.5,Maryburn,Absence,NA
7/02/2023,11:37:47,-44.02367623,170.4140015,675.2400981,0.5,Maryburn,Absence,NA
7/02/2023,11:40:12,-44.22403039,170.4542809,666.8935558,0.5,Maryburn,Absence,NA
7/02/2023,11:48:23,-44.01657187,170.4595404,678.4829628,0.5,Maryburn,Absence,NA
7/02/2023,11:58:58,-44.01118771,170.3988043,689.0243718,0.5,Maryburn,Absence,NA
12/10/2022,14:42:45,-44.49313777,170.0527247,408.4274443,0.6,Lower Ahuriri,Sighting,MCC
12/10/2022,14:50:09,-44.45109482,170.0656317,407.4896799,0.4,Lower Ahuriri,Sighting,MCC
12/10/2022,14:59:45,-44.46471754,169.999046,405.9790549,0.4,Lower Ahuriri,Sighting,MCC
12/10/2022,15:01:51,-44.52246217,169.9954397,404.9781436,0.6,Lower Ahuriri,Sighting,MCC
1/11/2022,11:00:00,-44.11933035,170.0087671,520.5572709,0.4,Fraser Stream,Sighting,UNK
4/11/2022,13:25:18,-44.4996161,169.811203,577.3205899,0.6,Ben Dhu,Sighting,UNK
5/11/2022,16:26:58,-44.49516831,169.8653918,575.2183021,0.6,Ben Dhu,Sighting,MCC
5/11/2022,18:02:36,-44.40527773,169.796048,571.7365779,0.4,Ben Dhu,Sighting,GRA
6/11/2022,10:36:58,-44.35042425,169.7897116,577.5318506,0.4,Ben Dhu,Sighting,UNK
6/11/2022,13:46:30,-44.41591308,169.9041205,575.7328936,0.4,Ben Dhu,Sighting,MCC
6/11/2022,20:00:38,-44.39721666,170.1291528,431.9635756,0.6,Ruataniwha wetlands,Sighting,UNK
7/11/2022,11:16:57,-44.15419141,170.1633755,576.3629159,0.8,Pukaki kettleholes,Sighting,UNK
7/11/2022,11:17:29,-44.16208276,170.1223287,574.5385605,0.8,Pukaki kettleholes,Sighting,UNK
7/11/2022,11:24:26,-44.17461848,170.1868735,566.8264591,0.8,Pukaki kettleholes,Sighting,UNK
7/11/2022,11:48:32,-44.25986872,170.1739201,600.69171,0.6,Pukaki kettleholes,Sighting,UNK
7/11/2022,11:50:58,-44.0869757,170.1529287,587.8027773,0.6,Pukaki kettleholes,Sighting,UNK
7/11/2022,12:03:36,-44.16522502,170.1925216,587.3411649,0.6,Pukaki kettleholes,Sighting,MCC
7/11/2022,14:48:38,-44.19767995,170.1881015,426.3782528,0.6,Ruataniwha wetlands,Sighting,UNK
7/11/2022,15:25:44,-44.1759869,170.1578988,433.9961541,0.4,Ruataniwha wetlands,Sighting,UNK
7/11/2022,15:54:09,-44.25491873,170.1945161,425.0772109,0.6,Ruataniwha wetlands,Sighting,GRA
7/11/2022,15:56:32,-44.40692753,170.1253583,428.4531228,0.6,Ruataniwha wetlands,Sighting,MCC
7/11/2022,16:34:25,-44.2863739,170.1779973,443.5422578,0.4,Ruataniwha wetlands,Sighting,SAG
7/11/2022,16:48:21,-44.29206586,170.0676512,435.8967199,0.6,Ruataniwha wetlands,Sighting,MCC
8/11/2022,10:23:42,-44.11461486,170.1870728,595.7242111,0.4,Pukaki kettleholes,Sighting,GRA
8/11/2022,10:25:10,-44.2729429,170.2541113,593.5961517,0.4,Pukaki kettleholes,Sighting,MCC
8/11/2022,10:47:43,-44.24838601,170.1102298,596.919182,0.6,Pukaki kettleholes,Sighting,UNK
8/11/2022,12:22:36,-44.08480624,170.1756261,633.6254902,0.8,Pukaki Scientific Reserve,Sighting,SAG
8/11/2022,12:26:30,-44.1777201,170.0442553,635.423877,0.6,Pukaki Scientific Reserve,Sighting,SAG
8/11/2022,12:28:26,-44.01869921,170.1499516,632.3810585,0.6,Pukaki Scientific Reserve,Sighting,SAG
8/11/2022,12:31:10,-44.06429646,170.040582,636.1828304,0.6,Pukaki Scientific Reserve,Sighting,SAG
8/11/2022,12:38:26,-44.2564528,170.0745683,635.5211923,0.6,Pukaki Scientific Reserve,Sighting,SAG
8/11/2022,12:46:30,-44.15434912,170.1029417,634.9124946,0.6,Pukaki Scientific Reserve,Sighting,SAG
8/11/2022,10:45:34,-44.19079474,170.2147897,591.5540073,0.4,Pukaki kettleholes,Sighting,GRA
7/11/2022,14:27:33,-44.18437422,170.0490182,424.2105956,0.6,Ruataniwha wetlands,Sighting,SAG
20/10/2022,10:12:00,-44.20574289,170.2069318,673.6190295,0.8,Pukaki Scientific Reserve,Sighting,UNK
21/10/2022,10:30:17,-44.02642998,170.2017364,675.8527108,0.6,Pukaki Scientific Reserve,Sighting,UNK
19/10/2022,12:22:36,-44.29160526,170.0638609,471.2468497,0.8,Pukaki flats,Sighting,MCC
19/10/2022,12:28:09,-44.22611821,170.0605264,472.0906898,0.8,Pukaki flats,Sighting,MCC
18/10/2022,11:40:09,-44.177968,170.1412359,432.483676,0.4,Ruataniwha wetlands,Sighting,UNK
18/10/2022,13:42:37,-44.29313562,170.0832282,465.5649623,0.4,Pukaki flats,Sighting,MCC
18/10/2022,13:52:15,-44.35614515,170.0667152,466.6320009,0.6,Pukaki flats,Sighting,MCC
17/10/2022,11:50:41,-44.24076064,170.0903843,430.1894491,2.4,Ruataniwha wetlands,Sighting,UNK
17/10/2022,11:51:30,-44.33939004,170.1468563,431.3212079,0.6,Ruataniwha wetlands,Sighting,UNK
17/10/2022,11:57:19,-44.31746629,170.1921864,432.4287612,0.4,Ruataniwha wetlands,Sighting,UNK
17/10/2022,12:02:05,-44.29295042,170.0898117,433.1768435,0.6,Ruataniwha wetlands,Sighting,UNK
15/10/2022,11:58:11,-44.20381098,170.0875977,433.9766437,0.4,Ruataniwha wetlands,Sighting,UNK
15/10/2022,12:01:16,-44.40691576,170.1514211,433.6881704,0.4,Ruataniwha wetlands,Sighting,UNK
15/10/2022,12:20:24,-44.37388576,170.202408,441.0718699,0.4,Ruataniwha wetlands,Sighting,UNK
15/10/2022,12:22:41,-44.31268319,170.064917,433.0088425,0.4,Ruataniwha wetlands,Sighting,UNK
15/10/2022,12:33:14,-44.41642228,170.094469,429.9298418,0.4,Ruataniwha wetlands,Sighting,UNK
15/10/2022,12:35:09,-44.28045036,170.0945341,428.6503983,0.4,Ruataniwha wetlands,Sighting,UNK
15/10/2022,13:00:58,-44.1995326,170.1129192,428.2978355,0.4,Ruataniwha wetlands,Sighting,UNK
12/11/2022,13:29:23,-44.36155484,169.8960512,600.5050544,0.4,Wairepo kettleholes,Sighting,GRA
14/11/2022,8:54:06,-44.19777989,170.2377751,495.1955948,2.4,Pukaki River,Sighting,SCR
14/11/2022,9:03:41,-44.13857795,170.1750452,489.5602936,3.2,Pukaki River,Sighting,SAG
15/11/2022,11:46:50,-44.35094132,169.8907072,571.8080456,6.4,Ōhau Downs,Sighting,UNK
15/11/2022,11:49:15,-44.34338616,170.0246643,568.8667601,6.4,Ōhau Downs,Sighting,SAG
15/11/2022,11:53:36,-44.3484124,169.8785354,589.8597675,3.2,Ōhau Downs,Sighting,SAG
22/11/2022,10:12:36,-44.25235224,170.0829801,428.2978355,0.4,Pukaki Scientific Reserve,Sighting,SAG
22/11/2022,10:14:28,-44.00476752,170.2075858,428.2978355,0.4,Pukaki Scientific Reserve,Sighting,SAG
22/11/2022,10:14:28,-44.15397293,170.0453681,428.2978355,0.4,Pukaki Scientific Reserve,Sighting,SAG
22/11/2022,10:14:28,-44.22433652,170.0668073,428.2978355,0.4,Pukaki Scientific Reserve,Sighting,SAG
22/11/2022,10:14:28,-44.2277507,170.1771415,428.2978355,0.4,Pukaki Scientific Reserve,Sighting,SAG
22/11/2022,10:51:30,-44.13131877,170.1837916,428.2978355,0.4,Pukaki Scientific Reserve,Sighting,SAG
6/12/2022,1:21:45,-44.26585364,169.884605,573.5237458,0.6,Ōhau Downs,Sighting,LAK
6/12/2022,1:46:51,-44.42208247,169.995075,572.8580434,0.6,Ōhau Downs,Sighting,LAK
11/12/2022,10:36:33,-44.03099109,170.5279059,753.1971177,2.4,Tekapo scientific reserve,Sighting,MCC
11/12/2022,11:00:48,-43.95063095,170.4588497,701.2869689,2.4,Tekapo scientific reserve,Sighting,MCC
11/12/2022,11:06:59,-43.94471439,170.525999,704.724017,1.2,Tekapo scientific reserve,Sighting,GRA
11/12/2022,11:40:17,-43.90740611,170.4766951,681.3230147,1.6,Tekapo scientific reserve,Sighting,MCC
11/12/2022,12:02:24,-44.06772728,170.5436287,668.8453548,1.6,Tekapo scientific reserve,Sighting,MCC
12/12/2022,11:28:09,-44.0335799,170.4303691,694.774824,2.4,Tekapo scientific reserve,Sighting,MCC
12/12/2022,11:35:03,-43.9437868,170.4173594,711.7305385,1.6,Tekapo scientific reserve,Sighting,MCC
12/12/2022,11:55:59,-44.12183713,170.4527555,699.2876584,1.2,Tekapo scientific reserve,Sighting,UNK
12/12/2022,12:12:55,-44.05709297,170.3826813,681.4660802,1.2,Tekapo scientific reserve,Sighting,MCC
12/12/2022,12:14:08,-43.97550753,170.5370399,691.4140469,0.6,Tekapo scientific reserve,Sighting,MCC
12/12/2022,12:28:36,-43.95568314,170.4376442,693.9737829,0.6,Tekapo scientific reserve,Sighting,UNK
12/12/2022,14:06:01,-44.13096114,170.4064802,715.0990284,1.2,Tekapo scientific reserve,Sighting,MCC
13/12/2022,12:41:23,-43.92414027,170.4035533,692.1768989,0.4,Tekapo scientific reserve,Sighting,MCC
13/12/2022,12:55:49,-44.01254177,170.4182501,695.2325079,0.4,Tekapo scientific reserve,Sighting,MCC
14/12/2022,13:56:36,-44.00554558,170.3689937,699.3454004,2.4,Pattersons,Sighting,MCC
26/12/2022,9:31:34,-44.02351054,170.36815,708.0061446,0.4,Irishmans Creek,Sighting,UNK
26/12/2022,12:06:41,-43.98562564,170.303178,749.5549469,1.2,Irishmans Creek,Sighting,GRA
26/12/2022,12:08:35,-43.92550566,170.4372758,785.8819417,0.8,Irishmans Creek,Sighting,MCC
26/12/2022,13:00:56,-43.97251594,170.3132149,757.3966571,1.2,Irishmans Creek,Sighting,MCC
26/12/2022,13:05:06,-43.99010427,170.3048541,765.6964579,0.6,Irishmans Creek,Sighting,MCC
26/12/2022,13:14:01,-43.9661218,170.466633,749.9161931,1.6,Irishmans Creek,Sighting,MCC
26/12/2022,13:16:42,-44.13826829,170.4045608,761.8666292,1.2,Irishmans Creek,Sighting,UNK
26/12/2022,14:25:28,-44.15219198,170.4405232,732.5115855,0.8,Irishmans Creek,Sighting,MCC
26/12/2022,15:26:27,-43.9192593,170.4241624,757.4207469,1.2,Irishmans Creek,Sighting,MCC
27/12/2022,10:22:39,-43.9910611,170.3243252,734.673958,1.2,Irishmans Creek,Sighting,MCC
27/12/2022,11:08:23,-44.13184742,170.2851991,740.2186337,0.8,Irishmans Creek,Sighting,MCC
27/12/2022,11:51:46,-44.15469321,170.3970494,762.5933408,0.6,Irishmans Creek,Sighting,MCC
27/12/2022,11:53:06,-44.07125034,170.4285763,771.7442333,0.6,Irishmans Creek,Sighting,MCC
27/12/2022,11:54:30,-43.90700752,170.4166971,759.3898874,0.6,Irishmans Creek,Sighting,MCC
27/12/2022,14:02:26,-44.01934485,170.3007898,743.1113013,1.2,Irishmans Creek,Sighting,MCC
3/01/2023,9:24:58,-43.78067352,170.5827431,732.4735218,1.6,Te Kahui Kaupeka,Sighting,UNK
3/01/2023,10:34:06,-43.7908398,170.5628947,734.2106247,1.6,Te Kahui Kaupeka,Sighting,MCC
3/01/2023,12:01:32,-43.82615201,170.6080754,724.5957115,0.4,Te Kahui Kaupeka,Sighting,SAG
4/01/2023,11:25:11,-44.01966277,170.5913804,750.1580484,3.2,Richmond,Sighting,GRA
4/01/2023,13:58:45,-43.97509327,170.5478043,768.7839189,1.2,Richmond,Sighting,SAG
4/01/2023,14:43:21,-44.02385003,170.5904221,797.1207771,3.2,Richmond,Sighting,UNK
4/01/2023,14:43:36,-43.87683968,170.6346392,779.3170427,0.4,Richmond,Sighting,SAG
9/01/2023,8:44:09,-43.97421404,170.2398918,833.6022371,0.4,Mt Mary,Sighting,SAG
9/01/2023,8:44:54,-44.06369122,170.3179286,829.1985995,1.2,Mt Mary,Sighting,SAG
9/01/2023,8:53:58,-44.12008307,170.2332257,844.5517142,2.4,Mt Mary,Sighting,SAG
9/01/2023,9:41:34,-44.2246865,170.2986344,797.2593555,0.8,Mt Mary,Sighting,SAG
9/01/2023,9:50:24,-44.0831903,170.2751742,793.0734929,0.8,Mt Mary,Sighting,SAG
9/01/2023,10:14:15,-44.23181467,170.2859125,792.2524889,0.8,Mt Mary,Sighting,MCC
9/01/2023,11:00:05,-43.99325649,170.2723067,836.0775725,0.8,Mt Mary,Sighting,SAG
9/01/2023,11:05:01,-44.02509161,170.2068344,850.0232077,0.6,Mt Mary,Sighting,UNK
9/01/2023,11:05:38,-44.13832409,170.2228662,846.7781831,0.8,Mt Mary,Sighting,SAG
9/01/2023,12:21:35,-44.10689131,170.2940105,841.4433949,1.2,Mt Mary,Sighting,SAG
10/01/2023,11:06:56,-44.23185662,170.2036312,868.3790955,0.4,Mt Mary,Sighting,SAG
10/01/2023,11:10:27,-44.21125141,170.1909388,867.5381361,0.4,Mt Mary,Sighting,MCC
10/01/2023,11:15:36,-43.99906992,170.3353794,863.254204,0.4,Mt Mary,Sighting,SAG
10/01/2023,11:21:06,-44.02042695,170.3128207,862.5359838,0.4,Mt Mary,Sighting,SAG
10/01/2023,11:21:06,-44.17166697,170.1892081,862.5359838,0.4,Mt Mary,Sighting,SAG
10/01/2023,11:21:06,-44.17557482,170.2545162,862.5359838,0.4,Mt Mary,Sighting,SAG
10/01/2023,11:21:06,-44.08422073,170.2785496,862.5359838,0.4,Mt Mary,Sighting,SAG
10/01/2023,11:21:58,-44.0317424,170.3308564,862.0247331,0.4,Mt Mary,Sighting,GRA
10/01/2023,11:29:05,-44.15114636,170.2483791,856.2205578,0.4,Mt Mary,Sighting,SAG
10/01/2023,11:32:24,-44.06989094,170.2201042,859.9335118,0.4,Mt Mary,Sighting,SAG
10/01/2023,12:00:20,-44.15344262,170.2701335,823.8712637,0.4,Mt Mary,Sighting,UNK
10/01/2023,12:06:53,-44.02204329,170.273774,791.1191967,0.4,Mt Mary,Sighting,MCC
10/01/2023,15:52:24,-44.1053644,170.2615404,831.9413562,0.4,Mt Mary,Sighting,MCC
10/01/2023,15:59:14,-44.2048115,170.3383187,849.0837147,0.4,Mt Mary,Sighting,SAG
11/01/2023,10:26:55,-44.01001804,170.5533465,703.0485394,1.6,Burkes Pass,Sighting,MCC
11/01/2023,10:39:07,-44.12727024,170.6195503,694.2097633,2.4,Burkes Pass,Sighting,GRA
11/01/2023,10:40:33,-44.13411666,170.5674167,715.7147932,3.2,Burkes Pass,Sighting,MCC
11/01/2023,10:53:27,-44.13762603,170.5865419,698.2641889,0.4,Burkes Pass,Sighting,UNK
11/01/2023,11:35:24,-44.16375416,170.6715603,690.6043051,1.2,Burkes Pass,Sighting,UNK
11/01/2023,11:43:29,-44.19727337,170.6576471,692.1661046,0.6,Burkes Pass,Sighting,MCC
11/01/2023,15:06:25,-44.00519464,170.5123596,697.5529069,3.2,Burkes Pass,Sighting,UNK
12/01/2023,11:18:31,-44.04539178,170.5870578,686.7831228,0.8,Burkes Pass,Sighting,MCC
12/01/2023,12:22:01,-43.98201252,170.6263889,676.9442272,0.8,Burkes Pass,Sighting,GRA
12/01/2023,12:48:55,-44.18864049,170.5984916,680.5015801,0.8,Burkes Pass,Sighting,GRA
12/01/2023,12:55:27,-44.1825035,170.514639,694.4452486,1.2,Burkes Pass,Sighting,GRA
14/01/2023,10:12:05,-44.15248874,170.3383458,745.8860102,0.6,Mt Mary,Sighting,SAG
14/01/2023,10:19:40,-43.97196768,170.2994194,732.3302785,2.4,Mt Mary,Sighting,SAG
14/01/2023,10:22:10,-44.00259796,170.311929,755.4110942,1.2,Mt Mary,Sighting,SAG
14/01/2023,10:38:00,-44.18832491,170.2871961,734.0685504,0.6,Mt Mary,Sighting,SAG
14/01/2023,10:42:34,-44.06462476,170.2084875,704.9946293,0.8,Mt Mary,Sighting,UNK
14/01/2023,11:16:49,-44.12669344,170.206387,674.8158955,1.2,Mt Mary,Sighting,SAG
14/01/2023,11:16:49,-44.03902223,170.3439469,674.8158955,1.2,Mt Mary,Sighting,SAG
14/01/2023,11:16:49,-44.12910675,170.3324929,674.8158955,1.2,Mt Mary,Sighting,SAG
14/01/2023,11:32:11,-44.05154606,170.3361838,687.1469885,1.2,Mt Mary,Sighting,SAG
14/01/2023,11:32:11,-44.08464726,170.2413546,687.1469885,1.2,Mt Mary,Sighting,SAG
14/01/2023,11:38:25,-43.96371232,170.3154476,680.4851875,1.2,Mt Mary,Sighting,SAG
14/01/2023,12:23:51,-44.09246235,170.1950407,710.0717398,1.2,Mt Mary,Sighting,SAG
14/01/2023,12:23:51,-44.0305539,170.3488322,710.0717398,1.2,Mt Mary,Sighting,SAG
14/01/2023,13:30:44,-44.10487725,170.3505894,680.800094,0.6,Mt Mary,Sighting,SAG
14/01/2023,13:37:11,-44.1946648,170.1712134,713.0212468,1.2,Mt Mary,Sighting,GRA
15/01/2023,15:40:15,-43.98801148,170.2057737,680.6369357,1.6,Mt Mary,Sighting,SAG
16/01/2023,11:20:15,-44.20994017,170.2043561,461.0758794,0.6,Pukaki River,Sighting,UNK
16/01/2023,13:35:26,-44.19643391,170.1142198,439.4276305,0.8,Pukaki River,Sighting,GRA
17/01/2023,8:53:12,-44.15579622,170.1127251,638.7342108,0.8,Pukaki Scientific Reserve,Sighting,SAG
17/01/2023,8:53:12,-44.08764563,170.0796293,638.7342108,0.8,Pukaki Scientific Reserve,Sighting,SAG
17/01/2023,9:02:31,-44.02913696,170.0391776,636.7076504,0.8,Pukaki Scientific Reserve,Sighting,SAG
17/01/2023,9:15:29,-44.06755508,170.1528525,633.4204846,0.6,Pukaki Scientific Reserve,Sighting,SAG
17/01/2023,9:15:29,-44.12537908,170.0664315,633.4204846,0.6,Pukaki Scientific Reserve,Sighting,SAG
17/01/2023,9:15:29,-44.0622193,170.1144845,633.4204846,0.6,Pukaki Scientific Reserve,Sighting,SAG
17/01/2023,9:15:29,-44.07130526,170.0457686,633.4204846,0.6,Pukaki Scientific Reserve,Sighting,SAG
17/01/2023,9:15:29,-44.15318129,170.1647922,633.4204846,0.6,Pukaki Scientific Reserve,Sighting,SAG
17/01/2023,9:15:29,-44.12529883,170.1514394,633.4204846,0.6,Pukaki Scientific Reserve,Sighting,SAG
17/01/2023,9:15:29,-44.15791877,170.0837124,633.4204846,0.6,Pukaki Scientific Reserve,Sighting,SAG
17/01/2023,9:15:29,-44.21976318,170.1284855,633.4204846,0.6,Pukaki Scientific Reserve,Sighting,SAG
17/01/2023,9:21:48,-44.12656049,170.1001182,629.92592,0.8,Pukaki Scientific Reserve,Sighting,SAG
17/01/2023,9:21:48,-44.04577881,170.1273953,629.92592,0.8,Pukaki Scientific Reserve,Sighting,SAG
17/01/2023,9:21:48,-44.16528742,170.1490775,629.92592,0.8,Pukaki Scientific Reserve,Sighting,SAG
17/01/2023,9:21:48,-44.05473954,170.1993699,629.92592,0.8,Pukaki Scientific Reserve,Sighting,SAG
17/01/2023,9:33:13,-44.01246947,170.1996712,645.0571433,1.2,Pukaki Scientific Reserve,Sighting,SAG
17/01/2023,9:33:13,-44.06185445,170.0536572,645.0571433,1.2,Pukaki Scientific Reserve,Sighting,SAG
17/01/2023,9:33:13,-44.24665315,170.0509947,645.0571433,1.2,Pukaki Scientific Reserve,Sighting,SAG
17/01/2023,9:33:13,-44.0575415,170.1790312,645.0571433,1.2,Pukaki Scientific Reserve,Sighting,SAG
17/01/2023,9:33:13,-44.24961459,170.1396936,645.0571433,1.2,Pukaki Scientific Reserve,Sighting,SAG
17/01/2023,10:01:33,-44.06645396,170.1007413,638.166793,0.8,Pukaki Scientific Reserve,Sighting,SAG
17/01/2023,10:01:33,-44.08307762,170.1629498,638.166793,0.8,Pukaki Scientific Reserve,Sighting,SAG
17/01/2023,10:01:33,-44.06853183,170.1837385,638.166793,0.8,Pukaki Scientific Reserve,Sighting,SAG
17/01/2023,10:35:08,-44.02949763,170.1260492,609.4936623,0.6,Pukaki Scientific Reserve,Sighting,SAG
17/01/2023,10:37:25,-44.20090408,170.0762987,669.8891382,1.6,Pukaki Scientific Reserve,Sighting,SAG
18/01/2023,8:59:45,-43.98366713,170.5007285,712.4273585,1.2,Upper Tekapo River,Sighting,UNK
18/01/2023,9:20:49,-44.02149786,170.5164612,702.5072717,1.2,Upper Tekapo River,Sighting,UNK
18/01/2023,9:32:55,-44.00313849,170.4867706,701.8784205,1.2,Upper Tekapo River,Sighting,GRA
18/01/2023,9:34:21,-44.12908075,170.4115523,712.3308652,4.8,Upper Tekapo River,Sighting,MCC
18/01/2023,9:43:35,-44.08362994,170.5125916,701.8441476,1.2,Upper Tekapo River,Sighting,MCC
18/01/2023,9:49:27,-43.9179261,170.4720202,693.1218751,1.6,Upper Tekapo River,Sighting,MCC
18/01/2023,9:49:27,-43.9624199,170.440081,693.1218751,1.6,Upper Tekapo River,Sighting,MCC
18/01/2023,9:56:27,-43.93496794,170.5238271,710.3798334,1.2,Upper Tekapo River,Sighting,MCC
18/01/2023,10:05:35,-43.99252031,170.4039465,725.6791627,1.2,Upper Tekapo River,Sighting,MCC
18/01/2023,10:20:38,-43.98567856,170.3983413,722.0930538,2.4,Upper Tekapo River,Sighting,MCC
18/01/2023,10:27:22,-43.95892421,170.4840027,704.237353,0.8,Upper Tekapo River,Sighting,MCC
18/01/2023,10:34:25,-44.0252811,170.5199034,714.7693399,1.2,Upper Tekapo River,Sighting,MCC
18/01/2023,10:34:54,-44.00515096,170.3769503,711.2399254,2.4,Upper Tekapo River,Sighting,MCC
18/01/2023,10:36:28,-44.083586,170.3744067,710.935917,1.6,Upper Tekapo River,Sighting,MCC
18/01/2023,10:37:46,-44.05676625,170.4348973,727.3125277,2.4,Upper Tekapo River,Sighting,MCC
18/01/2023,10:44:03,-44.13099721,170.5311164,709.3171088,1.2,Upper Tekapo River,Sighting,MCC
18/01/2023,10:50:22,-43.99652038,170.5012791,708.3142663,0.8,Upper Tekapo River,Sighting,SAG
18/01/2023,10:55:52,-44.08077795,170.4596101,688.3321154,1.6,Upper Tekapo River,Sighting,MAC
29/01/2023,10:38:29,-43.84130656,170.5983946,731.487809,1.2,Te Kahui Kaupeka,Sighting,MCC
29/01/2023,15:26:41,-43.82549538,170.5513349,699.4193367,1.2,Te Kahui Kaupeka,Sighting,GRA
3/02/2023,10:21:25,-44.00734779,170.2161644,675.3064725,0.6,Mt Mary,Sighting,SAG
3/02/2023,10:43:46,-44.08899326,170.310905,652.1113903,0.6,Mt Mary,Sighting,SAG
3/02/2023,10:57:16,-44.09264574,170.2172849,649.3167529,3.2,Mt Mary,Sighting,SAG
3/02/2023,11:57:08,-43.97997307,170.2109328,723.8411457,1.6,Mt Mary,Sighting,SAG
3/02/2023,12:01:24,-44.00413455,170.2120959,743.380368,0.8,Mt Mary,Sighting,SAG
3/02/2023,13:07:22,-44.21000565,170.2261841,731.5889924,0.8,Mt Mary,Sighting,MCC
4/02/2023,10:30:33,-44.11072436,170.193584,773.2670776,1.2,Mt Mary,Sighting,MCC
8/02/2023,12:15:10,-43.99421015,170.4254548,703.8775079,1.6,Tekapo River,Sighting,SAG
8/02/2023,13:15:59,-44.01943804,170.3796663,714.5570402,1.2,Tekapo River,Sighting,SAG
8/02/2023,12:31:05,-44.09998475,170.4420825,719.3000533,1.2,Tekapo River,Sighting,MCC
9/02/2023,14:04:10,-43.92027324,170.5289337,698.7247804,2.4,Tekapo River,Sighting,MCC
10/02/2023,10:04:38,-44.059707,170.4688242,696.476793,1.6,Tekapo River,Sighting,MCC
10/02/2023,10:16:50,-43.90767753,170.3989071,706.6967408,0.6,Tekapo River,Sighting,MCC
10/02/2023,10:40:14,-43.99880234,170.5067273,700.8862756,0.4,Tekapo River,Sighting,MCC
10/02/2023,11:17:18,-44.00360152,170.3616662,715.5659661,0.8,Tekapo River,Sighting,MAC
10/02/2023,11:25:09,-44.13762637,170.4009305,712.3033671,0.8,Tekapo River,Sighting,MAC
10/02/2023,12:21:23,-43.95105643,170.3838474,712.1762908,0.4,Tekapo River,Sighting,MCC
10/02/2023,12:42:17,-44.13654171,170.5172822,705.9496889,0.6,Tekapo River,Sighting,SAG
11/02/2023,11:55:45,-43.93217282,170.4010361,711.3910045,0.6,Tekapo River,Sighting,MCC
11/02/2023,12:07:46,-44.09928018,170.4731858,709.0683433,0.4,Tekapo River,Sighting,MCC
11/02/2023,12:11:26,-44.15188795,170.4532783,711.7760639,0.4,Tekapo River,Sighting,MCC
11/02/2023,12:14:26,-43.96393905,170.3892847,713.2141406,0.4,Tekapo River,Sighting,MCC
11/02/2023,12:54:20,-43.95843383,170.4228061,706.6847573,0.6,Tekapo River,Sighting,MCC
11/02/2023,12:58:31,-43.98593274,170.364067,707.2459857,1.6,Tekapo River,Sighting,MCC
12/02/2023,13:46:01,-43.9709312,170.4145813,720.7381593,1.6,Tekapo River,Sighting,MCC
12/02/2023,13:58:42,-43.9053771,170.4289574,711.6716592,3.2,Tekapo River,Sighting,SAG
12/02/2023,14:15:36,-43.93335622,170.4188449,699.6703031,3.2,Tekapo River,Sighting,SAG
17/02/2023,10:30:22,-43.79170112,170.2027879,631.1953145,3.2,Birch Hill,Sighting,SAG
17/02/2023,11:23:08,-43.67581408,170.0471301,627.5543935,0.3,Birch Hill,Sighting,SAG
17/02/2023,10:15:59,-43.7261699,170.1858542,642.957881,2.4,Birch Hill,Sighting,SAG
17/02/2023,10:11:01,-43.7637862,170.1975526,726.1664409,0.8,Birch Hill,Sighting,SAG
17/02/2023,11:55:07,-43.80921784,170.1929836,625.5582333,1.2,Birch Hill,Sighting,SAG
17/02/2023,12:08:26,-43.91370418,170.0684668,618.4432251,0.8,Birch Hill,Sighting,SAG
17/02/2023,12:33:11,-43.67940744,170.1985533,618.4504072,1.6,Birch Hill,Sighting,SAG
17/02/2023,12:35:52,-43.92099244,170.0401286,622.5053719,1.2,Birch Hill,Sighting,SAG
